Gender,Rating Value,mainaccord1,mainaccord2,mainaccord3
unisex,1.42,rose,woody,fruity
women,1.86,citrus,white floral,sweet
unisex,1.91,citrus,white floral,sweet
men,1.92,fruity,nutty,woody
men,1.93,aromatic,warm spicy,fresh spicy
men,1.95,citrus,white floral,sweet
men,1.95,white floral,citrus,fresh
men,2.05,woody,amber,citrus
women,2.12,citrus,fruity,floral
women,2.41,powdery,musky,violet
men,2.53,citrus,white floral,fresh spicy
unisex,2.62,leather,warm spicy,rose
women,2.64,fruity,tropical,sweet
women,2.65,fruity,woody,sweet
unisex,2.66,citrus,oud,fruity
men,2.68,green,fresh spicy,aromatic
unisex,2.68,rubber,mineral,paper
women,2.69,woody,white floral,fruity
women,2.71,floral,powdery,citrus
men,2.71,ozonic,aquatic,lavender
men,2.72,leather,fresh spicy,warm spicy
unisex,2.74,aromatic,fresh spicy,woody
women,2.75,citrus,white floral,musky
unisex,2.81,woody,vanilla,amber
unisex,2.81,citrus,white floral,woody
unisex,2.82,vinyl,mineral,metallic
unisex,2.82,musky,warm spicy,animalic
women,2.83,yellow floral,powdery,floral
men,2.83,fruity,mossy,woody
men,2.84,leather,woody,aromatic
unisex,2.85,earthy,woody,powdery
men,2.86,aromatic,woody,aquatic
unisex,2.86,white floral,citrus,woody
women,2.88,ozonic,aldehydic,fresh
unisex,2.89,citrus,green,white floral
men,2.9,woody,warm spicy,powdery
unisex,2.91,rose,fresh spicy,oud
women,2.92,warm spicy,citrus,woody
unisex,2.92,fruity,oud,woody
unisex,2.93,fresh spicy,aromatic,fruity
women,2.93,floral,powdery,fresh
unisex,2.93,fresh,green,floral
unisex,2.93,warm spicy,citrus,aromatic
women,2.93,floral,fresh,white floral
unisex,2.94,woody,smoky,leather
unisex,2.94,woody,warm spicy,earthy
men,2.95,citrus,warm spicy,cinnamon
women,2.95,sweet,powdery,fruity
unisex,2.96,amber,aldehydic,fresh
women,2.96,white floral,green,musky
unisex,2.96,white floral,green,fresh
unisex,2.96,fruity,almond,floral
women,2.96,green,citrus,floral
women,2.97,fruity,sweet,caramel
women,2.97,white floral,floral,fruity
women,2.97,vanilla,floral,rose
unisex,2.97,fruity,fresh spicy,aromatic
unisex,2.97,woody,musky,amber
unisex,2.97,yellow floral,sweet,woody
women,2.98,white floral,fresh,floral
women,2.99,rose,fruity,tropical
unisex,2.99,aromatic,woody,fresh spicy
women,2.99,floral,green,citrus
women,2.99,floral,fruity,amber
women,3.0,fruity,sweet,fresh
women,3.0,white floral,tuberose,almond
unisex,3.0,citrus,white floral,woody
women,3.0,woody,rum,warm spicy
women,3.0,citrus,aquatic,ozonic
men,3.01,aromatic,woody,fresh spicy
women,3.01,white floral,musky,amber
unisex,3.02,white floral,fruity,green
women,3.02,green,aromatic,yellow floral
unisex,3.02,sweet,fruity,musky
unisex,3.02,fruity,sweet,warm spicy
women,3.03,fruity,warm spicy,fresh
men,3.03,aromatic,fresh spicy,citrus
unisex,3.03,woody,green,aromatic
unisex,3.03,woody,powdery,vanilla
men,3.04,citrus,aromatic,woody
women,3.04,citrus,woody,musky
women,3.04,fruity,musky,floral
women,3.05,tropical,floral,fruity
men,3.05,aromatic,woody,fresh spicy
unisex,3.06,white floral,amber,animalic
unisex,3.06,white floral,citrus,lavender
women,3.07,citrus,green,musky
women,3.07,white floral,powdery,anis
women,3.07,amber,white floral,floral
women,3.07,sweet,fruity,caramel
unisex,3.07,sweet,amber,anis
unisex,3.07,leather,animalic,amber
unisex,3.07,amber,warm spicy,smoky
unisex,3.08,green,vanilla,woody
women,3.08,rose,floral,
women,3.08,citrus,white floral,musky
women,3.08,green,fresh,ozonic
unisex,3.08,lavender,citrus,woody
women,3.08,citrus,fruity,fresh
unisex,3.08,woody,oud,aromatic
men,3.09,aromatic,woody,fresh spicy
unisex,3.09,ozonic,aquatic,woody
women,3.09,vanilla,lactonic,woody
women,3.09,earthy,rose,woody
unisex,3.09,warm spicy,citrus,woody
men,3.09,woody,aromatic,warm spicy
women,3.09,powdery,yellow floral,sweet
unisex,3.09,woody,green,honey
unisex,3.09,musky,caramel,sweet
unisex,3.1,floral,musky,fresh
women,3.1,white floral,fresh,fruity
women,3.1,fruity,citrus,sweet
unisex,3.1,green,marine,aromatic
men,3.1,aromatic,fresh spicy,lavender
unisex,3.11,woody,musky,amber
women,3.11,musky,powdery,floral
men,3.11,citrus,earthy,woody
unisex,3.11,vanilla,almond,sweet
women,3.11,white floral,woody,tuberose
women,3.11,sweet,fruity,honey
unisex,3.11,ozonic,marine,aquatic
women,3.11,fruity,woody,floral
unisex,3.11,rose,patchouli,warm spicy
women,3.11,fruity,sweet,
unisex,3.11,almond,vanilla,caramel
women,3.12,violet,white floral,powdery
women,3.12,fruity,powdery,woody
women,3.12,floral,fruity,rose
unisex,3.12,white floral,woody,aromatic
women,3.12,white floral,tuberose,floral
women,3.12,fruity,rose,white floral
unisex,3.12,fruity,iris,sweet
men,3.12,aromatic,woody,fresh spicy
women,3.12,fruity,citrus,sweet
unisex,3.12,woody,oud,earthy
women,3.13,powdery,floral,citrus
unisex,3.13,citrus,white floral,aquatic
unisex,3.13,woody,fresh spicy,musky
women,3.13,vanilla,warm spicy,amber
women,3.13,fruity,tropical,sweet
women,3.13,yellow floral,green,vanilla
women,3.14,white floral,aldehydic,powdery
unisex,3.14,musky,aromatic,floral
women,3.14,fruity,citrus,sweet
unisex,3.14,citrus,aromatic,fresh spicy
unisex,3.14,ozonic,earthy,amber
women,3.14,fruity,rose,sweet
unisex,3.14,musky,amber,woody
women,3.14,fruity,floral,powdery
unisex,3.14,rose,white floral,fresh spicy
women,3.15,floral,fruity,rose
unisex,3.15,aromatic,fresh spicy,green
women,3.15,citrus,floral,aromatic
men,3.15,aromatic,herbal,soft spicy
women,3.16,violet,citrus,powdery
women,3.16,white floral,sweet,fruity
unisex,3.16,woody,musky,powdery
women,3.16,rose,warm spicy,amber
women,3.16,floral,warm spicy,citrus
women,3.16,white floral,vanilla,green
women,3.16,fruity,sweet,floral
unisex,3.16,aromatic,woody,fresh spicy
unisex,3.16,citrus,aromatic,warm spicy
women,3.16,green,fruity,fresh
unisex,3.16,iris,powdery,fruity
men,3.17,woody,fruity,mossy
unisex,3.17,aromatic,floral,rose
women,3.17,cherry,sweet,lactonic
unisex,3.17,citrus,woody,warm spicy
women,3.17,citrus,white floral,woody
unisex,3.17,citrus,amber,woody
unisex,3.18,musky,powdery,
men,3.18,green,citrus,aromatic
unisex,3.18,citrus,musky,white floral
women,3.18,citrus,tuberose,floral
women,3.18,aquatic,ozonic,marine
men,3.18,aromatic,warm spicy,woody
women,3.18,floral,fruity,rose
women,3.18,woody,amber,whiskey
women,3.18,woody,caramel,iris
unisex,3.18,sweet,woody,vanilla
women,3.19,aldehydic,musky,fresh
unisex,3.19,woody,floral,powdery
unisex,3.19,musky,amber,animalic
women,3.19,aromatic,fresh spicy,citrus
women,3.19,fruity,musky,lactonic
women,3.19,citrus,mossy,fresh spicy
women,3.19,fruity,white floral,woody
women,3.19,ozonic,aquatic,yellow floral
men,3.19,animalic,musky,
women,3.2,citrus,woody,floral
women,3.2,citrus,woody,aromatic
unisex,3.2,citrus,warm spicy,woody
women,3.2,almond,nutty,rose
women,3.2,fresh,floral,aquatic
unisex,3.2,woody,leather,warm spicy
women,3.2,woody,powdery,fruity
women,3.2,sweet,woody,powdery
men,3.21,woody,amber,musky
women,3.21,white floral,amber,tuberose
unisex,3.21,aromatic,fresh spicy,woody
women,3.21,fresh,floral,green
unisex,3.21,woody,sweet,warm spicy
women,3.21,citrus,ozonic,patchouli
unisex,3.21,rose,floral,powdery
unisex,3.21,fruity,fresh,woody
unisex,3.21,fruity,sweet,musky
women,3.21,fresh spicy,citrus,rose
unisex,3.21,white floral,tuberose,sweet
unisex,3.22,aromatic,white floral,woody
men,3.22,lavender,vanilla,aromatic
women,3.22,fruity,powdery,sweet
women,3.22,white floral,musky,citrus
men,3.22,citrus,woody,fresh spicy
women,3.22,woody,citrus,fruity
women,3.22,green,aromatic,woody
women,3.22,citrus,woody,fruity
women,3.22,powdery,woody,warm spicy
women,3.22,floral,amber,musky
women,3.22,citrus,white floral,woody
men,3.22,aromatic,marine,amber
unisex,3.22,citrus,powdery,violet
women,3.22,citrus,fresh,white floral
unisex,3.22,citrus,fruity,fresh spicy
women,3.23,citrus,fruity,floral
unisex,3.23,powdery,woody,fruity
women,3.23,warm spicy,woody,citrus
women,3.23,floral,citrus,woody
women,3.23,floral,white floral,fresh
women,3.23,white floral,aquatic,fruity
unisex,3.23,woody,amber,warm spicy
men,3.23,white floral,citrus,fruity
unisex,3.23,vanilla,oud,rose
unisex,3.23,woody,amber,leather
women,3.23,citrus,aromatic,fresh spicy
women,3.23,floral,woody,fresh
unisex,3.23,citrus,floral,sweet
men,3.23,aromatic,fresh spicy,citrus
men,3.23,aromatic,warm spicy,woody
unisex,3.23,warm spicy,sweet,violet
unisex,3.23,oud,warm spicy,woody
unisex,3.23,marine,amber,tobacco
women,3.23,fruity,citrus,sweet
men,3.24,aromatic,woody,citrus
women,3.24,white floral,citrus,aromatic
unisex,3.24,citrus,musky,fresh
unisex,3.24,aromatic,mineral,rose
women,3.24,warm spicy,rose,amber
women,3.24,woody,white floral,musky
men,3.24,aromatic,green,vanilla
women,3.24,fruity,white floral,powdery
unisex,3.24,green,fresh,fruity
women,3.24,citrus,floral,fresh spicy
unisex,3.24,fruity,oud,patchouli
women,3.24,woody,citrus,white floral
men,3.24,citrus,aromatic,woody
unisex,3.24,musky,powdery,woody
women,3.24,floral,woody,fresh
unisex,3.24,woody,aromatic,fresh spicy
men,3.24,woody,fruity,citrus
women,3.24,woody,animalic,white floral
women,3.25,floral,woody,fruity
women,3.25,green,aromatic,lavender
women,3.25,white floral,musky,soft spicy
men,3.25,aromatic,citrus,lavender
unisex,3.25,warm spicy,citrus,vanilla
unisex,3.25,musky,citrus,sweet
unisex,3.25,tropical,sweet,fruity
women,3.25,fruity,musky,fresh
men,3.25,warm spicy,powdery,aromatic
men,3.25,citrus,fresh spicy,fruity
men,3.25,woody,aromatic,green
unisex,3.25,fresh spicy,amber,metallic
unisex,3.25,citrus,fresh spicy,aromatic
unisex,3.25,fruity,oud,woody
women,3.25,musky,yellow floral,citrus
women,3.25,white floral,floral,musky
women,3.25,floral,rose,fresh
unisex,3.25,warm spicy,sweet,cacao
women,3.25,white floral,floral,fresh
unisex,3.25,woody,tobacco,amber
unisex,3.26,musky,aromatic,fresh spicy
unisex,3.26,fruity,sweet,green
unisex,3.26,sweet,powdery,
men,3.26,aquatic,woody,aromatic
men,3.26,aromatic,citrus,woody
women,3.26,musky,woody,floral
women,3.26,woody,warm spicy,amber
men,3.26,aromatic,fresh spicy,green
women,3.26,fruity,musky,fresh
women,3.26,fruity,sweet,ozonic
unisex,3.26,citrus,white floral,vanilla
women,3.26,floral,fresh,white floral
unisex,3.26,fresh spicy,aromatic,woody
women,3.26,powdery,rose,woody
unisex,3.26,fruity,sweet,tropical
unisex,3.26,aromatic,marine,woody
men,3.26,citrus,fresh spicy,aromatic
women,3.26,citrus,fresh spicy,coffee
women,3.26,citrus,fresh,white floral
women,3.27,fruity,citrus,white floral
women,3.27,green,floral,white floral
women,3.27,citrus,aromatic,fresh spicy
women,3.27,lavender,aromatic,vanilla
unisex,3.27,warm spicy,fresh spicy,oud
unisex,3.27,floral,citrus,fresh
unisex,3.27,white floral,citrus,musky
men,3.27,aromatic,green,fresh
women,3.27,fruity,sweet,fresh
women,3.27,green,woody,aromatic
women,3.27,fruity,white floral,citrus
women,3.27,fruity,rose,citrus
women,3.27,sweet,almond,cherry
men,3.27,woody,fruity,sweet
women,3.27,floral,aromatic,marine
women,3.27,powdery,floral,white floral
unisex,3.27,citrus,aromatic,woody
women,3.27,woody,floral,fresh
unisex,3.27,fruity,citrus,musky
unisex,3.27,oud,woody,smoky
men,3.27,leather,oud,warm spicy
unisex,3.27,amber,musky,woody
men,3.27,citrus,fresh spicy,sweet
women,3.27,aldehydic,fresh,white floral
men,3.28,woody,aromatic,iris
women,3.28,fruity,sweet,tropical
women,3.28,amber,woody,balsamic
unisex,3.28,metallic,warm spicy,aromatic
men,3.28,aromatic,fresh spicy,citrus
women,3.28,citrus,green,woody
women,3.28,citrus,vanilla,powdery
unisex,3.28,cherry,woody,warm spicy
women,3.28,warm spicy,tuberose,yellow floral
women,3.28,vanilla,citrus,rose
women,3.29,citrus,fresh spicy,aromatic
women,3.29,floral,fruity,fresh
unisex,3.29,leather,oud,fresh spicy
men,3.29,aromatic,lavender,fresh spicy
women,3.29,floral,musky,powdery
women,3.29,white floral,fruity,woody
women,3.29,floral,white floral,fresh
women,3.29,citrus,green,aromatic
women,3.29,fruity,sweet,woody
women,3.29,green,floral,fruity
unisex,3.29,aromatic,woody,warm spicy
unisex,3.29,white floral,fruity,tuberose
women,3.29,floral,fresh,white floral
women,3.29,aromatic,citrus,woody
men,3.29,amber,woody,warm spicy
unisex,3.29,marine,violet,salty
women,3.29,fruity,floral,musky
women,3.29,fruity,sweet,white floral
men,3.29,musky,citrus,sweet
men,3.3,aromatic,fresh spicy,soft spicy
women,3.3,green,white floral,musky
men,3.3,aquatic,green,fresh
women,3.3,floral,white floral,sweet
men,3.3,woody,aromatic,citrus
unisex,3.3,white floral,sweet,fruity
women,3.3,fruity,woody,patchouli
women,3.3,sweet,citrus,vanilla
women,3.3,white floral,woody,tuberose
women,3.3,aquatic,fresh,citrus
unisex,3.3,green,citrus,fresh spicy
women,3.3,white floral,citrus,lactonic
unisex,3.3,leather,animalic,citrus
women,3.3,powdery,floral,citrus
men,3.3,fresh spicy,vanilla,aromatic
women,3.3,fruity,fresh,woody
women,3.3,citrus,white floral,woody
women,3.3,sweet,fruity,cherry
women,3.3,citrus,green,fresh spicy
unisex,3.3,woody,aromatic,aquatic
men,3.3,aromatic,woody,fresh spicy
women,3.3,citrus,amber,warm spicy
unisex,3.3,sweet,fruity,floral
unisex,3.3,fruity,woody,musky
men,3.3,aromatic,fresh spicy,citrus
unisex,3.3,amber,metallic,honey
women,3.3,white floral,woody,vanilla
women,3.3,rose,sweet,fruity
unisex,3.31,amber,sweet,woody
women,3.31,floral,sweet,fruity
women,3.31,white floral,fresh,fruity
women,3.31,rose,citrus,musky
unisex,3.31,aromatic,woody,fresh spicy
men,3.31,aromatic,woody,fresh spicy
women,3.31,fruity,white floral,sweet
women,3.31,woody,warm spicy,floral
men,3.31,aromatic,aquatic,citrus
women,3.31,lactonic,metallic,coconut
women,3.31,sweet,fruity,citrus
women,3.31,white floral,floral,fresh
women,3.31,woody,fruity,white floral
women,3.31,fruity,fresh,floral
women,3.31,floral,aromatic,aquatic
unisex,3.31,leather,woody,green
women,3.31,yellow floral,white floral,floral
men,3.31,woody,warm spicy,aromatic
women,3.31,woody,patchouli,floral
unisex,3.31,woody,leather,earthy
women,3.31,fruity,sweet,citrus
women,3.31,fruity,fresh,ozonic
women,3.31,powdery,woody,sweet
men,3.31,aromatic,fresh spicy,woody
women,3.31,fresh spicy,aromatic,woody
women,3.31,fresh spicy,aromatic,woody
unisex,3.31,coffee,warm spicy,sweet
women,3.31,woody,floral,powdery
unisex,3.32,woody,aldehydic,aromatic
women,3.32,citrus,woody,floral
men,3.32,musky,woody,aromatic
women,3.32,sweet,fruity,vanilla
women,3.32,floral,rose,citrus
women,3.32,floral,white floral,citrus
women,3.32,citrus,aromatic,fresh spicy
women,3.32,white floral,aromatic,woody
women,3.32,fruity,white floral,green
women,3.32,green,white floral,fresh
unisex,3.32,rose,fruity,aromatic
women,3.32,powdery,woody,floral
unisex,3.32,sweet,vanilla,rose
women,3.32,white floral,floral,sweet
unisex,3.32,almond,floral,amber
men,3.32,warm spicy,amber,smoky
women,3.32,fruity,green,floral
women,3.32,floral,fresh,fruity
women,3.32,citrus,white floral,woody
unisex,3.32,tuberose,animalic,woody
men,3.32,aromatic,marine,fresh spicy
unisex,3.32,green,aromatic,fresh spicy
unisex,3.32,oud,woody,vanilla
women,3.33,caramel,fruity,fresh
men,3.33,ozonic,fresh spicy,aromatic
women,3.33,musky,powdery,amber
unisex,3.33,woody,fresh,rose
unisex,3.33,fruity,white floral,sweet
women,3.33,floral,fruity,woody
women,3.33,sweet,almond,vanilla
women,3.33,fruity,sweet,white floral
men,3.33,warm spicy,coffee,citrus
women,3.33,green,aquatic,marine
women,3.33,fruity,sweet,floral
women,3.33,floral,marine,aquatic
women,3.33,fruity,sweet,floral
women,3.33,floral,fresh,citrus
women,3.33,woody,citrus,fresh spicy
men,3.33,aromatic,lavender,woody
women,3.33,woody,sweet,powdery
women,3.33,citrus,tropical,fruity
men,3.33,citrus,fresh spicy,aromatic
unisex,3.33,rose,amber,warm spicy
men,3.33,marine,fresh spicy,aromatic
women,3.34,citrus,floral,fruity
women,3.34,floral,fresh,musky
women,3.34,fruity,sweet,powdery
women,3.34,white floral,fresh,citrus
men,3.34,amber,musky,powdery
women,3.34,fruity,savory,ozonic
unisex,3.34,floral,tropical,ozonic
women,3.34,rose,aromatic,floral
unisex,3.34,fruity,green,sweet
unisex,3.34,smoky,woody,ozonic
women,3.34,floral,rose,fruity
unisex,3.34,woody,rose,vanilla
women,3.34,floral,green,
women,3.34,almond,fruity,sweet
men,3.34,citrus,woody,aromatic
women,3.34,fresh,fruity,citrus
unisex,3.34,rose,woody,fruity
women,3.34,floral,white floral,citrus
women,3.34,citrus,fresh spicy,sweet
unisex,3.34,floral,fruity,rose
unisex,3.34,powdery,citrus,fruity
unisex,3.35,citrus,sweet,fruity
women,3.35,white floral,citrus,woody
men,3.35,fresh spicy,aromatic,warm spicy
women,3.35,aldehydic,rose,floral
unisex,3.35,oud,aromatic,amber
unisex,3.35,woody,fresh spicy,warm spicy
unisex,3.35,amber,balsamic,animalic
women,3.35,rose,floral,musky
men,3.35,citrus,aromatic,green
women,3.35,fresh,floral,green
women,3.35,citrus,white floral,woody
women,3.35,white floral,woody,fruity
men,3.35,citrus,aromatic,warm spicy
women,3.35,fruity,rose,sweet
women,3.35,fruity,floral,white floral
men,3.35,woody,citrus,green
women,3.35,sweet,white floral,floral
women,3.35,citrus,sweet,vanilla
women,3.35,sweet,vanilla,musky
women,3.35,floral,anis,soft spicy
women,3.35,fruity,sweet,cherry
men,3.35,woody,green,amber
unisex,3.35,white floral,coffee,citrus
women,3.36,fruity,tropical,white floral
men,3.36,citrus,white floral,woody
women,3.36,coconut,floral,lavender
women,3.36,floral,green,fruity
women,3.36,vanilla,musky,white floral
unisex,3.36,woody,fresh spicy,aromatic
women,3.36,citrus,white floral,musky
women,3.36,citrus,patchouli,woody
women,3.36,floral,aquatic,marine
women,3.36,iris,citrus,powdery
women,3.36,woody,powdery,citrus
unisex,3.36,rose,warm spicy,oud
unisex,3.36,warm spicy,citrus,woody
women,3.36,fruity,sweet,woody
women,3.36,fruity,green,white floral
men,3.36,marine,fresh,aromatic
women,3.36,citrus,marine,aromatic
women,3.36,powdery,vanilla,iris
unisex,3.36,fresh spicy,aromatic,green
women,3.36,fruity,sweet,fresh
men,3.36,citrus,fresh spicy,aromatic
men,3.36,citrus,amber,aromatic
women,3.37,green,powdery,floral
women,3.37,white floral,citrus,woody
women,3.37,sweet,citrus,fruity
women,3.37,floral,fruity,sweet
men,3.37,woody,aromatic,fresh spicy
unisex,3.37,woody,fruity,musky
unisex,3.37,woody,aromatic,citrus
unisex,3.37,aromatic,fresh spicy,musky
men,3.37,green,aromatic,fresh spicy
unisex,3.37,warm spicy,citrus,woody
women,3.37,rose,patchouli,woody
unisex,3.37,soft spicy,fresh,floral
women,3.37,white floral,aromatic,green
women,3.37,floral,aldehydic,fresh
women,3.37,floral,fruity,rose
women,3.37,fruity,musky,fresh
unisex,3.37,white floral,green,aromatic
unisex,3.37,woody,aromatic,conifer
unisex,3.37,patchouli,warm spicy,woody
unisex,3.37,sweet,citrus,vanilla
women,3.37,white floral,sweet,yellow floral
women,3.37,sweet,patchouli,caramel
men,3.37,woody,aromatic,fresh spicy
women,3.37,citrus,fresh spicy,green
women,3.37,floral,fresh,citrus
men,3.37,fresh spicy,amber,lavender
unisex,3.37,citrus,fresh spicy,aromatic
men,3.37,lavender,ozonic,aquatic
unisex,3.37,fresh,citrus,fruity
unisex,3.37,citrus,white floral,yellow floral
unisex,3.37,woody,powdery,fruity
unisex,3.37,citrus,powdery,musky
women,3.37,white floral,aromatic,green
women,3.38,woody,earthy,rose
unisex,3.38,citrus,sweet,
men,3.38,fresh spicy,aromatic,woody
women,3.38,citrus,woody,powdery
women,3.38,citrus,aromatic,fresh spicy
unisex,3.38,amber,white floral,citrus
women,3.38,amber,floral,vanilla
women,3.38,fruity,sweet,fresh
unisex,3.38,woody,animalic,floral
men,3.38,musky,soft spicy,fruity
women,3.38,fresh,green,white floral
women,3.38,citrus,vanilla,musky
women,3.38,floral,fresh,musky
women,3.38,floral,tropical,vanilla
men,3.38,citrus,fresh spicy,soft spicy
women,3.38,floral,fruity,amber
men,3.38,fresh spicy,aromatic,warm spicy
men,3.38,fresh spicy,aromatic,amber
unisex,3.38,warm spicy,woody,coffee
women,3.38,citrus,floral,fresh spicy
unisex,3.38,woody,oud,leather
women,3.38,amber,citrus,fresh spicy
men,3.38,citrus,aromatic,fresh spicy
men,3.38,woody,patchouli,warm spicy
women,3.38,white floral,fruity,floral
unisex,3.38,aromatic,woody,fresh spicy
women,3.38,warm spicy,vanilla,aromatic
unisex,3.38,leather,almond,amber
women,3.38,aromatic,soft spicy,musky
men,3.38,warm spicy,citrus,woody
women,3.38,powdery,woody,vanilla
men,3.38,aromatic,vanilla,powdery
unisex,3.38,citrus,white floral,fresh spicy
unisex,3.38,vanilla,sweet,musky
women,3.38,white floral,fruity,musky
unisex,3.38,ozonic,green,fresh spicy
women,3.38,rose,floral,animalic
unisex,3.38,aromatic,fresh spicy,woody
men,3.38,woody,warm spicy,citrus
unisex,3.38,warm spicy,rose,metallic
unisex,3.38,woody,warm spicy,smoky
unisex,3.38,fruity,floral,sweet
women,3.38,powdery,yellow floral,woody
unisex,3.38,white floral,powdery,woody
men,3.39,citrus,sweet,woody
women,3.39,fruity,patchouli,sweet
women,3.39,floral,white floral,musky
women,3.39,warm spicy,green,aromatic
unisex,3.39,amber,fresh spicy,woody
unisex,3.39,white floral,fruity,sweet
women,3.39,fruity,amber,sweet
men,3.39,woody,citrus,aromatic
women,3.39,white floral,citrus,rose
women,3.39,sweet,vanilla,white floral
women,3.39,fruity,sweet,fresh
unisex,3.39,citrus,fresh spicy,metallic
unisex,3.39,fruity,sweet,musky
women,3.39,sand,floral,amber
men,3.39,woody,citrus,green
women,3.39,fruity,vanilla,rose
women,3.39,fresh,floral,rose
women,3.39,ozonic,aquatic,fruity
women,3.39,musky,powdery,woody
women,3.39,powdery,fruity,vanilla
women,3.39,rose,woody,powdery
women,3.39,green,white floral,floral
unisex,3.39,citrus,aromatic,fresh spicy
unisex,3.39,amber,musky,warm spicy
women,3.39,floral,white floral,fresh
unisex,3.39,vanilla,woody,fruity
unisex,3.39,fresh spicy,citrus,woody
women,3.39,white floral,aquatic,woody
women,3.39,floral,fresh,powdery
unisex,3.39,woody,rose,earthy
women,3.39,musky,floral,powdery
women,3.39,sweet,fruity,lactonic
unisex,3.39,fruity,fresh,rose
women,3.4,rose,floral,warm spicy
men,3.4,aromatic,fresh spicy,citrus
men,3.4,citrus,fresh spicy,aromatic
unisex,3.4,powdery,musky,rose
women,3.4,citrus,woody,rose
women,3.4,fruity,rose,patchouli
women,3.4,woody,amber,warm spicy
women,3.4,fruity,musky,rose
men,3.4,aromatic,fresh spicy,warm spicy
men,3.4,powdery,musky,amber
unisex,3.4,fresh,white floral,citrus
unisex,3.4,floral,white floral,fruity
men,3.4,woody,aromatic,citrus
women,3.4,fruity,green,woody
women,3.4,aromatic,powdery,violet
men,3.4,green,aromatic,woody
unisex,3.4,ozonic,aquatic,woody
women,3.4,fruity,floral,fresh
women,3.4,floral,rose,fresh
women,3.4,citrus,floral,white floral
unisex,3.4,woody,aromatic,fresh spicy
unisex,3.4,powdery,musky,floral
unisex,3.4,aromatic,fresh spicy,citrus
men,3.4,aromatic,fresh spicy,woody
women,3.4,rose,patchouli,fruity
women,3.4,floral,aromatic,powdery
men,3.4,fresh spicy,aromatic,aquatic
men,3.4,fruity,mossy,fresh spicy
women,3.4,citrus,musky,fresh
women,3.41,floral,citrus,fruity
women,3.41,sweet,fruity,chocolate
women,3.41,rose,floral,
women,3.41,white floral,woody,powdery
unisex,3.41,woody,amber,musky
women,3.41,floral,powdery,green
unisex,3.41,green,aromatic,fresh spicy
unisex,3.41,floral,white floral,woody
unisex,3.41,citrus,green,white floral
men,3.41,fresh spicy,citrus,aromatic
men,3.41,vanilla,warm spicy,powdery
women,3.41,floral,fresh,rose
unisex,3.41,fruity,sweet,fresh
women,3.41,floral,aquatic,fresh
women,3.41,fruity,sweet,powdery
women,3.41,floral,tropical,citrus
unisex,3.41,woody,warm spicy,aromatic
women,3.41,sweet,fruity,mineral
women,3.41,white floral,citrus,woody
unisex,3.41,warm spicy,fresh spicy,woody
unisex,3.41,amber,citrus,patchouli
women,3.41,woody,sweet,fruity
women,3.41,floral,fruity,citrus
unisex,3.41,fresh spicy,warm spicy,woody
women,3.41,floral,white floral,fresh
women,3.41,floral,rose,woody
unisex,3.41,marine,aromatic,amber
men,3.41,warm spicy,floral,woody
unisex,3.41,rose,soft spicy,floral
women,3.41,citrus,floral,rose
unisex,3.41,woody,warm spicy,aromatic
unisex,3.41,warm spicy,rose,amber
unisex,3.41,citrus,aromatic,woody
men,3.41,aromatic,lavender,lactonic
men,3.41,citrus,aromatic,fresh spicy
women,3.41,ozonic,aquatic,white floral
unisex,3.41,anis,musky,soft spicy
women,3.41,fruity,woody,amber
women,3.41,floral,powdery,fruity
unisex,3.41,vanilla,amber,white floral
men,3.42,aromatic,fresh spicy,herbal
women,3.42,fruity,fresh,powdery
women,3.42,floral,tropical,fruity
women,3.42,floral,fruity,citrus
unisex,3.42,woody,nutty,warm spicy
unisex,3.42,floral,white floral,green
unisex,3.42,powdery,iris,musky
women,3.42,fruity,powdery,woody
unisex,3.42,rose,fruity,aromatic
women,3.42,citrus,floral,fruity
women,3.42,white floral,woody,vanilla
women,3.42,sweet,vanilla,fruity
unisex,3.42,musky,woody,leather
men,3.42,aromatic,fresh spicy,citrus
unisex,3.42,aromatic,woody,fresh spicy
women,3.42,citrus,fruity,tropical
women,3.42,fruity,citrus,fresh
women,3.42,fruity,sweet,soft spicy
women,3.42,fruity,white floral,floral
women,3.42,sweet,fruity,vanilla
women,3.42,powdery,fruity,woody
women,3.42,citrus,green,powdery
women,3.42,rose,sweet,fruity
unisex,3.42,white floral,floral,powdery
men,3.42,woody,powdery,floral
men,3.42,warm spicy,cinnamon,powdery
women,3.42,rose,floral,fruity
unisex,3.42,citrus,vanilla,woody
women,3.42,yellow floral,honey,beeswax
unisex,3.42,citrus,woody,aromatic
unisex,3.42,woody,rum,tobacco
unisex,3.42,rose,sweet,woody
unisex,3.42,musky,woody,powdery
women,3.42,woody,floral,white floral
unisex,3.42,woody,aromatic,smoky
women,3.42,floral,powdery,white floral
women,3.42,cherry,floral,sweet
unisex,3.42,aromatic,leather,smoky
women,3.42,aromatic,citrus,woody
women,3.42,fruity,sweet,tropical
women,3.42,floral,white floral,tropical
women,3.42,vanilla,sweet,powdery
women,3.42,white floral,tropical,citrus
women,3.42,fruity,rose,champagne
women,3.42,floral,citrus,woody
women,3.43,citrus,floral,green
women,3.43,fruity,sweet,rose
women,3.43,marine,aromatic,musky
women,3.43,powdery,aldehydic,floral
unisex,3.43,floral,fresh,rose
unisex,3.43,marine,floral,salty
women,3.43,floral,fresh,ozonic
unisex,3.43,citrus,woody,marine
unisex,3.43,woody,fruity,musky
men,3.43,warm spicy,coffee,floral
women,3.43,fruity,sweet,vanilla
women,3.43,woody,green,aldehydic
men,3.43,leather,warm spicy,aromatic
unisex,3.43,floral,musky,fresh
unisex,3.43,woody,amber,musky
women,3.43,citrus,woody,aromatic
women,3.43,citrus,musky,fresh spicy
women,3.43,fruity,floral,fresh
women,3.43,mossy,warm spicy,earthy
women,3.43,marine,salty,aromatic
men,3.43,woody,leather,citrus
women,3.43,fruity,green,tropical
women,3.43,fresh,floral,fruity
women,3.43,woody,floral,citrus
women,3.43,sweet,fruity,lactonic
women,3.43,powdery,amber,musky
women,3.43,violet,powdery,fresh
unisex,3.43,fruity,sweet,amber
women,3.43,fruity,musky,salty
women,3.43,floral,aromatic,fresh spicy
women,3.43,floral,fresh,ozonic
women,3.43,citrus,rose,white floral
women,3.43,woody,powdery,floral
men,3.43,citrus,amber,warm spicy
unisex,3.43,citrus,aromatic,woody
women,3.43,sweet,fruity,powdery
women,3.43,woody,white floral,rose
women,3.43,amber,warm spicy,floral
women,3.43,tropical,fruity,sweet
women,3.43,citrus,woody,sweet
women,3.43,ozonic,aquatic,fruity
unisex,3.43,fruity,woody,amber
men,3.43,woody,aromatic,warm spicy
women,3.43,fruity,floral,sweet
men,3.43,woody,fresh spicy,aromatic
unisex,3.43,aromatic,lavender,woody
women,3.43,powdery,woody,violet
unisex,3.43,fruity,woody,leather
men,3.43,woody,aromatic,fresh spicy
unisex,3.43,aromatic,woody,citrus
unisex,3.43,woody,aromatic,balsamic
women,3.43,coffee,warm spicy,sweet
unisex,3.43,aromatic,citrus,fresh spicy
unisex,3.43,warm spicy,woody,amber
unisex,3.43,sweet,fruity,oud
men,3.43,vanilla,warm spicy,white floral
men,3.43,woody,coconut,powdery
unisex,3.43,marine,white floral,aromatic
women,3.43,citrus,white floral,patchouli
women,3.43,white floral,aldehydic,woody
unisex,3.43,woody,aromatic,patchouli
unisex,3.43,powdery,violet,musky
men,3.44,citrus,green,aromatic
women,3.44,amber,floral,fruity
women,3.44,musky,white floral,woody
women,3.44,musky,rose,sweet
men,3.44,woody,citrus,aromatic
unisex,3.44,woody,powdery,warm spicy
men,3.44,aquatic,woody,aromatic
women,3.44,citrus,green,aromatic
women,3.44,fruity,citrus,floral
women,3.44,white floral,citrus,sweet
women,3.44,citrus,white floral,aromatic
unisex,3.44,oud,vanilla,sweet
women,3.44,green,fruity,fresh
unisex,3.44,vanilla,sweet,powdery
women,3.44,fruity,rose,citrus
men,3.44,woody,aromatic,green
women,3.44,white floral,vanilla,soft spicy
unisex,3.44,woody,ozonic,aquatic
unisex,3.44,floral,fruity,rose
women,3.44,honey,fresh spicy,sweet
women,3.44,sweet,white floral,fruity
men,3.44,green,aromatic,fresh spicy
women,3.44,floral,fruity,fresh
women,3.44,woody,fruity,vanilla
women,3.44,violet,powdery,fruity
women,3.44,patchouli,rose,fruity
women,3.44,sweet,vanilla,fruity
women,3.44,sweet,fruity,powdery
women,3.44,white floral,sweet,lactonic
men,3.44,fruity,citrus,powdery
women,3.44,rose,floral,citrus
women,3.44,white floral,floral,fresh
women,3.44,fruity,sweet,caramel
unisex,3.44,woody,earthy,oud
men,3.44,citrus,soft spicy,vodka
women,3.44,warm spicy,citrus,woody
unisex,3.44,citrus,fresh spicy,aromatic
unisex,3.44,aldehydic,fresh,mossy
men,3.44,woody,aromatic,warm spicy
women,3.44,fruity,white floral,woody
unisex,3.44,woody,amber,almond
women,3.44,fruity,fresh,sweet
unisex,3.44,fruity,sweet,tropical
unisex,3.44,vanilla,woody,sweet
unisex,3.44,powdery,musky,iris
women,3.44,fruity,sweet,soft spicy
women,3.44,floral,fresh,aquatic
women,3.44,powdery,floral,iris
women,3.44,floral,citrus,fruity
unisex,3.44,citrus,amber,warm spicy
unisex,3.44,green,ozonic,aquatic
women,3.44,white floral,green,fresh
women,3.44,floral,woody,powdery
women,3.44,white floral,aromatic,green
unisex,3.44,woody,tropical,fruity
women,3.44,vanilla,sweet,fruity
men,3.44,citrus,woody,fruity
women,3.44,sweet,fruity,tropical
unisex,3.44,aromatic,fresh spicy,lavender
women,3.44,citrus,sweet,almond
unisex,3.44,powdery,violet,musky
women,3.44,musky,floral,citrus
unisex,3.44,woody,floral,sweet
women,3.44,amber,white floral,musky
unisex,3.44,sweet,powdery,vanilla
women,3.45,citrus,sweet,vanilla
women,3.45,fruity,sweet,woody
women,3.45,warm spicy,floral,fruity
men,3.45,amber,vanilla,balsamic
women,3.45,citrus,fresh spicy,green
unisex,3.45,citrus,green,aromatic
unisex,3.45,aromatic,green,fresh spicy
women,3.45,white floral,sweet,cherry
unisex,3.45,fruity,leather,tropical
women,3.45,floral,fruity,sweet
unisex,3.45,warm spicy,woody,rose
unisex,3.45,woody,powdery,fresh spicy
unisex,3.45,fresh spicy,aromatic,green
women,3.45,white floral,fresh,musky
unisex,3.45,woody,powdery,fruity
women,3.45,woody,musky,lavender
men,3.45,fresh spicy,aromatic,lavender
men,3.45,citrus,aquatic,aromatic
women,3.45,vanilla,caramel,sweet
women,3.45,floral,powdery,fresh
men,3.45,citrus,aromatic,green
women,3.45,citrus,earthy,woody
men,3.45,anis,woody,soft spicy
women,3.45,white floral,citrus,sweet
women,3.45,sweet,fruity,vanilla
women,3.45,fruity,tropical,sweet
women,3.45,sweet,citrus,almond
women,3.45,woody,citrus,earthy
men,3.45,aromatic,fresh spicy,white floral
unisex,3.45,fruity,warm spicy,rose
men,3.45,aromatic,woody,marine
unisex,3.45,woody,fruity,aromatic
unisex,3.45,mineral,woody,warm spicy
men,3.45,citrus,fresh spicy,aromatic
women,3.45,citrus,white floral,floral
unisex,3.45,sweet,yellow floral,coconut
women,3.45,warm spicy,white floral,green
women,3.45,citrus,woody,warm spicy
men,3.45,powdery,violet,lavender
women,3.45,rose,floral,sweet
women,3.45,sweet,warm spicy,patchouli
women,3.45,sweet,patchouli,woody
women,3.45,citrus,fruity,tropical
unisex,3.45,fruity,tropical,sweet
unisex,3.45,white floral,amber,
unisex,3.45,citrus,fresh spicy,woody
unisex,3.45,white floral,fresh,fruity
unisex,3.45,amber,woody,oud
unisex,3.45,citrus,woody,marine
unisex,3.45,woody,amber,vanilla
unisex,3.45,citrus,floral,fresh
men,3.45,aromatic,green,citrus
women,3.45,fruity,tropical,fresh
unisex,3.45,coconut,lactonic,tropical
women,3.45,woody,aldehydic,citrus
unisex,3.45,iris,woody,powdery
women,3.45,honey,white floral,sweet
unisex,3.45,amber,rose,oud
women,3.46,fruity,floral,fresh
women,3.46,fruity,floral,tropical
women,3.46,floral,fruity,sweet
women,3.46,citrus,cherry,fruity
women,3.46,fruity,white floral,citrus
women,3.46,fruity,sweet,nutty
men,3.46,citrus,lavender,white floral
unisex,3.46,floral,citrus,musky
unisex,3.46,fresh spicy,rose,coffee
unisex,3.46,chocolate,powdery,sweet
women,3.46,vanilla,caramel,sweet
unisex,3.46,warm spicy,woody,vanilla
unisex,3.46,oud,white floral,fresh
women,3.46,patchouli,rose,citrus
women,3.46,fruity,woody,patchouli
women,3.46,floral,fruity,tropical
women,3.46,white floral,citrus,floral
women,3.46,fruity,floral,sweet
men,3.46,citrus,fruity,fresh spicy
women,3.46,fresh,floral,fruity
women,3.46,fruity,white floral,ozonic
men,3.46,woody,aromatic,fresh spicy
men,3.46,aromatic,marine,musky
women,3.46,floral,fruity,citrus
women,3.46,musky,citrus,powdery
women,3.46,floral,fruity,rose
unisex,3.46,woody,oud,warm spicy
women,3.46,citrus,white floral,musky
women,3.46,floral,fruity,woody
women,3.46,white floral,citrus,fruity
women,3.46,green,floral,citrus
unisex,3.46,musky,amber,mossy
unisex,3.46,fruity,lactonic,fresh
unisex,3.46,musky,woody,floral
women,3.46,floral,citrus,aquatic
unisex,3.46,leather,animalic,earthy
unisex,3.46,aquatic,fresh,coconut
unisex,3.46,citrus,sweet,floral
women,3.46,woody,rose,aromatic
unisex,3.46,fruity,powdery,sweet
unisex,3.46,white floral,citrus,musky
unisex,3.46,white floral,tuberose,musky
women,3.46,fruity,sweet,fresh
women,3.46,floral,patchouli,woody
unisex,3.46,woody,citrus,musky
women,3.46,fruity,floral,fresh
unisex,3.46,warm spicy,woody,amber
unisex,3.46,woody,oud,yellow floral
men,3.47,aromatic,woody,fresh spicy
men,3.47,woody,aromatic,powdery
women,3.47,fruity,sweet,citrus
unisex,3.47,rose,leather,animalic
women,3.47,citrus,aromatic,green
men,3.47,amber,citrus,musky
women,3.47,woody,patchouli,citrus
unisex,3.47,citrus,woody,aromatic
men,3.47,fresh spicy,aromatic,lavender
women,3.47,citrus,fruity,sweet
unisex,3.47,fruity,tropical,floral
unisex,3.47,fruity,green,aromatic
women,3.47,citrus,white floral,powdery
women,3.47,floral,aquatic,fresh
unisex,3.47,aromatic,fresh spicy,woody
men,3.47,citrus,woody,aromatic
women,3.47,fruity,sweet,floral
men,3.47,woody,patchouli,fruity
women,3.47,floral,woody,amber
women,3.47,floral,powdery,sweet
women,3.47,amber,white floral,fruity
unisex,3.47,fruity,fresh,tropical
women,3.47,fruity,powdery,green
women,3.47,white floral,fresh,citrus
women,3.47,citrus,fruity,floral
women,3.47,sweet,chocolate,warm spicy
men,3.47,aquatic,woody,patchouli
unisex,3.47,sweet,rum,warm spicy
women,3.47,aromatic,lavender,fresh spicy
unisex,3.47,warm spicy,oud,rose
unisex,3.47,citrus,woody,aromatic
women,3.47,citrus,fresh,woody
women,3.47,fresh spicy,aromatic,lavender
women,3.47,woody,rose,patchouli
women,3.47,warm spicy,oud,floral
men,3.47,woody,green,floral
women,3.47,fruity,white floral,fresh
unisex,3.47,aromatic,fresh spicy,iris
unisex,3.47,citrus,tropical,fruity
unisex,3.47,floral,rose,fresh spicy
unisex,3.47,floral,sweet,iris
unisex,3.47,rose,oud,citrus
unisex,3.47,white floral,tropical,green
women,3.47,fruity,floral,white floral
unisex,3.47,warm spicy,amber,aromatic
women,3.47,sweet,citrus,lavender
women,3.47,citrus,fresh,fruity
women,3.47,powdery,violet,woody
unisex,3.47,powdery,citrus,woody
women,3.47,floral,fruity,fresh
women,3.47,fruity,sweet,rose
women,3.47,fruity,leather,vanilla
women,3.47,fruity,sweet,woody
unisex,3.47,white floral,woody,patchouli
men,3.48,woody,aromatic,fresh spicy
women,3.48,aquatic,fruity,floral
men,3.48,aromatic,fresh,ozonic
women,3.48,citrus,floral,fruity
men,3.48,fresh spicy,warm spicy,aromatic
women,3.48,white floral,floral,fruity
women,3.48,white floral,citrus,green
women,3.48,citrus,woody,fresh spicy
men,3.48,aromatic,chocolate,woody
women,3.48,citrus,white floral,musky
unisex,3.48,musky,amber,rose
men,3.48,citrus,aromatic,woody
women,3.48,citrus,white floral,aromatic
women,3.48,sweet,powdery,fruity
women,3.48,powdery,violet,woody
men,3.48,woody,citrus,aromatic
women,3.48,citrus,white floral,powdery
women,3.48,floral,fruity,aquatic
unisex,3.48,woody,warm spicy,leather
women,3.48,rose,white floral,musky
women,3.48,fruity,sweet,caramel
unisex,3.48,woody,aromatic,earthy
women,3.48,floral,fruity,musky
women,3.48,citrus,rose,musky
women,3.48,aquatic,fresh,floral
women,3.48,fruity,green,sweet
women,3.48,yellow floral,floral,green
women,3.48,fruity,woody,sweet
women,3.48,citrus,floral,fresh spicy
men,3.48,marine,aromatic,woody
men,3.48,marine,aromatic,woody
women,3.48,ozonic,woody,powdery
women,3.48,fruity,woody,citrus
women,3.48,citrus,fruity,sweet
women,3.48,aquatic,woody,fresh
women,3.48,citrus,ozonic,woody
women,3.48,floral,aquatic,fresh
women,3.48,sweet,honey,amber
unisex,3.48,mossy,woody,citrus
women,3.48,white floral,floral,tropical
men,3.48,aromatic,fresh spicy,warm spicy
men,3.48,fresh spicy,citrus,coconut
women,3.48,fruity,citrus,fresh
unisex,3.48,warm spicy,woody,leather
women,3.48,vanilla,sweet,amber
women,3.48,fruity,sweet,rose
women,3.48,warm spicy,white floral,patchouli
women,3.48,fruity,floral,ozonic
unisex,3.48,floral,earthy,woody
women,3.48,fruity,soft spicy,sweet
women,3.48,floral,white floral,green
women,3.48,aromatic,musky,floral
unisex,3.48,amber,musky,powdery
unisex,3.48,citrus,salty,marine
women,3.48,fruity,woody,citrus
men,3.48,citrus,woody,musky
women,3.48,green,citrus,powdery
women,3.48,floral,woody,powdery
unisex,3.48,sweet,fruity,fresh
unisex,3.48,woody,citrus,aromatic
unisex,3.48,warm spicy,woody,amber
women,3.48,woody,powdery,fresh
unisex,3.48,fruity,woody,leather
men,3.48,woody,warm spicy,patchouli
women,3.48,floral,fruity,fresh
women,3.48,sweet,patchouli,fruity
women,3.48,citrus,fresh spicy,aromatic
women,3.48,woody,warm spicy,patchouli
women,3.48,floral,powdery,violet
women,3.48,white floral,green,woody
women,3.48,fruity,citrus,musky
women,3.49,woody,aromatic,rose
men,3.49,woody,citrus,aromatic
unisex,3.49,white floral,woody,aromatic
men,3.49,amber,woody,musky
women,3.49,white floral,floral,fresh spicy
women,3.49,white floral,citrus,animalic
women,3.49,green,woody,citrus
unisex,3.49,amber,woody,balsamic
women,3.49,sweet,soft spicy,almond
unisex,3.49,green,fresh,white floral
unisex,3.49,woody,amber,warm spicy
women,3.49,rose,floral,sweet
unisex,3.49,fruity,sweet,tropical
unisex,3.49,aromatic,woody,citrus
unisex,3.49,yellow floral,powdery,woody
men,3.49,citrus,vanilla,lavender
unisex,3.49,sweet,oud,fruity
unisex,3.49,warm spicy,woody,vanilla
unisex,3.49,woody,aromatic,leather
women,3.49,fruity,sweet,white floral
women,3.49,white floral,fruity,marine
men,3.49,sweet,fruity,tropical
women,3.49,fruity,sweet,woody
women,3.49,floral,citrus,rose
men,3.49,woody,camphor,aromatic
women,3.49,fruity,fresh,aquatic
women,3.49,fruity,floral,citrus
women,3.49,fruity,white floral,musky
women,3.49,floral,fresh,powdery
women,3.49,floral,rose,powdery
women,3.49,sweet,yellow floral,floral
women,3.49,powdery,sweet,caramel
unisex,3.49,cacao,warm spicy,oud
women,3.49,white floral,citrus,mossy
unisex,3.49,fresh,metallic,rose
women,3.49,fruity,sweet,soft spicy
women,3.49,sweet,powdery,vanilla
men,3.49,aromatic,woody,fresh spicy
women,3.49,white floral,powdery,fruity
unisex,3.49,woody,smoky,aromatic
unisex,3.49,iris,warm spicy,powdery
men,3.49,amber,woody,aromatic
women,3.49,fruity,woody,citrus
women,3.49,fresh,sweet,floral
women,3.49,warm spicy,woody,aromatic
women,3.49,woody,rose,yellow floral
unisex,3.49,aromatic,marine,salty
women,3.49,rose,fruity,floral
women,3.49,woody,citrus,powdery
women,3.49,rose,floral,honey
unisex,3.49,vanilla,woody,amber
women,3.49,tropical,sweet,yellow floral
women,3.49,fruity,white floral,floral
women,3.49,fresh spicy,woody,earthy
women,3.49,white floral,rose,green
unisex,3.49,woody,citrus,yellow floral
unisex,3.49,fruity,tropical,sweet
women,3.49,floral,rose,fruity
women,3.49,powdery,violet,white floral
men,3.49,woody,fresh spicy,fruity
women,3.49,powdery,floral,white floral
women,3.49,floral,fruity,vanilla
women,3.49,vanilla,amber,sweet
women,3.49,powdery,violet,vanilla
men,3.49,fresh spicy,aromatic,citrus
unisex,3.49,aquatic,ozonic,metallic
women,3.5,woody,white floral,fruity
women,3.5,ozonic,white floral,citrus
women,3.5,citrus,fruity,fresh
men,3.5,aromatic,fresh spicy,woody
women,3.5,citrus,white floral,fresh
men,3.5,lavender,citrus,aromatic
women,3.5,fruity,sweet,rose
men,3.5,woody,aromatic,fresh spicy
women,3.5,musky,white floral,powdery
women,3.5,floral,fresh,fruity
women,3.5,floral,tropical,musky
unisex,3.5,aromatic,fresh spicy,citrus
men,3.5,citrus,lavender,sweet
unisex,3.5,woody,powdery,musky
women,3.5,warm spicy,aromatic,fresh spicy
women,3.5,citrus,white floral,floral
unisex,3.5,rose,musky,woody
unisex,3.5,woody,citrus,mossy
unisex,3.5,citrus,rose,white floral
women,3.5,fruity,aquatic,fresh
unisex,3.5,woody,aromatic,lavender
unisex,3.5,citrus,aromatic,marine
women,3.5,woody,citrus,powdery
women,3.5,fruity,tropical,white floral
men,3.5,fresh,fruity,woody
women,3.5,warm spicy,woody,fruity
unisex,3.5,aromatic,fresh spicy,soft spicy
women,3.5,citrus,fruity,fresh spicy
women,3.5,white floral,green,rose
women,3.5,floral,fruity,white floral
women,3.5,white floral,green,fruity
men,3.5,aromatic,citrus,woody
women,3.5,white floral,sweet,floral
women,3.5,citrus,white floral,fruity
men,3.5,musky,powdery,woody
women,3.5,white floral,fruity,powdery
women,3.5,citrus,white floral,green
unisex,3.5,fruity,sweet,vanilla
men,3.5,citrus,white floral,amber
women,3.5,aromatic,sweet,floral
women,3.5,floral,sweet,warm spicy
unisex,3.5,woody,leather,fruity
women,3.5,fruity,green,fresh
unisex,3.5,woody,amber,musky
women,3.5,fruity,sweet,musky
men,3.5,aquatic,aromatic,woody
women,3.5,fruity,fresh,green
women,3.5,aromatic,herbal,green
unisex,3.5,green,yellow floral,powdery
unisex,3.5,fresh spicy,tobacco,aromatic
women,3.5,citrus,white floral,musky
women,3.5,powdery,violet,fruity
women,3.5,citrus,floral,woody
women,3.5,sweet,fruity,floral
unisex,3.5,woody,oud,rose
women,3.5,citrus,aromatic,fruity
men,3.5,citrus,woody,floral
men,3.5,citrus,floral,woody
unisex,3.5,caramel,fresh spicy,warm spicy
unisex,3.5,warm spicy,fresh spicy,rose
women,3.5,fresh,green,aquatic
unisex,3.5,powdery,vanilla,yellow floral
unisex,3.5,citrus,woody,aromatic
unisex,3.5,woody,rose,citrus
unisex,3.5,citrus,woody,fruity
women,3.5,fruity,citrus,floral
men,3.5,citrus,fresh spicy,woody
women,3.5,woody,fruity,amber
women,3.5,fruity,floral,rose
unisex,3.5,citrus,woody,patchouli
women,3.5,amber,animalic,
unisex,3.5,amber,balsamic,rose
men,3.5,warm spicy,leather,cacao
unisex,3.5,citrus,fresh spicy,aromatic
unisex,3.5,citrus,aromatic,fresh spicy
unisex,3.5,musky,floral,white floral
unisex,3.5,woody,leather,powdery
unisex,3.5,aquatic,metallic,leather
women,3.5,powdery,woody,violet
women,3.5,floral,rose,citrus
women,3.5,floral,fresh,green
unisex,3.5,fresh spicy,woody,warm spicy
men,3.5,citrus,fresh spicy,vanilla
women,3.5,floral,tropical,citrus
women,3.51,fruity,citrus,sweet
women,3.51,citrus,fresh spicy,aromatic
unisex,3.51,fruity,almond,sweet
women,3.51,citrus,rose,floral
unisex,3.51,musky,citrus,amber
women,3.51,white floral,floral,green
men,3.51,warm spicy,aromatic,sweet
women,3.51,floral,fruity,tropical
unisex,3.51,floral,yellow floral,powdery
women,3.51,fresh,aromatic,floral
women,3.51,white floral,leather,aromatic
women,3.51,woody,white floral,floral
women,3.51,fruity,floral,rose
men,3.51,aromatic,lavender,woody
unisex,3.51,amber,balsamic,smoky
unisex,3.51,citrus,white floral,floral
unisex,3.51,aromatic,warm spicy,woody
women,3.51,patchouli,rose,white floral
unisex,3.51,sweet,fruity,floral
men,3.51,woody,warm spicy,amber
unisex,3.51,powdery,woody,iris
women,3.51,white floral,aromatic,green
women,3.51,fruity,sweet,fresh
women,3.51,citrus,warm spicy,champagne
women,3.51,musky,fresh,sweet
women,3.51,fruity,sweet,citrus
women,3.51,powdery,floral,fruity
men,3.51,citrus,woody,aromatic
women,3.51,white floral,amber,mossy
unisex,3.51,woody,fresh spicy,amber
women,3.51,powdery,floral,yellow floral
women,3.51,patchouli,white floral,vanilla
men,3.51,aromatic,green,fresh spicy
men,3.51,warm spicy,amber,citrus
unisex,3.51,woody,fruity,sweet
women,3.51,floral,citrus,woody
unisex,3.51,woody,warm spicy,rose
men,3.51,aromatic,warm spicy,vanilla
women,3.51,white floral,tuberose,citrus
unisex,3.51,woody,tobacco,vanilla
men,3.51,woody,aromatic,green
women,3.51,fruity,rose,floral
women,3.51,fruity,rose,floral
women,3.51,fruity,citrus,sweet
women,3.51,leather,smoky,amber
men,3.51,leather,aromatic,woody
unisex,3.51,aromatic,amber,fresh spicy
women,3.51,soft spicy,anis,sweet
women,3.51,white floral,woody,powdery
unisex,3.51,rose,citrus,fresh spicy
unisex,3.51,fruity,sweet,warm spicy
women,3.51,ozonic,citrus,aquatic
men,3.51,woody,citrus,warm spicy
women,3.51,citrus,floral,musky
women,3.51,citrus,lavender,aromatic
women,3.51,rose,vanilla,floral
men,3.51,citrus,warm spicy,ozonic
unisex,3.51,coffee,floral,warm spicy
women,3.51,citrus,floral,tropical
women,3.51,sweet,powdery,musky
unisex,3.51,tuberose,salty,white floral
unisex,3.51,powdery,musky,iris
unisex,3.51,green,aromatic,fresh spicy
unisex,3.52,floral,green,citrus
women,3.52,floral,sweet,amber
men,3.52,amber,cinnamon,warm spicy
women,3.52,powdery,white floral,vanilla
women,3.52,citrus,floral,fruity
women,3.52,fruity,sweet,fresh
unisex,3.52,ozonic,aquatic,aromatic
unisex,3.52,white floral,green,tuberose
women,3.52,fresh,fruity,floral
women,3.52,citrus,musky,fresh
women,3.52,sweet,fruity,floral
unisex,3.52,aromatic,woody,green
unisex,3.52,tropical,oud,fruity
unisex,3.52,citrus,musky,woody
unisex,3.52,amber,warm spicy,vanilla
unisex,3.52,citrus,floral,musky
unisex,3.52,amber,rose,musky
unisex,3.52,aromatic,powdery,woody
women,3.52,fruity,sweet,fresh
women,3.52,green,floral,white floral
women,3.52,fruity,woody,floral
men,3.52,aromatic,green,woody
women,3.52,floral,white floral,fresh
women,3.52,fruity,patchouli,woody
unisex,3.52,smoky,musky,woody
women,3.52,aquatic,ozonic,fruity
women,3.52,fruity,citrus,sweet
unisex,3.52,rose,warm spicy,floral
women,3.52,vanilla,coffee,rose
women,3.52,lactonic,nutty,vanilla
women,3.52,citrus,fresh spicy,white floral
women,3.52,white floral,floral,tuberose
women,3.52,warm spicy,woody,floral
women,3.52,sweet,vanilla,citrus
men,3.52,aromatic,fruity,marine
women,3.52,green,fruity,citrus
men,3.52,citrus,aquatic,fresh
unisex,3.52,leather,musky,warm spicy
unisex,3.52,green,citrus,fresh
unisex,3.52,warm spicy,woody,cinnamon
women,3.52,woody,amber,powdery
women,3.52,sweet,fruity,lactonic
unisex,3.52,aquatic,sweet,ozonic
unisex,3.52,woody,aromatic,green
men,3.52,amber,woody,powdery
women,3.52,citrus,green,woody
women,3.52,rose,warm spicy,woody
women,3.52,citrus,honey,sweet
women,3.52,floral,fresh,woody
women,3.52,rose,musky,fruity
women,3.52,fruity,citrus,musky
unisex,3.52,green,fruity,sweet
women,3.52,woody,fruity,floral
unisex,3.52,sweet,caramel,
unisex,3.52,citrus,fresh spicy,aromatic
women,3.52,citrus,white floral,fresh spicy
women,3.52,fruity,musky,tropical
men,3.52,amber,warm spicy,aromatic
men,3.52,aromatic,powdery,fresh spicy
women,3.52,rose,amber,warm spicy
men,3.52,aromatic,woody,fresh spicy
women,3.52,floral,white floral,fruity
unisex,3.52,rose,oud,animalic
women,3.52,floral,rose,fresh
women,3.52,woody,rose,floral
unisex,3.52,rose,musky,powdery
unisex,3.52,woody,aromatic,fresh spicy
unisex,3.52,citrus,floral,aromatic
women,3.52,woody,fruity,citrus
unisex,3.52,leather,woody,violet
women,3.52,white floral,citrus,floral
women,3.52,floral,citrus,fresh spicy
unisex,3.52,citrus,fresh spicy,aromatic
women,3.52,fruity,tropical,powdery
women,3.53,violet,powdery,floral
men,3.53,woody,citrus,musky
women,3.53,floral,woody,soft spicy
women,3.53,caramel,soft spicy,sweet
women,3.53,woody,warm spicy,coffee
women,3.53,floral,fresh,rose
women,3.53,rose,floral,amber
women,3.53,white floral,floral,citrus
unisex,3.53,coca-cola,warm spicy,woody
men,3.53,marine,citrus,aromatic
women,3.53,white floral,fruity,sweet
women,3.53,white floral,leather,citrus
women,3.53,green,fresh spicy,citrus
unisex,3.53,fruity,sweet,woody
women,3.53,white floral,sweet,powdery
unisex,3.53,white floral,floral,citrus
women,3.53,musky,citrus,animalic
unisex,3.53,woody,rose,aromatic
unisex,3.53,white floral,iris,powdery
men,3.53,aromatic,warm spicy,fresh spicy
women,3.53,white floral,sweet,citrus
unisex,3.53,citrus,aromatic,rose
unisex,3.53,musky,leather,woody
women,3.53,rose,citrus,woody
men,3.53,citrus,woody,aromatic
men,3.53,woody,citrus,fresh spicy
women,3.53,fruity,sweet,woody
unisex,3.53,citrus,woody,aromatic
men,3.53,aromatic,marine,fresh
women,3.53,floral,sweet,musky
women,3.53,floral,fruity,powdery
women,3.53,rose,green,fresh spicy
women,3.53,rose,citrus,aromatic
men,3.53,lavender,aromatic,woody
women,3.53,sweet,fruity,fresh
men,3.53,aromatic,fresh spicy,lavender
men,3.53,woody,floral,aromatic
women,3.53,fruity,white floral,sweet
women,3.53,floral,green,citrus
women,3.53,lavender,vanilla,citrus
men,3.53,warm spicy,citrus,musky
unisex,3.53,caramel,patchouli,vanilla
men,3.53,woody,aromatic,fruity
women,3.53,floral,white floral,aquatic
unisex,3.53,musky,amber,white floral
women,3.53,white floral,citrus,tuberose
unisex,3.53,aromatic,fresh spicy,herbal
unisex,3.53,warm spicy,cinnamon,patchouli
men,3.53,aromatic,fresh spicy,lavender
men,3.53,aromatic,woody,lavender
women,3.53,woody,fruity,citrus
women,3.53,marine,fruity,aromatic
unisex,3.53,citrus,white floral,fresh spicy
women,3.53,fruity,white floral,green
women,3.53,floral,sweet,white floral
women,3.53,woody,vanilla,patchouli
women,3.53,white floral,woody,green
women,3.53,rose,powdery,woody
women,3.53,fruity,sweet,honey
men,3.53,citrus,warm spicy,fresh
men,3.53,aromatic,fresh spicy,green
unisex,3.53,citrus,woody,earthy
women,3.53,floral,sweet,rose
unisex,3.53,coconut,amber,white floral
unisex,3.53,rose,amber,sweet
men,3.53,aromatic,fresh spicy,woody
women,3.53,vanilla,sweet,almond
unisex,3.53,woody,smoky,leather
unisex,3.53,woody,rose,warm spicy
unisex,3.53,almond,sweet,vanilla
unisex,3.53,fruity,woody,fresh
women,3.53,white floral,floral,woody
unisex,3.53,animalic,musky,rose
women,3.53,fruity,fresh spicy,woody
women,3.53,powdery,musky,white floral
women,3.53,white floral,green,floral
women,3.53,almond,vanilla,powdery
men,3.53,citrus,woody,patchouli
unisex,3.53,metallic,mineral,fresh
women,3.54,powdery,iris,vanilla
women,3.54,fruity,sweet,musky
women,3.54,citrus,musky,white floral
men,3.54,woody,aromatic,citrus
women,3.54,fruity,fresh,white floral
unisex,3.54,fresh spicy,aquatic,aromatic
unisex,3.54,citrus,woody,sweet
unisex,3.54,vanilla,woody,sweet
unisex,3.54,fruity,floral,powdery
unisex,3.54,fresh spicy,aromatic,green
women,3.54,floral,musky,fresh
men,3.54,citrus,fresh spicy,aromatic
unisex,3.54,rose,floral,fresh
women,3.54,white floral,green,musky
women,3.54,white floral,floral,fruity
men,3.54,citrus,aromatic,white floral
unisex,3.54,floral,musky,citrus
women,3.54,floral,rose,amber
women,3.54,floral,white floral,powdery
women,3.54,rose,vanilla,sweet
women,3.54,citrus,aromatic,green
unisex,3.54,warm spicy,woody,oud
women,3.54,citrus,sweet,fruity
women,3.54,white floral,honey,floral
unisex,3.54,warm spicy,oud,rose
women,3.54,tobacco,rose,musky
women,3.54,fruity,sweet,rose
unisex,3.54,earthy,woody,vanilla
women,3.54,amber,floral,fruity
unisex,3.54,white floral,woody,citrus
men,3.54,warm spicy,herbal,leather
women,3.54,aquatic,fresh,white floral
women,3.54,white floral,citrus,green
women,3.54,fruity,sweet,tropical
women,3.54,amber,aldehydic,yellow floral
men,3.54,warm spicy,vanilla,woody
unisex,3.54,aromatic,fresh spicy,woody
men,3.54,fresh spicy,citrus,leather
women,3.54,fruity,citrus,floral
unisex,3.54,woody,powdery,musky
women,3.54,powdery,fruity,vanilla
women,3.54,citrus,sweet,aromatic
men,3.54,fruity,sweet,marine
women,3.54,woody,warm spicy,powdery
women,3.54,floral,fruity,rose
women,3.54,rose,honey,patchouli
unisex,3.54,warm spicy,fresh spicy,woody
women,3.54,fruity,sweet,rose
unisex,3.54,amber,vanilla,woody
unisex,3.54,citrus,warm spicy,aromatic
unisex,3.54,white floral,citrus,aromatic
unisex,3.54,woody,aromatic,
women,3.54,floral,citrus,patchouli
women,3.54,fruity,citrus,vanilla
women,3.54,woody,white floral,floral
women,3.54,marine,aromatic,vanilla
women,3.54,fruity,rose,sweet
unisex,3.54,amber,warm spicy,citrus
women,3.54,floral,fresh,fruity
women,3.54,floral,fruity,rose
women,3.54,patchouli,violet,white floral
women,3.54,fruity,woody,musky
men,3.54,aromatic,woody,marine
women,3.54,aquatic,floral,fruity
men,3.54,woody,warm spicy,fresh spicy
unisex,3.54,powdery,woody,iris
women,3.54,white floral,fruity,wine
men,3.54,fresh spicy,amber,oud
women,3.54,floral,fruity,sweet
unisex,3.54,green,woody,citrus
women,3.54,woody,fruity,floral
men,3.54,warm spicy,aquatic,fresh
women,3.54,fruity,white floral,sweet
unisex,3.54,white floral,fruity,woody
unisex,3.54,white floral,citrus,lactonic
men,3.54,citrus,woody,rose
women,3.54,powdery,white floral,woody
unisex,3.54,cacao,nutty,sweet
women,3.54,aquatic,ozonic,fruity
women,3.54,woody,warm spicy,fruity
unisex,3.54,fruity,leather,warm spicy
unisex,3.54,citrus,woody,aromatic
women,3.54,fruity,citrus,sweet
unisex,3.54,woody,powdery,musky
women,3.54,vanilla,sweet,powdery
unisex,3.54,woody,warm spicy,amber
unisex,3.54,rose,fruity,patchouli
women,3.54,white floral,citrus,musky
women,3.54,floral,fruity,fresh
unisex,3.54,floral,sweet,tropical
unisex,3.54,aromatic,rose,amber
unisex,3.54,floral,citrus,aromatic
unisex,3.54,woody,aromatic,powdery
women,3.54,citrus,woody,ozonic
women,3.54,fruity,citrus,musky
unisex,3.54,warm spicy,rose,oud
women,3.54,aromatic,fresh spicy,woody
unisex,3.54,aromatic,green,fresh spicy
women,3.54,sweet,caramel,warm spicy
women,3.54,fruity,sweet,musky
unisex,3.54,fruity,sweet,woody
women,3.54,citrus,floral,fresh
unisex,3.54,sweet,vanilla,rose
women,3.55,fruity,green,citrus
men,3.55,fresh spicy,citrus,warm spicy
women,3.55,white floral,fruity,woody
women,3.55,fruity,white floral,sweet
women,3.55,citrus,ozonic,green
women,3.55,powdery,floral,violet
women,3.55,fresh,white floral,aldehydic
unisex,3.55,woody,aromatic,citrus
men,3.55,warm spicy,woody,rum
women,3.55,floral,citrus,fruity
unisex,3.55,woody,warm spicy,amber
unisex,3.55,fruity,sweet,rose
women,3.55,floral,fruity,sweet
women,3.55,powdery,iris,floral
women,3.55,sweet,warm spicy,coffee
unisex,3.55,tuberose,powdery,tropical
women,3.55,fruity,citrus,aromatic
unisex,3.55,citrus,oud,fresh spicy
women,3.55,floral,green,marine
unisex,3.55,aromatic,lavender,herbal
women,3.55,fruity,white floral,aquatic
women,3.55,powdery,amber,vanilla
unisex,3.55,white floral,woody,warm spicy
unisex,3.55,musky,powdery,fruity
women,3.55,fruity,floral,musky
women,3.55,oud,leather,yellow floral
unisex,3.55,fruity,leather,sweet
unisex,3.55,aromatic,woody,fresh spicy
men,3.55,amber,woody,warm spicy
men,3.55,citrus,floral,aquatic
unisex,3.55,amber,woody,leather
women,3.55,warm spicy,oud,musky
women,3.55,floral,rose,fruity
unisex,3.55,musky,cherry,sweet
unisex,3.55,woody,sweet,tobacco
unisex,3.55,leather,amber,woody
women,3.55,woody,citrus,aromatic
men,3.55,coconut,fruity,sweet
men,3.55,fruity,leather,fresh
women,3.55,warm spicy,fresh,citrus
unisex,3.55,aromatic,fresh spicy,floral
women,3.55,white floral,fruity,floral
women,3.55,white floral,ozonic,woody
women,3.55,floral,fruity,sweet
men,3.55,woody,aromatic,musky
women,3.55,citrus,white floral,woody
women,3.55,citrus,sweet,fruity
women,3.55,citrus,green,fruity
men,3.55,aromatic,citrus,fresh spicy
unisex,3.55,aromatic,powdery,woody
unisex,3.55,lactonic,woody,powdery
unisex,3.55,aromatic,floral,marine
women,3.55,sweet,fruity,amber
women,3.55,woody,musky,floral
unisex,3.55,fruity,sweet,woody
men,3.55,aromatic,citrus,fresh spicy
unisex,3.55,citrus,fruity,aromatic
unisex,3.55,woody,aromatic,powdery
women,3.55,fruity,sweet,warm spicy
unisex,3.55,citrus,floral,coconut
unisex,3.55,woody,earthy,aromatic
unisex,3.55,savory,mineral,lactonic
women,3.55,white floral,woody,sweet
women,3.55,fruity,sweet,floral
women,3.55,powdery,fruity,woody
men,3.55,citrus,powdery,fresh
women,3.55,fruity,rose,fresh
unisex,3.55,aromatic,woody,amber
unisex,3.55,fresh,herbal,musky
men,3.55,warm spicy,fresh spicy,citrus
women,3.55,white floral,floral,powdery
unisex,3.55,warm spicy,sweet,woody
unisex,3.55,aldehydic,fruity,fresh
unisex,3.55,woody,oud,violet
women,3.55,citrus,white floral,woody
unisex,3.55,smoky,warm spicy,woody
men,3.55,aromatic,warm spicy,herbal
unisex,3.55,plastic,hot iron,leather
men,3.55,aromatic,lavender,marine
women,3.55,aromatic,lavender,woody
men,3.55,woody,fruity,sweet
unisex,3.55,woody,aromatic,conifer
women,3.55,floral,fresh,white floral
women,3.55,fruity,fresh,woody
unisex,3.55,woody,amber,warm spicy
unisex,3.55,sweet,soft spicy,smoky
unisex,3.55,white floral,floral,animalic
women,3.55,iris,powdery,white floral
women,3.55,fruity,sweet,powdery
women,3.55,vanilla,aromatic,woody
women,3.55,floral,rose,amber
men,3.55,fresh spicy,aromatic,woody
women,3.55,fruity,rose,floral
unisex,3.55,aromatic,fresh spicy,woody
women,3.55,sweet,fruity,floral
women,3.55,fruity,rose,floral
unisex,3.55,warm spicy,yellow floral,woody
unisex,3.55,aromatic,green,earthy
women,3.55,citrus,marine,aromatic
women,3.55,woody,citrus,patchouli
unisex,3.55,fruity,sweet,woody
unisex,3.56,lavender,woody,patchouli
women,3.56,floral,fresh,white floral
women,3.56,vanilla,powdery,sweet
women,3.56,fruity,floral,fresh
women,3.56,powdery,vanilla,woody
women,3.56,yellow floral,sweet,woody
men,3.56,aromatic,citrus,cacao
women,3.56,fruity,sweet,rose
unisex,3.56,powdery,amber,white floral
unisex,3.56,citrus,aromatic,fresh spicy
women,3.56,floral,fruity,citrus
unisex,3.56,powdery,warm spicy,musky
women,3.56,fruity,sweet,fresh
women,3.56,floral,white floral,woody
unisex,3.56,rose,ozonic,floral
women,3.56,rose,floral,green
women,3.56,floral,citrus,white floral
women,3.56,rose,floral,fresh
unisex,3.56,aquatic,musky,amber
women,3.56,fruity,sweet,musky
women,3.56,citrus,violet,powdery
unisex,3.56,fresh,aquatic,fruity
women,3.56,citrus,white floral,tropical
women,3.56,woody,balsamic,aromatic
women,3.56,white floral,sweet,yellow floral
women,3.56,woody,rose,fresh
women,3.56,rose,musky,tobacco
men,3.56,warm spicy,citrus,powdery
women,3.56,fruity,leather,amber
women,3.56,woody,floral,herbal
women,3.56,floral,citrus,fruity
women,3.56,amber,rose,musky
men,3.56,amber,fresh spicy,
unisex,3.56,green,fresh,woody
women,3.56,rose,musky,amber
women,3.56,floral,green,powdery
women,3.56,fruity,sweet,tropical
women,3.56,sweet,fruity,vanilla
women,3.56,fruity,rose,sweet
women,3.56,fruity,citrus,woody
women,3.56,sweet,amber,iris
women,3.56,fruity,citrus,floral
men,3.56,aromatic,woody,fresh spicy
men,3.56,soft spicy,green,woody
men,3.56,aromatic,fresh spicy,woody
women,3.56,woody,powdery,violet
women,3.56,warm spicy,musky,woody
women,3.56,fruity,floral,fresh
men,3.56,citrus,fresh spicy,aromatic
men,3.56,citrus,woody,green
women,3.56,white floral,citrus,amber
women,3.56,aromatic,fresh spicy,floral
unisex,3.56,sweet,green,honey
unisex,3.56,amber,rose,aldehydic
unisex,3.56,woody,leather,musky
women,3.56,floral,vanilla,sweet
unisex,3.56,white floral,citrus,musky
men,3.56,lavender,soft spicy,aromatic
men,3.56,citrus,aromatic,woody
women,3.56,citrus,floral,fruity
women,3.56,fruity,citrus,tropical
women,3.56,floral,woody,sweet
women,3.56,fruity,sweet,rose
women,3.56,floral,woody,rose
women,3.56,floral,white floral,fresh
women,3.56,floral,white floral,tuberose
men,3.56,aromatic,fresh spicy,green
unisex,3.56,vanilla,almond,powdery
women,3.56,sweet,citrus,vanilla
unisex,3.56,amber,vanilla,fresh spicy
unisex,3.56,citrus,honey,aromatic
women,3.56,musky,floral,powdery
men,3.56,green,aromatic,woody
men,3.56,fresh spicy,anis,soft spicy
men,3.56,tropical,fruity,woody
unisex,3.56,citrus,musky,white floral
unisex,3.56,citrus,aromatic,amber
women,3.56,fruity,sweet,citrus
men,3.56,aromatic,citrus,fresh spicy
women,3.56,lavender,aromatic,fresh spicy
women,3.56,citrus,floral,fresh
women,3.56,white floral,fresh,sweet
unisex,3.56,rose,woody,amber
unisex,3.56,woody,sweet,musky
women,3.56,woody,fruity,sweet
men,3.56,fresh spicy,citrus,aromatic
women,3.56,white floral,fresh,yellow floral
women,3.56,white floral,rose,woody
women,3.56,floral,green,fresh
unisex,3.56,mineral,rose,fresh spicy
women,3.56,fruity,tropical,sweet
unisex,3.56,citrus,aromatic,woody
unisex,3.56,musky,fruity,floral
women,3.56,tropical,fruity,sweet
unisex,3.56,citrus,fresh spicy,
women,3.56,citrus,white floral,floral
unisex,3.56,woody,aromatic,fresh spicy
unisex,3.56,fruity,powdery,sweet
men,3.56,woody,fresh spicy,citrus
women,3.56,woody,citrus,patchouli
women,3.56,citrus,warm spicy,aromatic
unisex,3.56,citrus,fresh spicy,woody
men,3.56,fruity,ozonic,aromatic
men,3.56,woody,aromatic,green
women,3.56,white floral,tuberose,citrus
women,3.56,floral,white floral,fresh
unisex,3.57,woody,warm spicy,amber
men,3.57,marine,aromatic,fresh spicy
women,3.57,amber,soft spicy,sweet
women,3.57,fruity,floral,fresh
women,3.57,fruity,sweet,white floral
women,3.57,floral,powdery,musky
women,3.57,floral,patchouli,fruity
unisex,3.57,musky,white floral,fresh
unisex,3.57,amber,warm spicy,woody
women,3.57,woody,floral,citrus
men,3.57,aromatic,fresh spicy,citrus
women,3.57,citrus,tropical,fruity
women,3.57,white floral,leather,woody
women,3.57,floral,citrus,fresh
unisex,3.57,amber,woody,fresh spicy
women,3.57,woody,citrus,musky
unisex,3.57,woody,rose,animalic
women,3.57,sweet,fruity,vanilla
men,3.57,warm spicy,leather,fruity
women,3.57,floral,fresh,citrus
men,3.57,aromatic,fresh spicy,green
women,3.57,sweet,patchouli,citrus
men,3.57,sweet,fruity,citrus
women,3.57,floral,fruity,fresh
unisex,3.57,fruity,citrus,almond
unisex,3.57,musky,lavender,powdery
unisex,3.57,sweet,tobacco,warm spicy
men,3.57,woody,aromatic,citrus
women,3.57,sweet,vanilla,fruity
unisex,3.57,woody,warm spicy,amber
unisex,3.57,amber,woody,vanilla
unisex,3.57,white floral,citrus,vanilla
women,3.57,fruity,citrus,sweet
men,3.57,aromatic,fresh spicy,woody
women,3.57,citrus,floral,fruity
women,3.57,sweet,patchouli,fruity
men,3.57,aromatic,citrus,fresh spicy
men,3.57,citrus,warm spicy,woody
women,3.57,white floral,floral,tuberose
women,3.57,white floral,woody,green
unisex,3.57,woody,warm spicy,sweet
unisex,3.57,citrus,woody,aromatic
women,3.57,green,white floral,mossy
women,3.57,green,aromatic,woody
women,3.57,amber,musky,rose
women,3.57,floral,fruity,citrus
women,3.57,fruity,floral,green
women,3.57,sweet,fruity,lactonic
men,3.57,aromatic,fresh spicy,woody
women,3.57,floral,citrus,white floral
women,3.57,woody,musky,white floral
women,3.57,floral,fruity,woody
women,3.57,floral,citrus,woody
women,3.57,vanilla,fruity,powdery
men,3.57,citrus,sweet,fresh spicy
men,3.57,woody,aromatic,warm spicy
women,3.57,citrus,white floral,sweet
men,3.57,white floral,green,fresh
unisex,3.57,woody,earthy,sweet
unisex,3.57,fruity,sweet,lactonic
women,3.57,cherry,powdery,ozonic
women,3.57,citrus,floral,white floral
women,3.57,fruity,leather,sweet
women,3.57,white floral,fruity,sweet
women,3.57,floral,sweet,rose
men,3.57,citrus,fresh spicy,aquatic
unisex,3.57,woody,floral,fruity
unisex,3.57,amber,warm spicy,aromatic
unisex,3.57,sweet,fruity,coconut
men,3.57,aromatic,herbal,fresh spicy
unisex,3.57,tropical,vanilla,sweet
women,3.57,fruity,tropical,sweet
unisex,3.57,white floral,sweet,woody
men,3.57,fresh spicy,aromatic,white floral
unisex,3.57,citrus,fresh spicy,aromatic
women,3.57,fruity,tropical,woody
women,3.57,white floral,woody,fruity
men,3.57,oud,leather,white floral
women,3.57,sweet,vanilla,coconut
unisex,3.57,white floral,citrus,floral
unisex,3.57,ozonic,aquatic,rose
unisex,3.57,amber,warm spicy,woody
men,3.57,fresh spicy,woody,aromatic
men,3.57,fresh spicy,aromatic,woody
unisex,3.57,rose,floral,fruity
women,3.57,white floral,green,woody
women,3.57,citrus,patchouli,earthy
men,3.57,aromatic,musky,amber
women,3.57,citrus,white floral,sweet
women,3.57,white floral,musky,powdery
men,3.57,warm spicy,woody,cinnamon
women,3.57,fruity,floral,white floral
unisex,3.57,fruity,tropical,sweet
unisex,3.57,marine,aromatic,vanilla
women,3.57,woody,fruity,patchouli
women,3.57,woody,fruity,earthy
unisex,3.57,green,aromatic,herbal
women,3.57,citrus,fruity,woody
men,3.57,aromatic,warm spicy,herbal
women,3.57,powdery,citrus,woody
women,3.57,powdery,warm spicy,amber
women,3.57,white floral,yellow floral,tuberose
unisex,3.57,rose,white floral,floral
unisex,3.57,sweet,vanilla,ozonic
unisex,3.57,aromatic,citrus,fresh spicy
unisex,3.57,warm spicy,woody,rose
unisex,3.57,white floral,floral,warm spicy
unisex,3.57,woody,sweet,aromatic
men,3.57,woody,aromatic,fresh spicy
men,3.57,aromatic,fresh spicy,amber
women,3.57,aquatic,floral,musky
unisex,3.57,fruity,musky,citrus
unisex,3.57,woody,citrus,aromatic
women,3.57,fruity,vanilla,sweet
women,3.57,tropical,woody,floral
unisex,3.57,aromatic,woody,lavender
unisex,3.57,white floral,fresh,musky
women,3.57,fruity,powdery,woody
women,3.57,vanilla,powdery,amber
women,3.57,woody,powdery,leather
women,3.57,fruity,musky,floral
women,3.57,white floral,tuberose,tropical
women,3.57,powdery,fruity,violet
women,3.57,floral,fresh,green
unisex,3.57,woody,warm spicy,camphor
unisex,3.57,amber,warm spicy,rose
women,3.57,citrus,warm spicy,vanilla
unisex,3.57,woody,savory,animalic
men,3.58,warm spicy,fresh spicy,amber
women,3.58,woody,powdery,green
women,3.58,sweet,fruity,vanilla
unisex,3.58,woody,floral,citrus
women,3.58,fruity,sweet,citrus
men,3.58,citrus,rose,fresh spicy
men,3.58,aromatic,green,citrus
unisex,3.58,amber,rose,patchouli
unisex,3.58,woody,aromatic,powdery
women,3.58,sweet,vanilla,cherry
unisex,3.58,warm spicy,aromatic,herbal
women,3.58,white floral,citrus,floral
women,3.58,floral,white floral,rose
women,3.58,sweet,fruity,vanilla
women,3.58,floral,musky,soft spicy
women,3.58,fresh spicy,citrus,aromatic
women,3.58,floral,woody,amber
men,3.58,warm spicy,woody,amber
women,3.58,citrus,woody,green
women,3.58,marine,aquatic,floral
men,3.58,woody,aromatic,soft spicy
women,3.58,ozonic,aquatic,rose
women,3.58,sweet,fruity,vanilla
women,3.58,sweet,ozonic,fruity
unisex,3.58,oud,fresh spicy,patchouli
women,3.58,citrus,aromatic,musky
women,3.58,citrus,warm spicy,floral
women,3.58,citrus,fruity,fresh
unisex,3.58,warm spicy,aquatic,ozonic
women,3.58,floral,fresh,citrus
women,3.58,white floral,fruity,tuberose
women,3.58,woody,citrus,iris
men,3.58,aromatic,woody,lavender
women,3.58,fruity,aquatic,white floral
women,3.58,fruity,sweet,caramel
men,3.58,citrus,woody,aromatic
unisex,3.58,fruity,warm spicy,sweet
women,3.58,sweet,white floral,powdery
unisex,3.58,fruity,green,sweet
men,3.58,aromatic,warm spicy,soft spicy
women,3.58,musky,rose,white floral
women,3.58,fruity,sweet,citrus
women,3.58,sweet,fruity,vanilla
women,3.58,floral,powdery,vanilla
women,3.58,musky,white floral,powdery
women,3.58,citrus,fruity,fresh spicy
women,3.58,lactonic,coconut,sweet
women,3.58,sweet,amber,vanilla
women,3.58,lactonic,fresh spicy,floral
men,3.58,aromatic,woody,powdery
unisex,3.58,fruity,powdery,floral
women,3.58,green,ozonic,aquatic
women,3.58,woody,fruity,citrus
women,3.58,fruity,marine,white floral
unisex,3.58,white floral,sweet,citrus
men,3.58,amber,warm spicy,aromatic
women,3.58,white floral,aromatic,woody
unisex,3.58,floral,musky,powdery
unisex,3.58,woody,whiskey,fruity
unisex,3.58,amber,warm spicy,woody
men,3.58,aromatic,fresh spicy,green
unisex,3.58,fruity,citrus,woody
men,3.58,citrus,aromatic,fresh spicy
women,3.58,floral,warm spicy,woody
unisex,3.58,woody,aromatic,earthy
unisex,3.58,warm spicy,citrus,amber
women,3.58,aromatic,woody,citrus
unisex,3.58,smoky,vanilla,tobacco
unisex,3.58,citrus,amber,woody
unisex,3.58,warm spicy,white floral,tuberose
unisex,3.58,lactonic,sweet,vanilla
women,3.58,white floral,tuberose,sweet
women,3.58,fruity,citrus,ozonic
unisex,3.58,vanilla,sweet,powdery
unisex,3.58,warm spicy,cinnamon,almond
women,3.58,white floral,fruity,woody
women,3.58,rose,aromatic,powdery
women,3.58,citrus,ozonic,aquatic
women,3.58,fruity,floral,fresh
men,3.58,citrus,ozonic,aquatic
women,3.58,fruity,sweet,patchouli
unisex,3.58,citrus,woody,aromatic
unisex,3.58,aromatic,fresh spicy,citrus
men,3.58,aromatic,fresh spicy,warm spicy
men,3.58,fresh spicy,warm spicy,cacao
women,3.58,fruity,sweet,floral
men,3.58,citrus,vanilla,green
men,3.58,woody,balsamic,sweet
unisex,3.58,woody,fruity,green
unisex,3.58,citrus,woody,fresh spicy
unisex,3.58,yellow floral,ozonic,powdery
unisex,3.58,woody,oud,fresh spicy
unisex,3.58,powdery,iris,violet
women,3.58,marine,white floral,aromatic
women,3.58,lactonic,vanilla,sweet
men,3.58,aromatic,fresh spicy,citrus
unisex,3.58,amber,fresh,floral
women,3.58,sweet,vanilla,fruity
women,3.58,fruity,floral,woody
unisex,3.58,white floral,marine,salty
women,3.58,warm spicy,woody,amber
women,3.58,vanilla,coconut,sweet
women,3.58,fruity,sweet,vanilla
unisex,3.58,fruity,floral,fresh
women,3.58,fruity,citrus,sweet
unisex,3.58,warm spicy,aromatic,citrus
unisex,3.58,aromatic,fresh spicy,citrus
unisex,3.58,woody,amber,vanilla
unisex,3.58,sweet,coffee,lactonic
women,3.58,fruity,vanilla,sweet
women,3.59,citrus,floral,woody
women,3.59,fruity,floral,musky
women,3.59,fruity,woody,sweet
women,3.59,floral,white floral,woody
women,3.59,floral,fresh,
women,3.59,floral,musky,aquatic
women,3.59,green,fruity,sweet
unisex,3.59,warm spicy,fresh spicy,woody
unisex,3.59,citrus,warm spicy,ozonic
women,3.59,floral,aquatic,fresh
women,3.59,fresh,floral,fruity
men,3.59,aromatic,citrus,woody
women,3.59,floral,musky,white floral
unisex,3.59,woody,oud,amber
women,3.59,musky,rose,patchouli
women,3.59,white floral,citrus,woody
men,3.59,aromatic,citrus,aldehydic
men,3.59,amber,leather,animalic
women,3.59,yellow floral,powdery,aromatic
women,3.59,musky,citrus,powdery
unisex,3.59,sweet,lactonic,mossy
women,3.59,rose,warm spicy,woody
women,3.59,musky,ozonic,fruity
unisex,3.59,citrus,woody,fresh spicy
women,3.59,cherry,sweet,musky
men,3.59,citrus,aromatic,white floral
women,3.59,citrus,white floral,fresh
unisex,3.59,citrus,woody,earthy
women,3.59,amber,warm spicy,sweet
women,3.59,green,aldehydic,floral
women,3.59,fruity,floral,fresh
women,3.59,citrus,aromatic,fresh spicy
women,3.59,citrus,musky,white floral
unisex,3.59,warm spicy,woody,green
unisex,3.59,woody,fruity,aromatic
women,3.59,powdery,musky,fruity
unisex,3.59,woody,animalic,oud
women,3.59,fruity,woody,sweet
women,3.59,iris,patchouli,aromatic
unisex,3.59,warm spicy,aromatic,vanilla
women,3.59,floral,iris,powdery
men,3.59,fruity,fresh spicy,sweet
men,3.59,fruity,woody,floral
women,3.59,floral,musky,warm spicy
men,3.59,citrus,marine,amber
men,3.59,leather,amber,woody
men,3.59,woody,aromatic,vanilla
women,3.59,woody,floral,white floral
women,3.59,amber,woody,sweet
men,3.59,green,warm spicy,aromatic
women,3.59,floral,fruity,iris
women,3.59,fruity,citrus,mossy
men,3.59,citrus,aromatic,woody
men,3.59,citrus,ozonic,aquatic
women,3.59,floral,rose,sweet
women,3.59,woody,white floral,powdery
unisex,3.59,woody,fruity,fresh spicy
women,3.59,amber,citrus,fresh spicy
men,3.59,fresh spicy,woody,citrus
women,3.59,rose,musky,woody
unisex,3.59,marine,aromatic,herbal
unisex,3.59,citrus,floral,woody
unisex,3.59,green,leather,aromatic
women,3.59,amber,warm spicy,musky
women,3.59,fruity,green,sweet
unisex,3.59,warm spicy,woody,amber
women,3.59,fruity,fresh,sweet
unisex,3.59,amber,musky,animalic
women,3.59,fruity,sweet,white floral
unisex,3.59,floral,citrus,white floral
women,3.59,citrus,honey,fruity
women,3.59,fruity,woody,sweet
women,3.59,rose,earthy,woody
women,3.59,vanilla,sweet,coconut
women,3.59,floral,citrus,violet
women,3.59,fruity,floral,sweet
women,3.59,citrus,white floral,fruity
unisex,3.59,musky,amber,powdery
women,3.59,floral,fruity,fresh
unisex,3.59,herbal,sweet,aromatic
women,3.59,sweet,fruity,vanilla
women,3.59,earthy,musky,white floral
unisex,3.59,fruity,sweet,ozonic
women,3.59,rose,white floral,citrus
women,3.59,sweet,woody,fruity
men,3.59,vanilla,aromatic,amber
women,3.59,sweet,vanilla,coconut
unisex,3.59,musky,amber,powdery
men,3.59,aromatic,woody,amber
women,3.59,green,fruity,fresh
unisex,3.59,white floral,floral,rose
women,3.59,fruity,sweet,citrus
women,3.59,white floral,floral,fresh
unisex,3.59,warm spicy,sweet,fruity
unisex,3.59,cacao,tobacco,warm spicy
unisex,3.59,sweet,fresh,vanilla
unisex,3.59,woody,powdery,warm spicy
unisex,3.59,citrus,aromatic,woody
men,3.59,warm spicy,citrus,leather
men,3.59,amber,warm spicy,vanilla
unisex,3.59,woody,vanilla,aromatic
women,3.59,floral,aldehydic,citrus
women,3.59,fruity,floral,rose
women,3.59,white floral,citrus,tuberose
women,3.59,white floral,floral,fresh
men,3.59,aromatic,woody,fresh spicy
men,3.59,citrus,woody,marine
women,3.59,fruity,sweet,tropical
women,3.59,woody,powdery,vanilla
women,3.59,fruity,sweet,vanilla
women,3.59,floral,green,fresh spicy
unisex,3.59,amber,woody,mossy
men,3.59,warm spicy,woody,aromatic
unisex,3.59,white floral,rose,fruity
women,3.59,white floral,citrus,
women,3.59,floral,fruity,rose
women,3.59,fruity,vanilla,sweet
women,3.59,tuberose,white floral,warm spicy
women,3.59,woody,iris,powdery
men,3.6,fresh spicy,woody,musky
women,3.6,ozonic,floral,aquatic
women,3.6,fruity,tropical,floral
women,3.6,sweet,woody,lactonic
women,3.6,citrus,aldehydic,iris
women,3.6,floral,fresh,violet
women,3.6,rose,floral,fresh
men,3.6,aromatic,fresh spicy,woody
men,3.6,citrus,warm spicy,patchouli
women,3.6,woody,fruity,floral
unisex,3.6,fresh,aldehydic,ozonic
unisex,3.6,sweet,lactonic,honey
unisex,3.6,musky,aromatic,woody
women,3.6,rose,musky,aromatic
unisex,3.6,woody,oud,powdery
unisex,3.6,woody,warm spicy,fresh spicy
women,3.6,violet,powdery,iris
women,3.6,vanilla,sweet,fruity
women,3.6,white floral,fruity,sweet
unisex,3.6,rose,musky,floral
women,3.6,fruity,white floral,sweet
women,3.6,citrus,woody,floral
women,3.6,floral,fresh,powdery
women,3.6,rose,balsamic,floral
women,3.6,aquatic,woody,green
unisex,3.6,lavender,oud,powdery
women,3.6,rose,warm spicy,sweet
men,3.6,marine,aromatic,citrus
women,3.6,fruity,rose,fresh spicy
unisex,3.6,vanilla,woody,yellow floral
men,3.6,aromatic,lavender,woody
women,3.6,woody,sweet,fruity
women,3.6,floral,warm spicy,soft spicy
women,3.6,woody,powdery,musky
women,3.6,aquatic,ozonic,citrus
unisex,3.6,white floral,tuberose,citrus
women,3.6,citrus,white floral,warm spicy
men,3.6,citrus,woody,amber
women,3.6,citrus,white floral,fresh spicy
unisex,3.6,woody,green,citrus
women,3.6,coca-cola,fruity,citrus
women,3.6,floral,white floral,woody
men,3.6,green,aromatic,citrus
women,3.6,fruity,sweet,floral
women,3.6,sweet,rose,lactonic
women,3.6,fruity,sweet,floral
women,3.6,sand,white floral,amber
women,3.6,woody,fruity,powdery
women,3.6,citrus,balsamic,white floral
women,3.6,warm spicy,woody,patchouli
women,3.6,floral,woody,patchouli
men,3.6,musky,lavender,powdery
men,3.6,citrus,fresh spicy,woody
women,3.6,fruity,sweet,citrus
unisex,3.6,marine,aromatic,lavender
women,3.6,fruity,sweet,tropical
women,3.6,warm spicy,woody,amber
women,3.6,floral,aquatic,fresh
unisex,3.6,floral,woody,citrus
women,3.6,woody,amber,sweet
unisex,3.6,green,fresh,white floral
women,3.6,citrus,aquatic,floral
women,3.6,floral,fruity,woody
men,3.6,aromatic,woody,fresh spicy
men,3.6,citrus,aquatic,woody
unisex,3.6,amber,woody,animalic
unisex,3.6,aromatic,marine,aquatic
unisex,3.6,caramel,citrus,vanilla
women,3.6,rose,citrus,fresh spicy
men,3.6,sweet,asphault,vanilla
unisex,3.6,aromatic,green,fruity
men,3.6,citrus,aquatic,fresh spicy
unisex,3.6,oud,woody,amber
women,3.6,woody,amber,musky
women,3.6,green,fruity,aquatic
women,3.6,fruity,sweet,powdery
women,3.6,vanilla,lactonic,fruity
unisex,3.6,sweet,woody,vanilla
unisex,3.6,fruity,sweet,caramel
women,3.6,citrus,white floral,patchouli
unisex,3.6,fruity,rose,warm spicy
women,3.6,fruity,woody,fresh
women,3.6,white floral,citrus,green
women,3.6,amber,citrus,white floral
women,3.6,fruity,sweet,vanilla
unisex,3.6,amber,vanilla,sweet
women,3.6,floral,fresh,citrus
women,3.6,citrus,tropical,fruity
unisex,3.6,cacao,warm spicy,chocolate
men,3.6,marine,musky,citrus
unisex,3.6,rose,warm spicy,fresh spicy
women,3.6,floral,powdery,soft spicy
unisex,3.6,citrus,woody,amber
women,3.6,amber,warm spicy,white floral
women,3.6,sweet,caramel,green
unisex,3.6,green,citrus,fruity
unisex,3.6,woody,vanilla,amber
unisex,3.6,woody,warm spicy,fresh spicy
men,3.6,fruity,sweet,tropical
unisex,3.6,citrus,amber,animalic
unisex,3.6,citrus,fresh spicy,green
women,3.6,fruity,aquatic,fresh
women,3.6,citrus,fresh,floral
women,3.6,patchouli,floral,fresh
women,3.6,green,fruity,white floral
women,3.6,fruity,sweet,citrus
women,3.6,fruity,floral,green
unisex,3.6,citrus,green,aromatic
women,3.6,powdery,floral,musky
men,3.6,woody,lavender,citrus
unisex,3.6,marine,aromatic,citrus
unisex,3.6,rose,floral,warm spicy
unisex,3.6,fruity,woody,mossy
women,3.6,citrus,woody,patchouli
unisex,3.6,vanilla,powdery,amber
women,3.6,fruity,white floral,floral
women,3.6,vanilla,amber,powdery
women,3.6,cacao,fruity,vanilla
women,3.6,citrus,floral,fruity
women,3.6,citrus,rose,fresh spicy
women,3.6,amber,fresh spicy,citrus
women,3.6,fruity,woody,fresh spicy
women,3.6,sweet,fruity,citrus
men,3.6,woody,warm spicy,citrus
unisex,3.6,citrus,woody,aromatic
women,3.6,fruity,rose,sweet
women,3.6,fruity,sweet,woody
women,3.6,fruity,sweet,powdery
women,3.61,fruity,sweet,musky
women,3.61,fruity,woody,sweet
women,3.61,tropical,floral,fruity
men,3.61,woody,green,aromatic
women,3.61,amber,fruity,white floral
men,3.61,warm spicy,chocolate,sweet
women,3.61,vanilla,fruity,powdery
women,3.61,fruity,champagne,fresh
women,3.61,floral,fresh,fruity
men,3.61,lavender,woody,aromatic
unisex,3.61,warm spicy,cacao,vanilla
women,3.61,fruity,fresh,musky
women,3.61,white floral,fruity,floral
women,3.61,rose,sweet,fruity
women,3.61,rose,woody,fresh spicy
women,3.61,floral,aromatic,woody
unisex,3.61,woody,vanilla,aromatic
unisex,3.61,fresh,floral,powdery
women,3.61,citrus,fresh,white floral
unisex,3.61,woody,aromatic,lavender
women,3.61,fruity,sweet,floral
women,3.61,powdery,iris,woody
women,3.61,floral,fresh,powdery
men,3.61,earthy,woody,animalic
unisex,3.61,woody,floral,powdery
women,3.61,amber,woody,aldehydic
women,3.61,floral,sweet,fresh
women,3.61,woody,patchouli,caramel
women,3.61,aromatic,fruity,floral
unisex,3.61,warm spicy,herbal,amber
women,3.61,white floral,tuberose,fruity
unisex,3.61,fruity,rose,sweet
women,3.61,marine,aromatic,citrus
women,3.61,citrus,fruity,sweet
men,3.61,fresh spicy,warm spicy,wine
women,3.61,white floral,citrus,aquatic
women,3.61,woody,powdery,musky
unisex,3.61,aromatic,woody,soft spicy
women,3.61,fruity,floral,rose
women,3.61,soft spicy,vanilla,sweet
women,3.61,musky,white floral,sweet
women,3.61,floral,fruity,sweet
women,3.61,rose,woody,fruity
women,3.61,citrus,caramel,sweet
women,3.61,nutty,sweet,fruity
women,3.61,floral,citrus,white floral
women,3.61,floral,rose,powdery
women,3.61,fruity,sweet,musky
women,3.61,white floral,floral,
women,3.61,green,floral,rose
women,3.61,fruity,floral,citrus
women,3.61,fruity,sweet,vanilla
women,3.61,green,warm spicy,woody
men,3.61,marine,citrus,fruity
women,3.61,powdery,citrus,rose
women,3.61,citrus,woody,floral
women,3.61,citrus,white floral,rose
women,3.61,woody,patchouli,floral
women,3.61,fruity,woody,powdery
women,3.61,floral,ozonic,woody
women,3.61,woody,warm spicy,amber
women,3.61,woody,floral,white floral
unisex,3.61,woody,warm spicy,powdery
unisex,3.61,citrus,woody,oud
men,3.61,fresh spicy,citrus,aromatic
unisex,3.61,citrus,white floral,sweet
women,3.61,woody,powdery,musky
women,3.61,rose,musky,fruity
women,3.61,fresh,floral,green
unisex,3.61,aromatic,herbal,fresh spicy
women,3.61,floral,fruity,powdery
unisex,3.61,iris,powdery,ozonic
women,3.61,floral,rose,citrus
unisex,3.61,green,aromatic,fresh spicy
unisex,3.61,warm spicy,woody,earthy
unisex,3.61,fresh spicy,rose,woody
unisex,3.61,floral,salty,powdery
unisex,3.61,amber,warm spicy,woody
unisex,3.61,lavender,vanilla,warm spicy
women,3.61,sweet,fruity,patchouli
women,3.61,floral,fruity,violet
women,3.61,white floral,citrus,fruity
unisex,3.61,warm spicy,aromatic,fresh spicy
women,3.61,fruity,sweet,tropical
women,3.61,warm spicy,yellow floral,aromatic
women,3.61,powdery,fruity,almond
women,3.61,floral,fruity,citrus
unisex,3.61,fruity,woody,aromatic
women,3.61,fruity,sweet,woody
women,3.61,floral,rose,fruity
women,3.61,vanilla,sweet,fruity
women,3.61,rose,citrus,fruity
women,3.61,citrus,floral,white floral
unisex,3.61,fruity,citrus,green
unisex,3.61,green,fresh,fresh spicy
unisex,3.61,woody,musky,powdery
women,3.61,fruity,floral,rose
women,3.61,floral,citrus,powdery
unisex,3.61,amber,leather,fresh spicy
unisex,3.61,citrus,white floral,fresh
women,3.61,woody,iris,fruity
women,3.61,floral,fruity,woody
unisex,3.61,woody,fresh spicy,aromatic
women,3.61,aldehydic,fresh,white floral
women,3.61,white floral,honey,sweet
women,3.61,rose,musky,soft spicy
unisex,3.61,white floral,coconut,sweet
women,3.61,fruity,white floral,sweet
women,3.61,fruity,sweet,white floral
men,3.61,musky,green,aromatic
men,3.61,aromatic,woody,fresh spicy
women,3.61,warm spicy,sweet,fresh spicy
women,3.61,fruity,rose,musky
unisex,3.61,woody,aromatic,citrus
unisex,3.61,amber,sweet,yellow floral
unisex,3.61,woody,fresh spicy,citrus
men,3.61,vanilla,amber,woody
men,3.61,warm spicy,cinnamon,vanilla
unisex,3.61,oud,leather,woody
unisex,3.61,warm spicy,cacao,vanilla
women,3.61,vanilla,rum,soft spicy
men,3.61,citrus,aromatic,green
men,3.61,woody,aromatic,warm spicy
unisex,3.61,citrus,aromatic,woody
women,3.61,floral,citrus,rose
women,3.61,white floral,citrus,sweet
men,3.61,aromatic,fresh spicy,woody
unisex,3.61,fresh spicy,aromatic,lavender
women,3.61,citrus,fresh spicy,aromatic
women,3.61,floral,rose,woody
women,3.61,warm spicy,fresh spicy,white floral
men,3.61,citrus,warm spicy,ozonic
women,3.61,floral,citrus,woody
unisex,3.61,woody,oud,powdery
women,3.61,woody,sweet,fruity
unisex,3.61,woody,amber,tobacco
men,3.62,aromatic,green,rose
women,3.62,woody,fruity,powdery
men,3.62,fresh spicy,woody,fruity
men,3.62,fresh spicy,aromatic,woody
women,3.62,fruity,sweet,woody
women,3.62,fruity,sweet,rose
men,3.62,aromatic,marine,citrus
women,3.62,white floral,fruity,sweet
women,3.62,fruity,woody,floral
unisex,3.62,white floral,sweet,yellow floral
unisex,3.62,warm spicy,cinnamon,powdery
women,3.62,white floral,floral,sweet
women,3.62,rose,fresh spicy,white floral
women,3.62,floral,rose,woody
women,3.62,sweet,leather,vanilla
women,3.62,rose,floral,fresh
unisex,3.62,citrus,woody,aromatic
unisex,3.62,fruity,citrus,fresh
women,3.62,ozonic,fresh,aquatic
women,3.62,floral,rose,musky
men,3.62,leather,fruity,sweet
women,3.62,rose,fruity,musky
women,3.62,fruity,floral,white floral
women,3.62,rose,white floral,vanilla
unisex,3.62,amber,vanilla,powdery
men,3.62,woody,soft spicy,amber
women,3.62,fruity,sweet,musky
women,3.62,woody,fruity,vanilla
women,3.62,musky,floral,fruity
men,3.62,warm spicy,citrus,fruity
women,3.62,white floral,musky,amber
women,3.62,powdery,floral,violet
men,3.62,aromatic,citrus,warm spicy
men,3.62,aromatic,fresh spicy,green
women,3.62,musky,floral,powdery
men,3.62,aromatic,citrus,fresh spicy
women,3.62,citrus,fruity,white floral
unisex,3.62,fruity,musky,sweet
unisex,3.62,woody,powdery,citrus
women,3.62,white floral,green,citrus
women,3.62,fruity,sweet,white floral
unisex,3.62,powdery,woody,leather
women,3.62,citrus,fruity,vanilla
women,3.62,rose,woody,green
men,3.62,citrus,aromatic,woody
women,3.62,sweet,fruity,white floral
men,3.62,warm spicy,aromatic,fresh spicy
women,3.62,white floral,sweet,honey
women,3.62,marine,green,woody
men,3.62,green,aromatic,lavender
women,3.62,white floral,powdery,amber
women,3.62,fruity,woody,powdery
women,3.62,fruity,sweet,tropical
women,3.62,fruity,citrus,musky
women,3.62,rose,floral,fruity
women,3.62,fresh,floral,white floral
unisex,3.62,fruity,musky,sweet
women,3.62,citrus,white floral,floral
unisex,3.62,citrus,green,fresh spicy
unisex,3.62,fresh spicy,aromatic,woody
women,3.62,ozonic,woody,citrus
women,3.62,citrus,lavender,aldehydic
men,3.62,citrus,floral,woody
unisex,3.62,fresh spicy,warm spicy,woody
women,3.62,citrus,powdery,iris
unisex,3.62,aromatic,citrus,woody
women,3.62,citrus,warm spicy,fruity
women,3.62,sweet,floral,fruity
women,3.62,yellow floral,white floral,sweet
men,3.62,warm spicy,aromatic,amber
women,3.62,fruity,white floral,citrus
men,3.62,citrus,aromatic,woody
men,3.62,fresh spicy,citrus,warm spicy
women,3.62,woody,citrus,aromatic
women,3.62,sweet,fruity,citrus
women,3.62,floral,fruity,sweet
unisex,3.62,musky,powdery,white floral
women,3.62,citrus,fruity,fresh
men,3.62,ozonic,woody,aquatic
men,3.62,sweet,fruity,aromatic
women,3.62,woody,powdery,white floral
women,3.62,citrus,white floral,fresh spicy
women,3.62,citrus,sweet,fruity
unisex,3.62,woody,warm spicy,powdery
unisex,3.62,amber,aldehydic,fresh spicy
women,3.62,floral,fruity,fresh
women,3.62,fruity,sweet,floral
men,3.62,aromatic,green,citrus
unisex,3.62,sweet,vanilla,coconut
men,3.62,fruity,patchouli,fresh spicy
women,3.62,floral,musky,white floral
women,3.62,amber,sweet,white floral
women,3.62,floral,white floral,citrus
unisex,3.62,aromatic,floral,woody
men,3.62,woody,warm spicy,powdery
men,3.62,aromatic,woody,fresh spicy
unisex,3.62,citrus,white floral,woody
men,3.62,warm spicy,patchouli,woody
men,3.62,woody,aromatic,citrus
unisex,3.62,fruity,sweet,fresh
men,3.62,amber,woody,oud
women,3.62,citrus,white floral,sweet
women,3.62,vanilla,powdery,fruity
unisex,3.62,green,woody,aromatic
unisex,3.62,woody,citrus,patchouli
unisex,3.62,woody,aromatic,rose
women,3.62,fresh spicy,chocolate,sweet
unisex,3.62,fruity,woody,oud
men,3.62,white floral,musky,citrus
unisex,3.62,fruity,amber,musky
unisex,3.62,powdery,vanilla,aromatic
women,3.62,floral,fruity,fresh
women,3.62,white floral,amber,citrus
women,3.62,aromatic,green,white floral
unisex,3.62,amber,warm spicy,woody
unisex,3.62,citrus,aldehydic,fruity
unisex,3.62,citrus,,
unisex,3.62,floral,green,fresh
women,3.62,white floral,woody,earthy
women,3.62,fruity,sweet,vanilla
women,3.62,white floral,vanilla,fruity
women,3.62,powdery,woody,floral
men,3.62,warm spicy,woody,amber
unisex,3.62,woody,amber,fresh spicy
women,3.62,warm spicy,woody,oud
women,3.62,rose,fruity,woody
women,3.62,sweet,vanilla,anis
unisex,3.62,citrus,aromatic,fresh spicy
women,3.62,vanilla,floral,citrus
women,3.62,citrus,musky,woody
women,3.62,white floral,musky,
men,3.62,aromatic,warm spicy,woody
women,3.62,white floral,coconut,anis
women,3.62,tropical,powdery,sweet
men,3.62,aromatic,fresh spicy,musky
women,3.62,fresh spicy,green,aromatic
women,3.62,white floral,woody,rose
unisex,3.62,aromatic,citrus,fresh spicy
women,3.62,powdery,sweet,violet
unisex,3.62,coconut,woody,vanilla
women,3.62,fruity,sweet,white floral
unisex,3.62,citrus,warm spicy,fresh spicy
men,3.62,citrus,fresh spicy,aromatic
unisex,3.62,fruity,oud,coconut
women,3.62,floral,white floral,fresh
women,3.62,white floral,woody,fruity
men,3.62,woody,amber,aromatic
men,3.62,amber,citrus,fresh spicy
women,3.62,white floral,fruity,fresh
women,3.62,white floral,citrus,fresh
unisex,3.62,musky,amber,vanilla
women,3.62,rose,fruity,amber
women,3.62,floral,sweet,powdery
unisex,3.62,iris,woody,powdery
women,3.62,fruity,aromatic,woody
women,3.62,fruity,woody,musky
unisex,3.62,oud,warm spicy,citrus
unisex,3.62,musky,warm spicy,rose
unisex,3.62,green,cannabis,aromatic
men,3.62,green,aromatic,woody
women,3.62,white floral,vanilla,powdery
women,3.62,fruity,sweet,white floral
unisex,3.62,citrus,aromatic,woody
women,3.62,fruity,sweet,floral
women,3.62,fruity,vanilla,woody
men,3.62,aromatic,fresh spicy,lavender
unisex,3.62,citrus,warm spicy,powdery
men,3.62,vanilla,lavender,aromatic
unisex,3.62,woody,aromatic,patchouli
unisex,3.62,warm spicy,woody,sweet
unisex,3.62,aromatic,woody,citrus
women,3.62,fruity,sweet,vanilla
men,3.62,anis,woody,floral
unisex,3.62,warm spicy,woody,cacao
women,3.62,floral,aquatic,white floral
women,3.62,fresh,fruity,floral
unisex,3.62,green,woody,white floral
women,3.62,fruity,floral,soft spicy
unisex,3.62,woody,green,musky
women,3.63,woody,marine,citrus
men,3.63,green,citrus,aromatic
men,3.63,ozonic,fresh spicy,aromatic
women,3.63,floral,citrus,white floral
men,3.63,leather,citrus,lavender
women,3.63,woody,white floral,fruity
men,3.63,lavender,citrus,patchouli
women,3.63,citrus,floral,powdery
women,3.63,white floral,floral,woody
women,3.63,citrus,warm spicy,white floral
women,3.63,floral,white floral,green
women,3.63,fruity,white floral,citrus
women,3.63,fresh spicy,woody,white floral
women,3.63,vanilla,white floral,powdery
women,3.63,cherry,sweet,vanilla
men,3.63,citrus,woody,amber
women,3.63,citrus,aromatic,marine
unisex,3.63,white floral,citrus,patchouli
unisex,3.63,woody,amber,musky
women,3.63,fruity,fresh,white floral
women,3.63,fruity,citrus,woody
unisex,3.63,sweet,fruity,tobacco
women,3.63,fruity,rose,fresh
women,3.63,white floral,woody,warm spicy
women,3.63,yellow floral,aquatic,powdery
women,3.63,floral,vanilla,patchouli
unisex,3.63,oud,woody,powdery
men,3.63,green,woody,floral
unisex,3.63,musky,powdery,aldehydic
women,3.63,citrus,floral,white floral
unisex,3.63,rose,aromatic,fresh spicy
women,3.63,almond,fruity,sweet
women,3.63,powdery,vanilla,leather
unisex,3.63,warm spicy,leather,woody
women,3.63,fruity,white floral,tropical
unisex,3.63,powdery,rose,citrus
women,3.63,almond,white floral,powdery
women,3.63,fruity,fresh,citrus
women,3.63,citrus,white floral,fresh
unisex,3.63,rose,musky,white floral
women,3.63,white floral,tuberose,amber
women,3.63,fruity,rose,woody
women,3.63,white floral,tuberose,soft spicy
women,3.63,warm spicy,rose,woody
women,3.63,floral,powdery,musky
women,3.63,warm spicy,citrus,powdery
women,3.63,white floral,floral,woody
women,3.63,sweet,fruity,musky
women,3.63,amber,warm spicy,rose
women,3.63,floral,musky,fruity
unisex,3.63,floral,fresh,rose
women,3.63,fruity,woody,floral
men,3.63,sweet,fruity,warm spicy
women,3.63,floral,vanilla,fruity
women,3.63,floral,fresh,musky
women,3.63,woody,citrus,vanilla
unisex,3.63,musky,powdery,woody
women,3.63,white floral,floral,musky
unisex,3.63,vanilla,powdery,citrus
women,3.63,floral,green,aquatic
women,3.63,powdery,musky,woody
women,3.63,floral,fresh,white floral
women,3.63,floral,fresh,citrus
women,3.63,white floral,citrus,musky
men,3.63,aromatic,fresh spicy,warm spicy
women,3.63,fruity,citrus,fresh
men,3.63,citrus,woody,fruity
women,3.63,floral,fruity,citrus
women,3.63,white floral,sweet,fruity
unisex,3.63,leather,oud,fruity
unisex,3.63,citrus,fruity,sweet
unisex,3.63,leather,woody,green
men,3.63,fresh spicy,aromatic,lavender
women,3.63,white floral,woody,powdery
men,3.63,fresh spicy,aromatic,woody
unisex,3.63,green,white floral,fresh
women,3.63,citrus,aromatic,warm spicy
women,3.63,musky,white floral,fruity
women,3.63,floral,woody,patchouli
women,3.63,green,fruity,fresh
women,3.63,citrus,sweet,tropical
unisex,3.63,citrus,white floral,woody
men,3.63,woody,citrus,aromatic
men,3.63,woody,aromatic,fruity
men,3.63,musky,amber,powdery
women,3.63,floral,fruity,rose
unisex,3.63,warm spicy,vanilla,caramel
unisex,3.63,woody,rose,fruity
women,3.63,floral,aromatic,fresh spicy
unisex,3.63,fruity,powdery,musky
men,3.63,fresh spicy,aromatic,citrus
women,3.63,fruity,fresh spicy,sweet
women,3.63,citrus,white floral,warm spicy
women,3.63,floral,musky,citrus
unisex,3.63,woody,green,fruity
women,3.63,white floral,woody,powdery
women,3.63,floral,fruity,sweet
women,3.63,fruity,floral,fresh
women,3.63,floral,aquatic,rose
unisex,3.63,iris,powdery,musky
women,3.63,woody,sweet,warm spicy
men,3.63,aromatic,citrus,woody
unisex,3.63,rose,amber,floral
unisex,3.63,woody,fruity,champagne
women,3.63,yellow floral,citrus,sweet
women,3.63,vanilla,coconut,sweet
men,3.63,woody,aromatic,fruity
women,3.63,vanilla,citrus,white floral
women,3.63,woody,warm spicy,powdery
women,3.63,fruity,woody,vanilla
men,3.63,woody,aquatic,citrus
women,3.63,fruity,sweet,woody
women,3.63,woody,patchouli,yellow floral
women,3.63,fruity,fresh,floral
women,3.63,floral,fresh,musky
women,3.63,fruity,woody,rose
women,3.63,fruity,sweet,tropical
women,3.63,floral,vanilla,sweet
women,3.63,white floral,fruity,sweet
women,3.63,white floral,tuberose,woody
women,3.63,floral,aquatic,fruity
women,3.63,floral,fresh,fruity
unisex,3.63,citrus,white floral,musky
women,3.63,fruity,vanilla,sweet
women,3.63,fruity,sweet,citrus
men,3.63,fresh spicy,warm spicy,aromatic
women,3.63,fruity,sweet,caramel
women,3.63,fruity,sweet,rose
women,3.63,leather,amber,fruity
women,3.63,fresh spicy,warm spicy,sweet
unisex,3.63,vanilla,oud,chocolate
women,3.63,fruity,aromatic,citrus
men,3.64,metallic,amber,fruity
women,3.64,fruity,citrus,floral
women,3.64,musky,powdery,woody
women,3.64,white floral,woody,floral
women,3.64,woody,floral,fruity
women,3.64,fruity,woody,white floral
men,3.64,fresh spicy,woody,aromatic
women,3.64,ozonic,aquatic,powdery
women,3.64,floral,fruity,fresh
men,3.64,warm spicy,fresh spicy,cacao
women,3.64,woody,powdery,fruity
women,3.64,white floral,floral,tuberose
women,3.64,woody,rose,citrus
unisex,3.64,citrus,woody,white floral
unisex,3.64,green,amber,metallic
unisex,3.64,aromatic,woody,fresh spicy
unisex,3.64,citrus,white floral,
women,3.64,powdery,violet,floral
women,3.64,amber,warm spicy,floral
unisex,3.64,marine,salty,aromatic
women,3.64,floral,vanilla,powdery
unisex,3.64,aromatic,fresh spicy,citrus
unisex,3.64,marine,woody,aromatic
unisex,3.64,musky,aromatic,amber
women,3.64,citrus,aquatic,rose
women,3.64,vanilla,sweet,coconut
women,3.64,musky,floral,powdery
unisex,3.64,amber,warm spicy,fresh spicy
unisex,3.64,white floral,musky,vanilla
women,3.64,powdery,violet,iris
unisex,3.64,citrus,fresh,white floral
unisex,3.64,woody,fruity,warm spicy
unisex,3.64,aromatic,lavender,herbal
women,3.64,citrus,white floral,sweet
unisex,3.64,vanilla,salty,powdery
unisex,3.64,woody,warm spicy,fresh spicy
unisex,3.64,vanilla,sweet,warm spicy
women,3.64,sweet,vanilla,fruity
women,3.64,fruity,powdery,floral
unisex,3.64,woody,citrus,powdery
unisex,3.64,floral,musky,amber
men,3.64,aromatic,citrus,woody
women,3.64,vanilla,woody,citrus
women,3.64,floral,fresh,honey
women,3.64,citrus,rose,powdery
women,3.64,floral,fruity,powdery
unisex,3.64,floral,salty,citrus
unisex,3.64,floral,rose,white floral
unisex,3.64,woody,oud,warm spicy
men,3.64,fresh spicy,woody,citrus
women,3.64,woody,floral,citrus
unisex,3.64,leather,warm spicy,woody
men,3.64,musky,animalic,aromatic
women,3.64,floral,citrus,rose
women,3.64,citrus,fresh spicy,white floral
unisex,3.64,powdery,fruity,sweet
women,3.64,citrus,powdery,fresh
women,3.64,citrus,white floral,floral
women,3.64,citrus,green,white floral
women,3.64,citrus,white floral,sweet
women,3.64,cherry,fruity,white floral
women,3.64,white floral,floral,woody
women,3.64,sweet,fruity,lactonic
men,3.64,aromatic,marine,green
unisex,3.64,citrus,sweet,fruity
women,3.64,citrus,warm spicy,sweet
women,3.64,powdery,vanilla,fruity
women,3.64,floral,white floral,fruity
unisex,3.64,leather,patchouli,woody
men,3.64,warm spicy,amber,cinnamon
unisex,3.64,fresh spicy,woody,iris
women,3.64,sweet,vanilla,caramel
women,3.64,fruity,sweet,
men,3.64,aromatic,woody,fruity
men,3.64,citrus,woody,warm spicy
men,3.64,warm spicy,tropical,fruity
women,3.64,fruity,fresh,citrus
men,3.64,citrus,leather,woody
women,3.64,vanilla,sweet,aromatic
women,3.64,citrus,woody,fresh spicy
women,3.64,citrus,aromatic,sweet
men,3.64,sweet,aromatic,fruity
women,3.64,aquatic,ozonic,fruity
women,3.64,aromatic,woody,floral
unisex,3.64,fruity,warm spicy,metallic
women,3.64,citrus,aquatic,musky
women,3.64,citrus,vanilla,floral
unisex,3.64,fruity,fresh,sweet
unisex,3.64,citrus,aromatic,fresh spicy
unisex,3.64,tropical,floral,citrus
women,3.64,powdery,woody,violet
unisex,3.64,warm spicy,fresh spicy,aromatic
women,3.64,vanilla,woody,white floral
unisex,3.64,sweet,green,honey
unisex,3.64,woody,amber,powdery
women,3.64,sweet,citrus,vanilla
women,3.64,fresh spicy,citrus,aromatic
women,3.64,citrus,sweet,green
women,3.64,white floral,green,fresh spicy
women,3.64,citrus,sweet,white floral
women,3.64,sweet,fruity,lactonic
men,3.64,citrus,fresh spicy,fresh
women,3.64,fruity,floral,sweet
women,3.64,woody,floral,fruity
women,3.64,white floral,violet,powdery
women,3.64,fruity,sweet,woody
unisex,3.64,vanilla,floral,powdery
unisex,3.64,aromatic,citrus,marine
women,3.64,floral,fresh,musky
women,3.64,fresh spicy,aromatic,musky
unisex,3.64,vanilla,floral,sweet
unisex,3.64,vanilla,woody,leather
women,3.64,sweet,fruity,floral
men,3.64,citrus,aromatic,fresh spicy
women,3.64,floral,fruity,woody
women,3.64,ozonic,aquatic,fruity
women,3.64,citrus,aromatic,fresh
women,3.64,vanilla,rum,sweet
women,3.64,white floral,citrus,woody
women,3.64,floral,sweet,fruity
women,3.64,floral,sweet,fruity
women,3.64,citrus,woody,powdery
women,3.64,amber,warm spicy,woody
women,3.64,citrus,floral,sweet
women,3.64,fruity,floral,rose
women,3.64,vanilla,salty,powdery
unisex,3.64,white floral,vanilla,powdery
unisex,3.64,amber,rose,woody
unisex,3.64,woody,patchouli,earthy
unisex,3.64,warm spicy,aromatic,fresh spicy
women,3.64,tropical,sweet,fruity
women,3.64,sweet,fruity,vanilla
women,3.64,white floral,floral,tuberose
women,3.64,white floral,green,tuberose
women,3.64,woody,fruity,citrus
men,3.64,aromatic,woody,citrus
women,3.64,floral,fresh spicy,woody
women,3.64,aromatic,fruity,fresh
men,3.64,aromatic,woody,fruity
women,3.64,fruity,sweet,fresh
unisex,3.64,vanilla,rose,coffee
unisex,3.64,woody,powdery,amber
men,3.65,aromatic,warm spicy,cinnamon
men,3.65,fresh spicy,aromatic,woody
women,3.65,vanilla,citrus,powdery
women,3.65,fruity,iris,woody
women,3.65,floral,citrus,fruity
men,3.65,aquatic,ozonic,marine
women,3.65,floral,warm spicy,fresh spicy
women,3.65,floral,musky,powdery
women,3.65,floral,citrus,white floral
women,3.65,white floral,citrus,floral
women,3.65,green,floral,white floral
women,3.65,white floral,musky,floral
women,3.65,sweet,fruity,citrus
women,3.65,powdery,woody,musky
men,3.65,aromatic,woody,cacao
men,3.65,aromatic,citrus,fresh spicy
men,3.65,aromatic,amber,warm spicy
women,3.65,floral,musky,rose
women,3.65,woody,aldehydic,fresh
women,3.65,rose,musky,fruity
women,3.65,rose,citrus,floral
women,3.65,floral,white floral,citrus
unisex,3.65,citrus,white floral,woody
unisex,3.65,citrus,white floral,musky
unisex,3.65,warm spicy,woody,citrus
unisex,3.65,floral,citrus,woody
women,3.65,rose,citrus,woody
women,3.65,floral,white floral,fresh
women,3.65,green,fresh,sweet
women,3.65,white floral,floral,citrus
unisex,3.65,musky,powdery,woody
unisex,3.65,white floral,tuberose,sweet
women,3.65,vanilla,floral,almond
women,3.65,fruity,sweet,powdery
men,3.65,citrus,lavender,woody
unisex,3.65,fresh spicy,woody,amber
women,3.65,sweet,cherry,fruity
women,3.65,citrus,aromatic,fresh spicy
women,3.65,white floral,tuberose,citrus
women,3.65,fruity,white floral,floral
women,3.65,rose,musky,fruity
women,3.65,fruity,white floral,ozonic
unisex,3.65,oud,musky,fruity
unisex,3.65,rose,patchouli,fruity
women,3.65,citrus,floral,rose
unisex,3.65,sweet,fruity,woody
women,3.65,rose,mossy,oud
unisex,3.65,floral,fresh,fruity
women,3.65,rose,fruity,green
women,3.65,woody,floral,citrus
unisex,3.65,fruity,sweet,vanilla
women,3.65,floral,lavender,woody
women,3.65,white floral,vanilla,citrus
women,3.65,fruity,amber,powdery
women,3.65,white floral,woody,musky
women,3.65,sweet,woody,fruity
men,3.65,woody,fresh spicy,aquatic
men,3.65,citrus,warm spicy,cinnamon
women,3.65,musky,woody,powdery
women,3.65,tropical,floral,fruity
women,3.65,fruity,fresh,floral
unisex,3.65,warm spicy,citrus,fresh spicy
women,3.65,white floral,vanilla,sweet
unisex,3.65,woody,soft spicy,fresh spicy
women,3.65,fruity,floral,fresh
women,3.65,citrus,floral,yellow floral
unisex,3.65,aromatic,citrus,leather
women,3.65,fruity,floral,citrus
women,3.65,rose,patchouli,citrus
women,3.65,woody,rose,patchouli
men,3.65,aromatic,citrus,fresh spicy
unisex,3.65,fresh,green,musky
women,3.65,musky,citrus,amber
women,3.65,fruity,floral,fresh
women,3.65,fruity,floral,musky
women,3.65,vanilla,white floral,sweet
women,3.65,warm spicy,white floral,floral
men,3.65,woody,aromatic,aquatic
women,3.65,citrus,fruity,fresh
women,3.65,fruity,citrus,vanilla
unisex,3.65,rose,musky,white floral
women,3.65,citrus,fresh,fresh spicy
women,3.65,warm spicy,oud,coffee
women,3.65,citrus,powdery,musky
men,3.65,citrus,amber,aromatic
women,3.65,citrus,sweet,fruity
unisex,3.65,rose,citrus,iris
women,3.65,fruity,vanilla,sweet
unisex,3.65,citrus,marine,fruity
men,3.65,citrus,aromatic,fresh spicy
women,3.65,citrus,floral,woody
women,3.65,fruity,sweet,rose
unisex,3.65,white floral,vanilla,mineral
unisex,3.65,amber,woody,patchouli
unisex,3.65,iris,white floral,floral
unisex,3.65,amber,smoky,balsamic
women,3.65,floral,woody,green
women,3.65,white floral,powdery,woody
unisex,3.65,white floral,tuberose,yellow floral
unisex,3.65,honey,sweet,vanilla
unisex,3.65,citrus,green,sweet
women,3.65,floral,citrus,tropical
unisex,3.65,musky,amber,powdery
women,3.65,fresh spicy,woody,aromatic
women,3.65,rose,powdery,woody
unisex,3.65,citrus,white floral,woody
women,3.65,floral,citrus,fresh
women,3.65,white floral,citrus,fruity
women,3.65,musky,powdery,white floral
men,3.65,aromatic,fresh spicy,lavender
women,3.65,citrus,fresh,
women,3.65,citrus,aromatic,fresh spicy
women,3.65,fruity,fresh,floral
men,3.65,aromatic,woody,marine
women,3.65,fruity,woody,floral
women,3.65,fruity,citrus,vanilla
women,3.65,powdery,fresh,floral
women,3.65,aromatic,green,fruity
women,3.65,rose,musky,sweet
women,3.65,musky,white floral,powdery
women,3.65,vanilla,caramel,sweet
women,3.65,white floral,musky,fresh
women,3.65,musky,fresh,fruity
women,3.65,white floral,sweet,fruity
unisex,3.65,sweet,woody,soft spicy
women,3.65,green,aromatic,fresh spicy
women,3.65,fruity,sweet,citrus
unisex,3.65,powdery,musky,iris
unisex,3.65,citrus,warm spicy,fresh spicy
unisex,3.65,citrus,fresh spicy,oud
unisex,3.65,vanilla,amber,sweet
unisex,3.65,woody,amber,musky
women,3.65,fruity,caramel,woody
women,3.65,white floral,sweet,citrus
unisex,3.65,musky,amber,woody
unisex,3.65,amber,woody,warm spicy
women,3.65,fruity,sweet,citrus
unisex,3.65,amber,woody,balsamic
men,3.65,citrus,aromatic,woody
men,3.65,citrus,fresh,aquatic
women,3.65,chocolate,sweet,warm spicy
men,3.65,aromatic,green,vanilla
women,3.65,sweet,vanilla,powdery
women,3.65,citrus,aromatic,fresh
women,3.65,citrus,fresh,aromatic
men,3.65,aromatic,fresh spicy,fruity
men,3.65,green,citrus,white floral
women,3.65,floral,white floral,powdery
women,3.65,powdery,citrus,musky
men,3.65,woody,warm spicy,citrus
women,3.65,fruity,sweet,floral
unisex,3.65,citrus,aromatic,musky
women,3.65,floral,soft spicy,fruity
unisex,3.65,fruity,yellow floral,green
men,3.65,citrus,woody,aromatic
women,3.65,fruity,sweet,
women,3.65,fresh spicy,aromatic,green
unisex,3.65,woody,green,fruity
unisex,3.65,marine,aquatic,salty
women,3.65,citrus,,
women,3.65,floral,vanilla,sweet
women,3.65,marine,aquatic,citrus
men,3.65,fruity,sweet,fresh spicy
unisex,3.65,citrus,sweet,white floral
men,3.65,woody,aromatic,fresh spicy
women,3.65,green,fresh,fruity
unisex,3.65,oud,amber,warm spicy
unisex,3.65,powdery,citrus,oud
unisex,3.65,amber,warm spicy,anis
women,3.65,aromatic,green,fruity
women,3.66,sweet,coconut,fruity
men,3.66,woody,aromatic,citrus
women,3.66,fruity,ozonic,woody
women,3.66,floral,fresh,fruity
women,3.66,coconut,white floral,sweet
women,3.66,amber,citrus,caramel
women,3.66,fruity,floral,woody
women,3.66,citrus,floral,sweet
women,3.66,vanilla,fruity,fresh
women,3.66,sweet,white floral,herbal
women,3.66,floral,amber,citrus
women,3.66,fruity,floral,citrus
women,3.66,fruity,floral,rose
women,3.66,citrus,fruity,woody
women,3.66,floral,ozonic,fresh
women,3.66,floral,rose,fresh
unisex,3.66,woody,powdery,citrus
men,3.66,amber,woody,aromatic
women,3.66,white floral,fresh,floral
unisex,3.66,citrus,aromatic,green
men,3.66,woody,aromatic,iris
women,3.66,powdery,floral,green
women,3.66,woody,white floral,floral
unisex,3.66,fruity,leather,musky
women,3.66,white floral,citrus,musky
men,3.66,aromatic,fresh spicy,woody
women,3.66,mossy,herbal,earthy
women,3.66,woody,mineral,marine
women,3.66,citrus,rose,fruity
women,3.66,floral,citrus,fresh
women,3.66,white floral,citrus,yellow floral
women,3.66,white floral,citrus,floral
men,3.66,lavender,warm spicy,aromatic
women,3.66,white floral,green,floral
unisex,3.66,white floral,sweet,floral
unisex,3.66,sweet,vanilla,fruity
women,3.66,musky,amber,woody
unisex,3.66,marine,aromatic,aldehydic
unisex,3.66,white floral,rose,citrus
unisex,3.66,powdery,cherry,vanilla
women,3.66,iris,sweet,patchouli
unisex,3.66,leather,warm spicy,oud
women,3.66,floral,musky,powdery
unisex,3.66,citrus,aromatic,musky
men,3.66,fruity,fresh,sweet
women,3.66,ozonic,aquatic,fruity
women,3.66,white floral,fresh,aldehydic
women,3.66,floral,fresh,fruity
unisex,3.66,woody,sweet,vanilla
unisex,3.66,woody,fruity,citrus
unisex,3.66,leather,rose,fresh spicy
women,3.66,floral,anis,soft spicy
men,3.66,green,citrus,fresh spicy
women,3.66,rose,white floral,powdery
women,3.66,citrus,woody,fruity
unisex,3.66,tropical,fruity,sweet
unisex,3.66,floral,oud,woody
women,3.66,floral,citrus,fruity
men,3.66,lavender,citrus,fresh spicy
women,3.66,violet,white floral,sweet
men,3.66,vanilla,aromatic,fresh spicy
women,3.66,fruity,floral,rose
women,3.66,white floral,fruity,woody
women,3.66,sweet,powdery,woody
women,3.66,sweet,aquatic,vanilla
women,3.66,woody,powdery,citrus
women,3.66,floral,powdery,woody
women,3.66,white floral,woody,citrus
women,3.66,powdery,floral,woody
women,3.66,sweet,rose,leather
unisex,3.66,floral,fruity,fresh
women,3.66,floral,white floral,tuberose
women,3.66,fruity,woody,floral
men,3.66,green,fresh,warm spicy
women,3.66,floral,fresh,fruity
women,3.66,fruity,marine,white floral
unisex,3.66,aromatic,fresh spicy,citrus
men,3.66,aromatic,woody,citrus
women,3.66,fruity,rose,sweet
men,3.66,citrus,aromatic,woody
women,3.66,woody,fruity,white floral
women,3.66,woody,sweet,patchouli
women,3.66,musky,powdery,woody
unisex,3.66,fruity,sweet,warm spicy
women,3.66,fruity,sweet,
men,3.66,woody,musky,aromatic
women,3.66,white floral,citrus,powdery
men,3.66,aromatic,woody,fresh spicy
unisex,3.66,fresh,green,aldehydic
unisex,3.66,white floral,musky,fruity
men,3.66,woody,white floral,floral
unisex,3.66,amber,warm spicy,citrus
unisex,3.66,musky,amber,powdery
unisex,3.66,smoky,woody,aromatic
unisex,3.66,woody,warm spicy,powdery
women,3.66,sweet,fruity,woody
women,3.66,floral,fruity,rose
women,3.66,fruity,floral,fresh
women,3.66,fruity,vanilla,citrus
unisex,3.66,lactonic,sweet,coconut
unisex,3.66,woody,aromatic,patchouli
women,3.66,fruity,woody,sweet
men,3.66,aromatic,fresh spicy,woody
women,3.66,floral,rose,powdery
unisex,3.66,floral,woody,citrus
women,3.66,ozonic,aquatic,green
women,3.66,green,floral,mossy
women,3.66,sweet,fruity,fresh
women,3.66,amber,fresh spicy,woody
women,3.66,sweet,vanilla,cherry
women,3.66,sweet,fruity,vanilla
unisex,3.66,leather,citrus,woody
unisex,3.66,citrus,musky,powdery
unisex,3.66,green,rose,floral
women,3.66,floral,fresh,white floral
women,3.66,floral,citrus,woody
unisex,3.66,powdery,vanilla,musky
unisex,3.66,floral,woody,aromatic
women,3.66,fresh,floral,white floral
women,3.66,powdery,woody,warm spicy
unisex,3.66,green,floral,white floral
unisex,3.66,citrus,amber,sweet
men,3.66,citrus,powdery,vanilla
women,3.66,floral,powdery,vanilla
unisex,3.66,powdery,violet,iris
men,3.66,woody,fruity,warm spicy
men,3.66,vanilla,aromatic,woody
women,3.66,fruity,citrus,musky
women,3.66,floral,woody,powdery
unisex,3.66,green,citrus,white floral
unisex,3.66,sweet,woody,vanilla
women,3.66,fruity,citrus,sweet
women,3.66,citrus,white floral,woody
women,3.66,citrus,fruity,floral
women,3.66,floral,rose,honey
men,3.66,aromatic,amber,fresh spicy
unisex,3.66,white floral,green,fresh
unisex,3.66,citrus,tropical,fruity
women,3.66,floral,fruity,sweet
women,3.66,fresh,floral,white floral
women,3.66,rose,warm spicy,fruity
unisex,3.66,white floral,tuberose,aromatic
unisex,3.66,citrus,white floral,iris
unisex,3.66,green,amber,vanilla
women,3.66,citrus,white floral,musky
men,3.66,aromatic,citrus,fresh spicy
women,3.66,cherry,sweet,nutty
men,3.66,fresh spicy,aromatic,citrus
women,3.66,sweet,floral,fruity
unisex,3.66,floral,citrus,sweet
women,3.66,powdery,musky,floral
unisex,3.66,white floral,warm spicy,powdery
women,3.66,powdery,caramel,citrus
men,3.66,citrus,aromatic,woody
women,3.66,fruity,floral,sweet
women,3.66,white floral,citrus,oud
women,3.66,floral,fresh,green
unisex,3.67,amber,oud,fresh spicy
unisex,3.67,fruity,sweet,musky
men,3.67,woody,fresh spicy,aromatic
women,3.67,aromatic,citrus,musky
women,3.67,white floral,floral,woody
men,3.67,aromatic,woody,citrus
men,3.67,woody,earthy,citrus
women,3.67,floral,white floral,fresh
men,3.67,leather,smoky,animalic
men,3.67,aromatic,lavender,woody
women,3.67,fruity,sweet,rose
women,3.67,woody,citrus,green
women,3.67,honey,sweet,citrus
unisex,3.67,amber,warm spicy,tropical
women,3.67,white floral,citrus,woody
unisex,3.67,woody,fruity,aromatic
women,3.67,citrus,floral,tuberose
women,3.67,floral,white floral,fruity
women,3.67,citrus,fresh,floral
women,3.67,fruity,tropical,fresh
women,3.67,white floral,floral,woody
women,3.67,sweet,lactonic,floral
unisex,3.67,woody,citrus,aromatic
women,3.67,white floral,citrus,sweet
unisex,3.67,floral,fresh spicy,aromatic
unisex,3.67,aromatic,woody,marine
women,3.67,fruity,sweet,woody
women,3.67,rose,green,fresh spicy
women,3.67,woody,coconut,vanilla
unisex,3.67,rose,fresh spicy,floral
women,3.67,oud,amber,rose
unisex,3.67,woody,white floral,vanilla
women,3.67,green,citrus,aromatic
women,3.67,citrus,white floral,powdery
unisex,3.67,amber,woody,warm spicy
unisex,3.67,amber,vanilla,woody
unisex,3.67,soapy,coconut,musky
men,3.67,aromatic,woody,fresh spicy
men,3.67,aromatic,woody,vodka
women,3.67,woody,aromatic,citrus
women,3.67,tuberose,white floral,citrus
women,3.67,floral,fresh,fruity
women,3.67,floral,aquatic,powdery
women,3.67,fruity,floral,sweet
women,3.67,floral,aquatic,fruity
women,3.67,floral,rose,green
men,3.67,citrus,woody,amber
women,3.67,floral,fresh,aquatic
women,3.67,floral,white floral,fresh
unisex,3.67,citrus,mossy,earthy
unisex,3.67,leather,musky,warm spicy
unisex,3.67,vanilla,cacao,floral
women,3.67,fruity,floral,citrus
women,3.67,green,fruity,fresh
men,3.67,floral,woody,warm spicy
men,3.67,musky,warm spicy,green
women,3.67,white floral,woody,fresh spicy
women,3.67,fruity,sweet,rose
women,3.67,fruity,floral,vanilla
women,3.67,citrus,aromatic,marine
women,3.67,lavender,aromatic,iris
women,3.67,sweet,fruity,vanilla
women,3.67,white floral,woody,sweet
men,3.67,aromatic,fresh spicy,woody
women,3.67,citrus,floral,fresh spicy
women,3.67,floral,fruity,musky
women,3.67,woody,powdery,white floral
women,3.67,white floral,fruity,sweet
women,3.67,fruity,sweet,vanilla
women,3.67,floral,musky,rose
unisex,3.67,woody,aromatic,lavender
women,3.67,sweet,patchouli,woody
women,3.67,citrus,white floral,woody
unisex,3.67,leather,citrus,animalic
women,3.67,white floral,fresh,powdery
women,3.67,warm spicy,tuberose,white floral
women,3.67,citrus,green,white floral
women,3.67,white floral,tuberose,vanilla
women,3.67,fruity,sweet,tropical
men,3.67,fresh spicy,aromatic,citrus
men,3.67,aromatic,green,citrus
women,3.67,tropical,fruity,powdery
unisex,3.67,woody,fresh spicy,oud
women,3.67,vanilla,powdery,woody
women,3.67,vanilla,powdery,amber
women,3.67,fruity,sweet,tropical
unisex,3.67,warm spicy,amber,woody
unisex,3.67,amber,woody,balsamic
women,3.67,white floral,powdery,musky
men,3.67,woody,aromatic,fresh spicy
unisex,3.67,white floral,green,citrus
unisex,3.67,fresh spicy,warm spicy,aromatic
unisex,3.67,powdery,iris,yellow floral
unisex,3.67,iris,powdery,fresh spicy
women,3.67,citrus,rose,floral
unisex,3.67,woody,aromatic,green
women,3.67,sweet,woody,coconut
unisex,3.67,aromatic,woody,warm spicy
unisex,3.67,white floral,fruity,sweet
women,3.67,woody,vanilla,powdery
women,3.67,rose,citrus,white floral
unisex,3.67,fruity,woody,floral
women,3.67,floral,aquatic,ozonic
women,3.67,citrus,vanilla,musky
unisex,3.67,floral,sweet,cherry
unisex,3.67,green,woody,fresh
women,3.67,white floral,sweet,vanilla
unisex,3.67,marine,aromatic,aquatic
unisex,3.67,amber,aromatic,balsamic
unisex,3.67,cacao,warm spicy,sweet
unisex,3.67,warm spicy,woody,fresh spicy
women,3.67,fruity,sweet,tropical
women,3.67,lactonic,sweet,coconut
women,3.67,fruity,aromatic,green
men,3.67,green,woody,smoky
unisex,3.67,leather,amber,fruity
women,3.67,fruity,fresh,floral
unisex,3.67,fresh spicy,woody,warm spicy
women,3.67,white floral,citrus,tuberose
unisex,3.67,green,aromatic,marine
women,3.67,floral,rose,fruity
men,3.67,woody,earthy,aromatic
men,3.67,citrus,white floral,aromatic
unisex,3.67,fresh spicy,oud,warm spicy
women,3.67,yellow floral,sweet,white floral
women,3.67,white floral,vanilla,sweet
unisex,3.67,white floral,floral,woody
men,3.67,citrus,fresh,white floral
unisex,3.67,woody,vanilla,aromatic
women,3.67,floral,citrus,fresh
women,3.67,fruity,woody,citrus
women,3.67,powdery,floral,iris
women,3.67,sweet,cherry,fruity
women,3.67,floral,white floral,citrus
women,3.67,floral,fruity,powdery
unisex,3.67,aromatic,fresh spicy,woody
women,3.67,rose,sweet,fruity
women,3.67,fruity,sweet,caramel
unisex,3.67,vanilla,woody,sweet
men,3.67,leather,almond,woody
unisex,3.67,cherry,warm spicy,sweet
men,3.67,woody,warm spicy,fresh spicy
men,3.67,vanilla,amber,fresh spicy
women,3.67,powdery,woody,white floral
unisex,3.67,citrus,white floral,aldehydic
unisex,3.67,fresh spicy,warm spicy,woody
men,3.67,aromatic,woody,green
women,3.67,powdery,ozonic,aquatic
women,3.67,fruity,woody,tropical
women,3.67,fruity,rose,sweet
women,3.67,floral,sweet,powdery
women,3.67,white floral,woody,musky
women,3.67,woody,citrus,white floral
women,3.67,fruity,sweet,vanilla
women,3.67,fruity,floral,citrus
women,3.67,citrus,fresh spicy,aromatic
unisex,3.67,fruity,sweet,cherry
unisex,3.67,woody,leather,smoky
women,3.67,fruity,citrus,woody
women,3.67,citrus,fresh,floral
women,3.67,fruity,sweet,tropical
unisex,3.67,woody,earthy,green
men,3.67,aromatic,woody,amber
unisex,3.67,warm spicy,woody,white floral
women,3.67,aromatic,ozonic,aquatic
women,3.67,woody,amber,smoky
women,3.67,floral,vanilla,powdery
unisex,3.67,woody,vanilla,nutty
unisex,3.67,woody,citrus,aromatic
unisex,3.67,powdery,aquatic,violet
women,3.67,fruity,woody,sweet
women,3.67,vanilla,powdery,sweet
women,3.67,fruity,powdery,woody
unisex,3.67,sweet,oud,warm spicy
women,3.67,citrus,fruity,sweet
unisex,3.67,woody,warm spicy,powdery
unisex,3.67,coconut,vanilla,sweet
unisex,3.67,citrus,white floral,fresh spicy
women,3.67,sweet,fruity,citrus
women,3.67,aromatic,floral,fresh spicy
unisex,3.67,woody,vanilla,floral
women,3.67,woody,aromatic,sweet
unisex,3.67,woody,amber,iris
unisex,3.67,citrus,floral,woody
women,3.67,white floral,floral,woody
women,3.67,fruity,white floral,amber
women,3.67,fruity,powdery,rose
unisex,3.67,woody,musky,white floral
women,3.67,woody,floral,green
women,3.67,woody,powdery,yellow floral
men,3.67,woody,citrus,fresh spicy
unisex,3.67,white floral,woody,tuberose
women,3.67,white floral,tuberose,sweet
unisex,3.67,musky,rose,floral
women,3.67,vanilla,fruity,sweet
women,3.67,woody,fresh spicy,white floral
women,3.67,green,tuberose,citrus
women,3.67,warm spicy,fresh spicy,woody
women,3.68,white floral,rose,fruity
women,3.68,woody,amber,citrus
women,3.68,woody,white floral,sweet
men,3.68,citrus,musky,aromatic
women,3.68,fruity,patchouli,woody
men,3.68,woody,aquatic,coffee
women,3.68,citrus,white floral,
women,3.68,white floral,musky,fruity
women,3.68,floral,fruity,fresh
women,3.68,patchouli,woody,warm spicy
unisex,3.68,coca-cola,citrus,warm spicy
women,3.68,white floral,honey,sweet
unisex,3.68,aromatic,citrus,woody
women,3.68,fruity,sweet,warm spicy
women,3.68,floral,fresh,rose
unisex,3.68,citrus,woody,mossy
men,3.68,citrus,warm spicy,woody
women,3.68,aromatic,fruity,floral
women,3.68,fruity,rose,white floral
men,3.68,amber,citrus,woody
women,3.68,woody,leather,fruity
unisex,3.68,musky,aldehydic,fresh
unisex,3.68,citrus,powdery,marine
women,3.68,floral,citrus,woody
men,3.68,woody,powdery,citrus
women,3.68,citrus,coconut,green
women,3.68,powdery,yellow floral,citrus
women,3.68,musky,rose,white floral
women,3.68,fruity,vanilla,sweet
women,3.68,vanilla,warm spicy,floral
women,3.68,floral,rose,fresh
unisex,3.68,floral,fruity,leather
unisex,3.68,white floral,floral,fresh
unisex,3.68,powdery,musky,leather
women,3.68,powdery,woody,iris
women,3.68,rose,musky,powdery
unisex,3.68,aromatic,woody,citrus
men,3.68,woody,aromatic,fresh spicy
women,3.68,white floral,citrus,violet
women,3.68,floral,fruity,rose
unisex,3.68,citrus,aromatic,fresh spicy
unisex,3.68,citrus,aromatic,fresh spicy
women,3.68,fruity,sweet,musky
women,3.68,white floral,floral,tuberose
unisex,3.68,powdery,citrus,aquatic
unisex,3.68,rose,aromatic,green
unisex,3.68,floral,citrus,sweet
women,3.68,balsamic,woody,amber
women,3.68,woody,fruity,sweet
women,3.68,fruity,sweet,rose
women,3.68,woody,warm spicy,floral
unisex,3.68,citrus,woody,aromatic
unisex,3.68,aromatic,fresh spicy,herbal
women,3.68,balsamic,amber,citrus
unisex,3.68,floral,aromatic,fruity
women,3.68,woody,citrus,amber
unisex,3.68,rose,warm spicy,patchouli
men,3.68,woody,citrus,leather
women,3.68,musky,citrus,rose
men,3.68,warm spicy,fresh spicy,aromatic
women,3.68,citrus,aromatic,fruity
women,3.68,white floral,citrus,woody
women,3.68,white floral,powdery,tuberose
women,3.68,white floral,floral,sweet
women,3.68,fruity,powdery,sweet
men,3.68,citrus,aromatic,warm spicy
women,3.68,floral,fruity,green
women,3.68,floral,rose,warm spicy
women,3.68,floral,fresh,tobacco
men,3.68,warm spicy,sweet,aromatic
women,3.68,white floral,fresh,citrus
women,3.68,fruity,violet,powdery
women,3.68,citrus,woody,aromatic
women,3.68,powdery,woody,violet
women,3.68,fruity,sweet,floral
women,3.68,fruity,white floral,vanilla
women,3.68,woody,white floral,fruity
women,3.68,sweet,fruity,soft spicy
women,3.68,fresh,powdery,green
women,3.68,citrus,powdery,sweet
women,3.68,fruity,aquatic,ozonic
women,3.68,aquatic,fresh,citrus
women,3.68,fruity,fresh,soft spicy
women,3.68,fruity,patchouli,floral
women,3.68,floral,citrus,rose
women,3.68,white floral,musky,powdery
women,3.68,woody,coconut,green
women,3.68,aromatic,musky,fruity
women,3.68,floral,fruity,caramel
women,3.68,fresh,white floral,floral
men,3.68,aromatic,fresh spicy,lavender
unisex,3.68,white floral,tuberose,citrus
women,3.68,woody,citrus,amber
unisex,3.68,aromatic,green,woody
women,3.68,fruity,floral,tropical
women,3.68,white floral,green,floral
women,3.68,white floral,animalic,musky
unisex,3.68,woody,aromatic,green
women,3.68,fruity,sweet,floral
unisex,3.68,rose,fruity,fresh spicy
women,3.68,woody,powdery,mossy
women,3.68,white floral,tuberose,musky
women,3.68,fruity,powdery,woody
unisex,3.68,amber,herbal,fresh spicy
women,3.68,fruity,sweet,caramel
women,3.68,fruity,powdery,white floral
women,3.68,fruity,floral,warm spicy
women,3.68,floral,white floral,aromatic
unisex,3.68,warm spicy,fresh spicy,fruity
unisex,3.68,fruity,aromatic,green
women,3.68,floral,citrus,white floral
unisex,3.68,aromatic,woody,powdery
women,3.68,woody,white floral,sweet
unisex,3.68,fresh spicy,aromatic,woody
women,3.68,fruity,white floral,sweet
men,3.68,woody,mossy,fruity
women,3.68,citrus,floral,rose
women,3.68,amber,floral,white floral
unisex,3.68,aromatic,woody,earthy
women,3.68,fruity,citrus,sweet
unisex,3.68,amber,white floral,musky
women,3.68,rose,fresh spicy,fruity
unisex,3.68,amber,sweet,vanilla
women,3.68,floral,musky,powdery
men,3.68,fresh spicy,woody,aromatic
men,3.68,leather,ozonic,fresh spicy
women,3.68,sweet,woody,yellow floral
women,3.68,white floral,tuberose,floral
women,3.68,floral,rose,powdery
unisex,3.68,floral,rose,warm spicy
unisex,3.68,white floral,floral,
unisex,3.68,floral,fruity,white floral
men,3.68,woody,aromatic,citrus
women,3.68,vanilla,fruity,sweet
unisex,3.68,citrus,aromatic,almond
women,3.68,aromatic,marine,aquatic
men,3.68,musky,marine,salty
women,3.68,woody,sweet,tobacco
unisex,3.68,marine,white floral,aquatic
women,3.68,white floral,floral,powdery
women,3.68,floral,fresh,fruity
unisex,3.68,aldehydic,fresh,floral
unisex,3.68,oud,musky,fruity
women,3.68,sweet,white floral,fruity
women,3.68,fruity,rose,sweet
women,3.68,floral,powdery,rose
unisex,3.68,woody,warm spicy,amber
women,3.68,fruity,tropical,sweet
unisex,3.68,white floral,fruity,green
women,3.68,powdery,floral,citrus
women,3.68,floral,citrus,woody
women,3.68,fruity,rose,floral
women,3.68,white floral,woody,tuberose
women,3.68,woody,powdery,sweet
unisex,3.68,sweet,floral,tropical
unisex,3.68,warm spicy,metallic,leather
women,3.68,aromatic,citrus,green
unisex,3.68,lavender,fresh spicy,aromatic
women,3.68,vanilla,powdery,aromatic
women,3.68,floral,fresh,green
women,3.68,amber,woody,warm spicy
women,3.68,citrus,violet,powdery
unisex,3.68,citrus,fruity,sweet
men,3.68,woody,aromatic,powdery
men,3.68,citrus,aromatic,earthy
unisex,3.69,citrus,green,aromatic
women,3.69,leather,fruity,white floral
men,3.69,woody,amber,fresh spicy
women,3.69,floral,powdery,aquatic
men,3.69,aromatic,herbal,soft spicy
unisex,3.69,vanilla,sweet,almond
women,3.69,citrus,coca-cola,floral
women,3.69,sweet,lactonic,fruity
unisex,3.69,aquatic,citrus,fresh
unisex,3.69,citrus,fresh,tropical
men,3.69,aromatic,marine,ozonic
women,3.69,aromatic,musky,citrus
women,3.69,powdery,woody,aldehydic
women,3.69,sweet,fruity,caramel
women,3.69,citrus,white floral,woody
women,3.69,woody,amber,musky
women,3.69,floral,citrus,yellow floral
women,3.69,white floral,floral,amber
men,3.69,aquatic,woody,fresh
women,3.69,aromatic,marine,aquatic
women,3.69,white floral,fruity,sweet
women,3.69,white floral,floral,green
women,3.69,green,floral,powdery
unisex,3.69,citrus,fresh spicy,floral
women,3.69,floral,white floral,woody
men,3.69,marine,citrus,aromatic
women,3.69,woody,floral,fresh
women,3.69,warm spicy,cacao,green
women,3.69,citrus,woody,floral
women,3.69,vanilla,powdery,sweet
women,3.69,powdery,citrus,woody
women,3.69,powdery,floral,violet
women,3.69,white floral,citrus,floral
unisex,3.69,floral,aquatic,ozonic
women,3.69,white floral,citrus,floral
women,3.69,floral,musky,fruity
men,3.69,lavender,fresh spicy,woody
women,3.69,floral,rose,fresh
women,3.69,white floral,sweet,aquatic
unisex,3.69,green,aromatic,white floral
unisex,3.69,citrus,green,aromatic
women,3.69,fruity,white floral,fresh
unisex,3.69,powdery,sweet,vanilla
women,3.69,floral,rose,fresh
women,3.69,fruity,vanilla,sweet
men,3.69,citrus,woody,sweet
women,3.69,floral,patchouli,fresh
unisex,3.69,fruity,citrus,fresh spicy
women,3.69,white floral,woody,powdery
unisex,3.69,woody,patchouli,amber
unisex,3.69,white floral,citrus,aldehydic
women,3.69,rose,soapy,aromatic
unisex,3.69,citrus,aromatic,warm spicy
unisex,3.69,amber,sweet,warm spicy
unisex,3.69,rose,oud,warm spicy
women,3.69,green,woody,vanilla
women,3.69,vanilla,fruity,powdery
men,3.69,citrus,aromatic,woody
women,3.69,white floral,fruity,tuberose
men,3.69,woody,fresh spicy,aromatic
women,3.69,sweet,vanilla,powdery
women,3.69,fruity,rose,sweet
men,3.69,citrus,rose,aromatic
women,3.69,woody,white floral,fruity
unisex,3.69,warm spicy,woody,citrus
men,3.69,aromatic,fresh spicy,warm spicy
women,3.69,sweet,floral,musky
women,3.69,fruity,rose,musky
women,3.69,fruity,fresh spicy,sweet
women,3.69,citrus,powdery,vanilla
men,3.69,aromatic,fresh spicy,floral
women,3.69,sweet,soft spicy,rose
unisex,3.69,powdery,vanilla,fruity
women,3.69,white floral,floral,citrus
women,3.69,citrus,floral,green
women,3.69,rose,powdery,vanilla
women,3.69,fruity,citrus,floral
men,3.69,citrus,woody,powdery
women,3.69,aromatic,citrus,white floral
unisex,3.69,rose,musky,floral
men,3.69,aromatic,citrus,floral
men,3.69,aromatic,vanilla,fruity
unisex,3.69,herbal,fresh spicy,green
women,3.69,citrus,floral,rose
women,3.69,tuberose,white floral,woody
women,3.69,sweet,powdery,citrus
women,3.69,citrus,aromatic,green
women,3.69,aquatic,ozonic,fruity
women,3.69,white floral,citrus,sweet
women,3.69,woody,musky,powdery
men,3.69,woody,soft spicy,patchouli
women,3.69,fruity,sweet,warm spicy
unisex,3.69,woody,warm spicy,yellow floral
women,3.69,sweet,vanilla,powdery
women,3.69,fruity,fresh,sweet
men,3.69,amber,citrus,aromatic
unisex,3.69,citrus,white floral,patchouli
women,3.69,floral,fruity,fresh
women,3.69,warm spicy,cinnamon,fresh spicy
unisex,3.69,white floral,fresh,musky
men,3.69,fresh spicy,aromatic,fruity
women,3.69,floral,white floral,sweet
women,3.69,floral,green,yellow floral
men,3.69,fresh spicy,aromatic,warm spicy
women,3.69,fruity,powdery,white floral
women,3.69,fruity,citrus,fresh
men,3.69,aromatic,citrus,woody
women,3.69,sweet,fruity,powdery
unisex,3.69,woody,rose,warm spicy
men,3.69,woody,warm spicy,lavender
unisex,3.69,marine,salty,citrus
women,3.69,amber,musky,powdery
unisex,3.69,citrus,white floral,musky
men,3.69,fresh spicy,aromatic,citrus
women,3.69,powdery,fruity,yellow floral
unisex,3.69,amber,warm spicy,balsamic
women,3.69,sweet,fruity,citrus
men,3.69,ozonic,aquatic,woody
women,3.69,citrus,woody,fruity
unisex,3.69,aquatic,aromatic,marine
men,3.69,aromatic,warm spicy,sweet
men,3.69,fresh spicy,aromatic,green
unisex,3.69,woody,aromatic,leather
men,3.69,citrus,floral,amber
unisex,3.69,woody,oud,patchouli
women,3.69,fruity,powdery,tropical
women,3.69,white floral,floral,woody
unisex,3.69,amber,rose,musky
women,3.69,fruity,fresh,citrus
women,3.69,fruity,ozonic,aquatic
women,3.69,fruity,sweet,green
women,3.69,musky,powdery,citrus
unisex,3.69,woody,powdery,musky
men,3.69,citrus,woody,fresh spicy
women,3.69,fruity,floral,woody
unisex,3.69,amber,warm spicy,sweet
unisex,3.69,citrus,sweet,fresh
women,3.69,floral,honey,sweet
unisex,3.69,warm spicy,cannabis,aromatic
unisex,3.69,powdery,floral,fresh spicy
women,3.69,citrus,sweet,tropical
men,3.69,aromatic,citrus,fresh spicy
women,3.69,floral,fruity,citrus
men,3.69,citrus,warm spicy,woody
men,3.69,aromatic,woody,fresh spicy
women,3.69,fruity,white floral,green
women,3.69,fruity,rose,sweet
men,3.69,aromatic,ozonic,citrus
men,3.69,woody,aromatic,warm spicy
unisex,3.69,fruity,floral,woody
unisex,3.69,citrus,fresh spicy,aromatic
women,3.69,fruity,floral,tropical
men,3.69,citrus,woody,aromatic
men,3.69,fresh spicy,aromatic,warm spicy
women,3.69,citrus,white floral,fruity
women,3.69,white floral,tuberose,musky
women,3.69,fruity,rose,floral
men,3.69,woody,patchouli,balsamic
unisex,3.69,musky,powdery,woody
women,3.69,coffee,powdery,musky
women,3.69,floral,fruity,white floral
women,3.69,rose,floral,musky
unisex,3.69,citrus,aromatic,fruity
unisex,3.69,sweet,cherry,lactonic
men,3.69,citrus,woody,aromatic
women,3.69,woody,warm spicy,fruity
women,3.69,powdery,woody,vanilla
unisex,3.69,woody,ozonic,aquatic
women,3.69,sweet,fruity,woody
women,3.69,fruity,white floral,sweet
women,3.69,fruity,powdery,sweet
women,3.69,tropical,sweet,fruity
women,3.69,citrus,floral,musky
women,3.69,rose,citrus,sweet
men,3.69,fresh spicy,citrus,aromatic
unisex,3.69,aromatic,citrus,woody
unisex,3.69,warm spicy,white floral,musky
unisex,3.69,salty,mineral,marine
women,3.69,earthy,woody,musky
unisex,3.69,fruity,musky,sweet
women,3.69,floral,aquatic,fresh
women,3.69,lactonic,woody,vanilla
men,3.69,aromatic,woody,citrus
unisex,3.69,amber,citrus,leather
women,3.69,fruity,fresh,floral
men,3.69,aromatic,warm spicy,woody
women,3.69,fruity,sweet,citrus
unisex,3.69,woody,warm spicy,amber
women,3.69,vanilla,powdery,musky
unisex,3.69,woody,vanilla,amber
women,3.69,fruity,fresh,floral
women,3.69,yellow floral,warm spicy,aromatic
women,3.69,sweet,floral,fruity
unisex,3.69,powdery,floral,violet
women,3.69,fruity,floral,fresh
women,3.69,powdery,floral,violet
men,3.69,aquatic,aromatic,fresh
women,3.69,caramel,amber,mossy
unisex,3.69,amber,smoky,cannabis
unisex,3.69,white floral,green,amber
men,3.69,aromatic,vanilla,fresh spicy
unisex,3.69,citrus,woody,fresh spicy
women,3.69,floral,fresh,iris
unisex,3.69,sweet,caramel,nutty
unisex,3.69,rose,mineral,fresh spicy
men,3.69,warm spicy,citrus,vodka
unisex,3.69,green,fruity,woody
women,3.69,woody,powdery,citrus
women,3.69,white floral,floral,lactonic
unisex,3.69,musky,citrus,woody
unisex,3.69,musky,powdery,tuberose
men,3.69,white floral,musky,citrus
unisex,3.69,amber,warm spicy,smoky
women,3.69,vanilla,amber,sweet
women,3.69,powdery,yellow floral,iris
women,3.69,green,sweet,aromatic
unisex,3.69,woody,aromatic,earthy
unisex,3.69,caramel,sweet,yellow floral
women,3.69,sweet,powdery,white floral
women,3.69,vanilla,powdery,sweet
unisex,3.69,fresh spicy,aromatic,woody
unisex,3.69,caramel,marine,sweet
unisex,3.69,fruity,floral,citrus
women,3.69,fruity,sweet,citrus
women,3.7,citrus,aromatic,fresh spicy
men,3.7,citrus,aromatic,fresh spicy
women,3.7,woody,white floral,fruity
women,3.7,amber,woody,floral
women,3.7,citrus,white floral,woody
men,3.7,patchouli,woody,citrus
women,3.7,citrus,white floral,fresh spicy
men,3.7,citrus,woody,aldehydic
women,3.7,citrus,fruity,fresh
men,3.7,citrus,ozonic,fresh spicy
women,3.7,fruity,woody,tropical
unisex,3.7,amber,balsamic,fruity
women,3.7,aromatic,balsamic,sweet
women,3.7,citrus,coca-cola,white floral
men,3.7,cacao,lavender,warm spicy
women,3.7,floral,citrus,woody
men,3.7,fresh spicy,warm spicy,aromatic
women,3.7,floral,powdery,woody
unisex,3.7,citrus,patchouli,
women,3.7,floral,fresh,aquatic
women,3.7,citrus,white floral,patchouli
women,3.7,floral,fruity,fresh
women,3.7,fruity,powdery,woody
women,3.7,citrus,powdery,musky
men,3.7,aromatic,warm spicy,citrus
women,3.7,floral,citrus,fruity
women,3.7,floral,fresh,citrus
women,3.7,green,floral,caramel
unisex,3.7,iris,fruity,powdery
unisex,3.7,powdery,musky,woody
women,3.7,fruity,rose,musky
women,3.7,fruity,vanilla,floral
women,3.7,rose,musky,fruity
women,3.7,fruity,powdery,vanilla
women,3.7,rose,fruity,sweet
women,3.7,citrus,white floral,rose
women,3.7,fruity,green,fresh
women,3.7,green,white floral,powdery
women,3.7,floral,fresh,fruity
women,3.7,white floral,fruity,sweet
women,3.7,fruity,vanilla,powdery
women,3.7,citrus,fruity,aldehydic
unisex,3.7,fruity,citrus,sweet
women,3.7,floral,citrus,musky
women,3.7,warm spicy,floral,woody
unisex,3.7,citrus,sweet,honey
men,3.7,aromatic,fresh spicy,marine
men,3.7,citrus,fruity,aromatic
women,3.7,citrus,floral,green
men,3.7,woody,aromatic,fresh spicy
women,3.7,woody,rose,patchouli
women,3.7,green,aromatic,fresh spicy
women,3.7,fruity,floral,sweet
women,3.7,green,white floral,floral
women,3.7,citrus,white floral,amber
women,3.7,green,floral,fruity
women,3.7,white floral,citrus,yellow floral
women,3.7,woody,amber,vanilla
men,3.7,woody,powdery,musky
unisex,3.7,white floral,tuberose,fruity
men,3.7,citrus,fruity,warm spicy
men,3.7,woody,warm spicy,fresh spicy
unisex,3.7,lavender,vanilla,woody
men,3.7,fresh spicy,woody,citrus
women,3.7,citrus,fruity,sweet
men,3.7,fresh spicy,aromatic,citrus
women,3.7,fruity,white floral,tropical
men,3.7,warm spicy,citrus,marine
women,3.7,fruity,fresh,floral
unisex,3.7,amber,warm spicy,aromatic
women,3.7,powdery,amber,violet
women,3.7,floral,vanilla,amber
women,3.7,cacao,warm spicy,fruity
unisex,3.7,fruity,powdery,iris
unisex,3.7,sweet,cherry,musky
women,3.7,citrus,woody,fresh spicy
women,3.7,citrus,white floral,woody
women,3.7,sweet,fruity,coconut
unisex,3.7,fruity,sweet,musky
women,3.7,floral,powdery,musky
women,3.7,sweet,powdery,aromatic
men,3.7,warm spicy,patchouli,amber
women,3.7,fruity,floral,green
men,3.7,amber,fresh spicy,warm spicy
women,3.7,woody,citrus,powdery
women,3.7,fruity,sweet,woody
women,3.7,rose,musky,citrus
men,3.7,citrus,musky,warm spicy
men,3.7,tropical,fruity,amber
men,3.7,aromatic,woody,fresh spicy
women,3.7,fruity,sweet,powdery
women,3.7,ozonic,sweet,aquatic
women,3.7,powdery,amber,woody
unisex,3.7,vanilla,sweet,amber
women,3.7,sweet,patchouli,warm spicy
women,3.7,aromatic,citrus,lavender
women,3.7,woody,fruity,white floral
women,3.7,fruity,floral,sweet
unisex,3.7,citrus,chocolate,white floral
women,3.7,rose,fruity,citrus
women,3.7,floral,woody,citrus
unisex,3.7,sweet,vanilla,fruity
unisex,3.7,aromatic,green,fresh spicy
men,3.7,amber,musky,aromatic
unisex,3.7,woody,smoky,aromatic
unisex,3.7,woody,warm spicy,amber
unisex,3.7,citrus,white floral,woody
unisex,3.7,musky,aromatic,citrus
men,3.7,aromatic,fresh spicy,woody
women,3.7,white floral,citrus,sweet
women,3.7,citrus,floral,fruity
women,3.7,sweet,fruity,citrus
women,3.7,citrus,woody,white floral
women,3.7,white floral,sweet,citrus
women,3.7,fruity,floral,rose
women,3.7,white floral,warm spicy,sweet
women,3.7,fruity,white floral,sweet
women,3.7,woody,sweet,patchouli
unisex,3.7,citrus,aromatic,rose
men,3.7,citrus,aromatic,white floral
unisex,3.7,sweet,vanilla,powdery
women,3.7,woody,tropical,fruity
women,3.7,citrus,fruity,woody
men,3.7,citrus,fresh spicy,aromatic
men,3.7,mineral,aromatic,citrus
men,3.7,marine,aromatic,musky
women,3.7,rose,fresh spicy,oud
women,3.7,fruity,floral,lactonic
unisex,3.7,animalic,warm spicy,leather
unisex,3.7,sweet,vanilla,fruity
women,3.7,white floral,floral,tuberose
men,3.7,aromatic,woody,fresh spicy
women,3.7,floral,fruity,fresh
women,3.7,fruity,green,sweet
unisex,3.7,citrus,fresh,white floral
unisex,3.7,sweet,vanilla,warm spicy
women,3.7,fruity,white floral,fresh
women,3.7,white floral,musky,fruity
women,3.7,floral,fruity,powdery
unisex,3.7,citrus,aromatic,fresh spicy
men,3.7,citrus,aromatic,fresh spicy
unisex,3.7,iris,woody,warm spicy
women,3.7,fruity,powdery,sweet
women,3.7,coconut,sweet,vanilla
unisex,3.7,ozonic,citrus,aquatic
unisex,3.7,woody,oud,rose
unisex,3.7,musky,powdery,leather
unisex,3.7,fruity,floral,sweet
unisex,3.7,powdery,aldehydic,musky
women,3.7,citrus,green,aromatic
women,3.7,fresh,floral,fruity
women,3.7,fruity,sweet,rose
women,3.7,sweet,tobacco,leather
unisex,3.7,marine,aromatic,vanilla
men,3.7,aromatic,citrus,fresh spicy
unisex,3.7,white floral,warm spicy,amber
unisex,3.7,white floral,fresh,ozonic
unisex,3.7,fruity,musky,powdery
women,3.7,sweet,fruity,citrus
women,3.7,woody,white floral,fruity
women,3.7,green,woody,aromatic
women,3.7,vanilla,amber,floral
unisex,3.7,fruity,rose,white floral
women,3.7,fruity,tropical,sweet
unisex,3.7,coconut,green,woody
unisex,3.7,rose,warm spicy,fresh spicy
women,3.7,fruity,musky,powdery
women,3.7,floral,powdery,fresh
unisex,3.7,white floral,soft spicy,warm spicy
unisex,3.7,woody,aromatic,fresh spicy
women,3.7,woody,fresh spicy,aromatic
men,3.7,woody,warm spicy,violet
unisex,3.7,sweet,green,amber
women,3.7,fruity,powdery,floral
unisex,3.7,woody,amber,warm spicy
women,3.7,amber,rose,citrus
unisex,3.7,white floral,fruity,fresh
unisex,3.7,fruity,sweet,marine
unisex,3.7,vanilla,coconut,sweet
women,3.7,fruity,powdery,sweet
women,3.7,white floral,citrus,musky
unisex,3.71,sweet,woody,powdery
women,3.71,rose,woody,patchouli
women,3.71,marine,citrus,aromatic
men,3.71,green,fresh,citrus
men,3.71,woody,citrus,warm spicy
women,3.71,citrus,fresh,floral
women,3.71,fruity,patchouli,sweet
unisex,3.71,floral,lavender,amber
women,3.71,fruity,woody,white floral
women,3.71,fruity,floral,sweet
unisex,3.71,amber,woody,warm spicy
unisex,3.71,citrus,aromatic,fruity
unisex,3.71,woody,leather,warm spicy
unisex,3.71,woody,musky,powdery
women,3.71,rose,fresh,floral
men,3.71,woody,aromatic,warm spicy
women,3.71,citrus,aquatic,white floral
unisex,3.71,white floral,green,yellow floral
unisex,3.71,fruity,leather,powdery
women,3.71,white floral,almond,citrus
women,3.71,citrus,floral,sweet
women,3.71,citrus,sweet,tropical
women,3.71,amber,citrus,floral
women,3.71,floral,aquatic,ozonic
men,3.71,aromatic,fresh spicy,cannabis
women,3.71,rose,woody,floral
women,3.71,powdery,citrus,musky
women,3.71,aquatic,fresh,floral
unisex,3.71,citrus,fresh spicy,aromatic
women,3.71,citrus,floral,fruity
women,3.71,fruity,sweet,tropical
women,3.71,fruity,fresh,rose
women,3.71,fresh,aquatic,floral
women,3.71,rose,musky,powdery
women,3.71,white floral,citrus,sweet
women,3.71,fruity,green,woody
women,3.71,rose,vanilla,white floral
women,3.71,floral,tropical,vanilla
women,3.71,floral,citrus,rose
unisex,3.71,citrus,musky,amber
women,3.71,fruity,sweet,floral
women,3.71,citrus,fruity,floral
women,3.71,vanilla,rose,warm spicy
men,3.71,aromatic,fresh spicy,citrus
unisex,3.71,fruity,white floral,patchouli
women,3.71,floral,fruity,powdery
women,3.71,rose,floral,vanilla
women,3.71,floral,rose,woody
unisex,3.71,warm spicy,fresh spicy,green
men,3.71,fresh spicy,aromatic,citrus
women,3.71,floral,amber,powdery
unisex,3.71,citrus,powdery,white floral
men,3.71,aromatic,marine,citrus
unisex,3.71,fruity,white floral,sweet
unisex,3.71,aromatic,fresh spicy,green
unisex,3.71,woody,aromatic,warm spicy
women,3.71,white floral,amber,floral
women,3.71,sweet,caramel,vanilla
women,3.71,floral,citrus,fresh spicy
men,3.71,musky,lavender,aromatic
women,3.71,musky,rose,floral
unisex,3.71,woody,floral,yellow floral
women,3.71,patchouli,fruity,white floral
women,3.71,fruity,powdery,white floral
unisex,3.71,warm spicy,woody,sweet
unisex,3.71,woody,warm spicy,fruity
unisex,3.71,white floral,tuberose,musky
women,3.71,vanilla,aldehydic,powdery
men,3.71,citrus,aromatic,amber
men,3.71,woody,aromatic,fresh spicy
women,3.71,citrus,white floral,vanilla
men,3.71,aromatic,citrus,fresh spicy
women,3.71,fruity,rose,sweet
women,3.71,floral,amber,fruity
men,3.71,fresh spicy,warm spicy,cinnamon
unisex,3.71,smoky,woody,leather
unisex,3.71,iris,powdery,lavender
women,3.71,fruity,fresh,rose
women,3.71,citrus,rose,patchouli
women,3.71,vanilla,citrus,cinnamon
women,3.71,floral,rose,woody
women,3.71,vanilla,powdery,floral
men,3.71,ozonic,vanilla,woody
women,3.71,green,honey,sweet
unisex,3.71,fruity,sweet,citrus
women,3.71,citrus,rose,vanilla
women,3.71,vanilla,citrus,sweet
women,3.71,fruity,sweet,tropical
women,3.71,fruity,sweet,vanilla
women,3.71,floral,citrus,tropical
women,3.71,herbal,champagne,citrus
women,3.71,sweet,fruity,woody
women,3.71,floral,vanilla,sweet
women,3.71,fruity,floral,woody
unisex,3.71,aromatic,green,marine
women,3.71,fruity,floral,sweet
men,3.71,fresh spicy,woody,warm spicy
women,3.71,floral,fresh,rose
men,3.71,woody,warm spicy,aromatic
unisex,3.71,musky,amber,green
women,3.71,fruity,sweet,fresh
men,3.71,woody,aromatic,nutty
unisex,3.71,woody,aromatic,citrus
women,3.71,white floral,woody,fruity
unisex,3.71,sweet,vanilla,fruity
men,3.71,woody,musky,powdery
unisex,3.71,woody,aromatic,powdery
women,3.71,woody,powdery,floral
men,3.71,woody,aromatic,citrus
women,3.71,floral,rose,white floral
unisex,3.71,citrus,woody,green
unisex,3.71,amber,warm spicy,honey
women,3.71,fruity,sweet,fresh
women,3.71,sweet,citrus,powdery
women,3.71,fruity,citrus,sweet
men,3.71,floral,woody,earthy
men,3.71,citrus,woody,fresh
unisex,3.71,aromatic,amber,leather
unisex,3.71,woody,warm spicy,aromatic
women,3.71,powdery,vanilla,woody
women,3.71,woody,fresh spicy,floral
men,3.71,leather,woody,mossy
men,3.71,citrus,aromatic,amber
women,3.71,floral,powdery,musky
women,3.71,fruity,woody,sweet
unisex,3.71,warm spicy,sweet,cacao
women,3.71,fresh,floral,fruity
women,3.71,vanilla,sweet,fruity
women,3.71,musky,sweet,powdery
unisex,3.71,aromatic,floral,woody
women,3.71,fruity,woody,white floral
women,3.71,woody,white floral,green
women,3.71,white floral,fruity,amber
unisex,3.71,warm spicy,citrus,woody
women,3.71,woody,rose,soft spicy
women,3.71,sweet,fruity,white floral
women,3.71,floral,fruity,citrus
women,3.71,floral,fruity,rose
women,3.71,sweet,vanilla,musky
women,3.71,rose,woody,citrus
women,3.71,green,fruity,aromatic
men,3.71,aromatic,woody,green
men,3.71,amber,woody,fruity
women,3.71,fruity,rose,warm spicy
unisex,3.71,leather,fruity,musky
women,3.71,floral,powdery,sweet
women,3.71,fruity,sweet,woody
men,3.71,woody,musky,amber
unisex,3.71,woody,citrus,fresh spicy
unisex,3.71,warm spicy,woody,fresh spicy
women,3.71,ozonic,woody,powdery
unisex,3.71,aromatic,fresh spicy,green
women,3.71,fruity,vanilla,sweet
unisex,3.71,woody,sweet,warm spicy
women,3.71,sweet,fruity,rose
unisex,3.71,musky,rose,amber
women,3.71,white floral,floral,citrus
women,3.71,green,white floral,sweet
women,3.71,citrus,vanilla,white floral
women,3.71,woody,warm spicy,citrus
unisex,3.71,warm spicy,white floral,fresh spicy
women,3.71,fruity,sweet,vanilla
unisex,3.71,citrus,woody,white floral
unisex,3.71,vanilla,white floral,powdery
women,3.71,white floral,powdery,fresh
women,3.71,fresh,fruity,vanilla
women,3.71,floral,green,fresh
women,3.71,floral,fresh,green
unisex,3.71,green,musky,fruity
unisex,3.71,amber,woody,leather
women,3.71,floral,musky,champagne
unisex,3.71,rose,citrus,floral
women,3.71,floral,fresh,fruity
men,3.71,tobacco,warm spicy,sweet
unisex,3.71,fruity,white floral,woody
unisex,3.71,fruity,white floral,aquatic
unisex,3.71,citrus,rose,green
women,3.71,fruity,sweet,vanilla
women,3.71,floral,herbal,fresh
women,3.71,white floral,floral,fruity
men,3.71,aromatic,green,woody
men,3.71,aromatic,fresh spicy,woody
women,3.71,fruity,tropical,citrus
unisex,3.71,marine,aromatic,sand
women,3.71,woody,aromatic,warm spicy
women,3.71,floral,citrus,musky
unisex,3.71,floral,fresh,green
unisex,3.71,ozonic,aquatic,floral
women,3.71,woody,white floral,aquatic
women,3.71,rose,powdery,aromatic
women,3.71,white floral,citrus,musky
women,3.71,musky,powdery,rose
women,3.71,fruity,vanilla,white floral
women,3.71,fruity,sweet,white floral
men,3.71,citrus,fresh spicy,aromatic
women,3.71,fruity,sweet,citrus
unisex,3.71,rose,warm spicy,musky
women,3.71,vanilla,sweet,amber
unisex,3.71,oud,woody,rose
women,3.71,sweet,fruity,warm spicy
unisex,3.71,woody,floral,green
unisex,3.71,fruity,floral,fresh
women,3.71,floral,white floral,green
women,3.71,sweet,fruity,coca-cola
women,3.71,floral,fresh,fruity
women,3.71,fruity,sweet,white floral
women,3.71,powdery,white floral,violet
women,3.71,floral,citrus,rose
women,3.71,white floral,fruity,powdery
unisex,3.71,oud,citrus,woody
unisex,3.71,vanilla,powdery,warm spicy
unisex,3.71,iris,citrus,aromatic
women,3.71,powdery,vanilla,musky
men,3.71,woody,warm spicy,sweet
men,3.71,aromatic,fresh,woody
women,3.71,woody,fruity,aromatic
women,3.71,fruity,sweet,floral
women,3.71,fruity,fresh,sweet
women,3.71,white floral,floral,fruity
men,3.71,warm spicy,aromatic,amber
women,3.71,powdery,green,woody
women,3.71,sweet,coconut,fruity
men,3.71,citrus,fresh spicy,warm spicy
women,3.71,fruity,floral,aquatic
unisex,3.71,woody,sweet,floral
unisex,3.71,green,woody,amber
women,3.71,anis,soft spicy,powdery
women,3.71,floral,fresh,white floral
women,3.71,white floral,yellow floral,floral
unisex,3.71,leather,woody,tobacco
unisex,3.71,white floral,sweet,yellow floral
unisex,3.71,citrus,ozonic,aquatic
unisex,3.71,woody,salty,marine
men,3.71,vanilla,warm spicy,aromatic
women,3.71,vanilla,coconut,sweet
unisex,3.71,fruity,sweet,citrus
unisex,3.71,warm spicy,coffee,white floral
unisex,3.71,amber,woody,balsamic
women,3.71,rose,citrus,floral
unisex,3.71,citrus,powdery,musky
women,3.71,vanilla,fruity,powdery
women,3.72,sweet,fruity,ozonic
men,3.72,aromatic,citrus,herbal
women,3.72,powdery,woody,floral
women,3.72,coconut,white floral,sweet
women,3.72,fruity,citrus,woody
women,3.72,rose,woody,vanilla
women,3.72,citrus,white floral,aromatic
women,3.72,white floral,patchouli,soft spicy
men,3.72,citrus,aromatic,floral
women,3.72,fruity,floral,sweet
women,3.72,fresh,white floral,citrus
men,3.72,aromatic,vanilla,powdery
unisex,3.72,fruity,citrus,soft spicy
unisex,3.72,amber,white floral,tobacco
unisex,3.72,woody,powdery,warm spicy
unisex,3.72,fruity,sweet,woody
women,3.72,fruity,floral,aldehydic
women,3.72,fresh,aldehydic,musky
women,3.72,citrus,fresh spicy,aromatic
unisex,3.72,musky,patchouli,woody
women,3.72,white floral,sweet,fruity
women,3.72,warm spicy,cacao,sweet
women,3.72,amber,warm spicy,woody
men,3.72,citrus,aromatic,fresh spicy
unisex,3.72,powdery,citrus,green
unisex,3.72,woody,earthy,mossy
women,3.72,fresh,citrus,white floral
unisex,3.72,woody,warm spicy,white floral
women,3.72,warm spicy,amber,smoky
women,3.72,fruity,floral,fresh
women,3.72,vanilla,citrus,fruity
unisex,3.72,white floral,tuberose,musky
women,3.72,white floral,woody,fruity
women,3.72,fruity,floral,musky
men,3.72,citrus,woody,aromatic
women,3.72,fruity,fresh,citrus
women,3.72,fruity,woody,citrus
women,3.72,white floral,floral,citrus
unisex,3.72,soapy,white floral,mossy
men,3.72,aromatic,fresh spicy,lavender
women,3.72,floral,green,powdery
unisex,3.72,fruity,green,citrus
women,3.72,white floral,green,rose
women,3.72,rose,soft spicy,patchouli
women,3.72,white floral,warm spicy,citrus
men,3.72,aromatic,fresh spicy,green
men,3.72,fresh spicy,warm spicy,citrus
men,3.72,citrus,leather,warm spicy
women,3.72,rose,citrus,woody
unisex,3.72,white floral,sweet,tuberose
unisex,3.72,sweet,warm spicy,amber
women,3.72,white floral,fruity,rose
women,3.72,fruity,green,floral
women,3.72,floral,aquatic,musky
unisex,3.72,green,aromatic,marine
women,3.72,white floral,fresh,musky
women,3.72,sweet,fruity,lactonic
women,3.72,fruity,sweet,fresh spicy
unisex,3.72,citrus,rose,musky
unisex,3.72,aromatic,amber,rose
men,3.72,citrus,woody,aromatic
unisex,3.72,coffee,woody,warm spicy
women,3.72,rose,citrus,green
unisex,3.72,white floral,sweet,oud
women,3.72,floral,rose,vanilla
women,3.72,floral,white floral,salty
women,3.72,warm spicy,woody,cinnamon
women,3.72,citrus,sweet,floral
unisex,3.72,citrus,woody,amber
women,3.72,citrus,fruity,fresh spicy
men,3.72,warm spicy,fresh spicy,sweet
women,3.72,white floral,citrus,woody
women,3.72,white floral,rose,vanilla
women,3.72,powdery,musky,citrus
women,3.72,fruity,woody,floral
women,3.72,white floral,patchouli,vanilla
women,3.72,citrus,green,woody
unisex,3.72,marine,salty,aromatic
unisex,3.72,amber,citrus,woody
women,3.72,honey,floral,green
women,3.72,white floral,sweet,fruity
men,3.72,fresh spicy,aromatic,warm spicy
unisex,3.72,floral,yellow floral,powdery
women,3.72,musky,powdery,woody
women,3.72,floral,green,fresh
unisex,3.72,sweet,tobacco,honey
women,3.72,rose,ozonic,fresh
women,3.72,musky,sweet,tropical
unisex,3.72,fruity,earthy,tropical
unisex,3.72,green,woody,coconut
unisex,3.72,earthy,fruity,musky
unisex,3.72,fruity,earthy,sweet
women,3.72,musky,powdery,white floral
women,3.72,fruity,sweet,powdery
women,3.72,citrus,powdery,fruity
women,3.72,citrus,white floral,aquatic
women,3.72,fruity,patchouli,powdery
women,3.72,citrus,fruity,floral
women,3.72,fruity,powdery,sweet
women,3.72,white floral,ozonic,citrus
men,3.72,fresh spicy,lavender,aromatic
women,3.72,amber,woody,sweet
men,3.72,citrus,woody,aromatic
women,3.72,citrus,white floral,fresh
women,3.72,white floral,aldehydic,animalic
women,3.72,citrus,floral,fruity
women,3.72,citrus,,
men,3.72,woody,aromatic,fresh spicy
men,3.72,aquatic,ozonic,woody
women,3.72,citrus,warm spicy,woody
women,3.72,floral,woody,fresh
unisex,3.72,woody,powdery,citrus
unisex,3.72,citrus,warm spicy,rose
women,3.72,sweet,fruity,green
unisex,3.72,citrus,vanilla,fresh
men,3.72,citrus,fresh spicy,aromatic
women,3.72,citrus,fruity,aromatic
women,3.72,woody,green,warm spicy
women,3.72,aromatic,citrus,fresh spicy
women,3.72,fruity,sweet,citrus
unisex,3.72,warm spicy,woody,amber
men,3.72,citrus,woody,powdery
women,3.72,vanilla,white floral,rose
women,3.72,sweet,ozonic,aquatic
men,3.72,fruity,sweet,aromatic
men,3.72,aromatic,woody,green
unisex,3.72,fruity,sweet,vanilla
women,3.72,musky,white floral,citrus
unisex,3.72,woody,aromatic,fresh spicy
women,3.72,citrus,floral,fresh spicy
men,3.72,woody,citrus,warm spicy
unisex,3.72,leather,woody,smoky
women,3.72,white floral,sweet,musky
unisex,3.72,white floral,citrus,floral
women,3.72,powdery,iris,musky
unisex,3.72,fresh,amber,musky
men,3.72,floral,citrus,patchouli
women,3.72,fresh spicy,warm spicy,aromatic
women,3.72,woody,fruity,powdery
unisex,3.72,amber,vanilla,aromatic
women,3.72,vanilla,coconut,sweet
women,3.72,floral,fruity,amber
women,3.72,fresh,floral,white floral
women,3.72,rose,floral,fresh
women,3.72,fruity,sweet,powdery
men,3.72,woody,aromatic,fresh spicy
women,3.72,fruity,aquatic,fresh
women,3.72,fruity,powdery,floral
unisex,3.72,yellow floral,powdery,sweet
women,3.72,floral,fruity,fresh
women,3.72,powdery,yellow floral,vanilla
unisex,3.72,warm spicy,amber,woody
unisex,3.72,floral,woody,citrus
women,3.72,rose,green,floral
women,3.72,fruity,floral,sweet
men,3.72,musky,amber,woody
women,3.72,vanilla,white floral,fruity
unisex,3.72,fresh spicy,aromatic,warm spicy
unisex,3.72,warm spicy,woody,honey
women,3.72,floral,citrus,woody
unisex,3.72,fruity,sweet,fresh
unisex,3.72,citrus,fresh spicy,fresh
women,3.72,smoky,fruity,floral
men,3.72,amber,violet,powdery
women,3.72,citrus,floral,fresh spicy
men,3.72,aromatic,citrus,woody
women,3.72,floral,fruity,fresh
women,3.72,floral,citrus,white floral
women,3.72,citrus,powdery,musky
women,3.72,sweet,fruity,vanilla
women,3.72,fruity,white floral,sweet
unisex,3.72,floral,fruity,citrus
unisex,3.72,citrus,white floral,aromatic
unisex,3.72,woody,fruity,fresh
unisex,3.72,aromatic,fresh spicy,green
women,3.72,woody,fruity,white floral
women,3.72,vanilla,powdery,soft spicy
women,3.72,fruity,citrus,floral
women,3.72,white floral,citrus,musky
women,3.72,woody,citrus,aromatic
women,3.72,white floral,almond,floral
women,3.72,woody,rose,green
unisex,3.72,warm spicy,cacao,powdery
women,3.72,fruity,sweet,woody
unisex,3.72,woody,fruity,fresh spicy
women,3.72,white floral,fruity,sweet
women,3.72,rose,green,woody
women,3.72,fruity,sweet,floral
women,3.72,fruity,ozonic,aquatic
women,3.72,white floral,rose,powdery
women,3.72,citrus,aromatic,woody
women,3.72,vanilla,amber,warm spicy
unisex,3.72,citrus,aromatic,sweet
women,3.72,white floral,woody,floral
unisex,3.72,musky,powdery,sweet
women,3.72,rose,citrus,musky
unisex,3.72,powdery,floral,vanilla
unisex,3.72,rose,oud,fresh spicy
women,3.72,marine,white floral,aromatic
unisex,3.72,woody,powdery,vanilla
unisex,3.72,vanilla,woody,powdery
women,3.72,white floral,fruity,sweet
women,3.72,vanilla,coconut,sweet
women,3.72,floral,white floral,fresh
women,3.72,citrus,powdery,musky
women,3.72,fruity,sweet,white floral
women,3.72,woody,fresh spicy,warm spicy
women,3.72,vanilla,patchouli,warm spicy
men,3.72,fresh spicy,woody,powdery
men,3.72,warm spicy,citrus,woody
women,3.72,fruity,sweet,musky
unisex,3.72,citrus,fruity,aromatic
unisex,3.72,citrus,amber,aromatic
women,3.72,citrus,powdery,green
women,3.72,fruity,floral,tropical
unisex,3.72,woody,musky,smoky
women,3.72,vanilla,floral,sweet
women,3.73,citrus,musky,woody
women,3.73,sweet,lactonic,coconut
women,3.73,white floral,floral,woody
men,3.73,citrus,aromatic,green
men,3.73,aromatic,ozonic,green
men,3.73,lavender,citrus,leather
women,3.73,fruity,sweet,rose
women,3.73,powdery,violet,fruity
women,3.73,lactonic,vanilla,warm spicy
women,3.73,amber,woody,floral
women,3.73,fruity,sweet,tropical
women,3.73,fruity,citrus,green
women,3.73,floral,fresh,white floral
women,3.73,green,fresh,floral
men,3.73,citrus,fresh,sweet
women,3.73,floral,powdery,fruity
men,3.73,woody,aromatic,fresh spicy
unisex,3.73,woody,oud,powdery
unisex,3.73,fruity,woody,green
women,3.73,woody,citrus,fruity
women,3.73,floral,fruity,sweet
women,3.73,floral,fresh,fruity
women,3.73,white floral,woody,fresh spicy
women,3.73,white floral,floral,musky
women,3.73,fruity,sweet,rose
women,3.73,white floral,cacao,tuberose
men,3.73,asphault,leather,lavender
unisex,3.73,woody,musky,powdery
men,3.73,woody,aromatic,amber
unisex,3.73,citrus,aromatic,woody
unisex,3.73,citrus,fresh spicy,aromatic
women,3.73,fruity,vanilla,floral
women,3.73,floral,woody,citrus
women,3.73,floral,fresh,woody
women,3.73,white floral,green,fruity
men,3.73,soft spicy,aromatic,fresh spicy
women,3.73,fruity,sweet,patchouli
women,3.73,floral,citrus,musky
women,3.73,sweet,floral,white floral
unisex,3.73,fruity,sweet,woody
women,3.73,citrus,sweet,white floral
women,3.73,fruity,tropical,citrus
unisex,3.73,citrus,fruity,aromatic
women,3.73,rose,musky,woody
women,3.73,floral,fresh,aquatic
women,3.73,powdery,vanilla,woody
unisex,3.73,aromatic,woody,fresh spicy
women,3.73,citrus,rose,warm spicy
women,3.73,citrus,white floral,woody
women,3.73,aromatic,white floral,woody
women,3.73,aromatic,warm spicy,patchouli
unisex,3.73,citrus,white floral,aromatic
unisex,3.73,white floral,aldehydic,musky
women,3.73,fruity,musky,powdery
unisex,3.73,citrus,aromatic,fruity
women,3.73,fruity,rose,sweet
women,3.73,white floral,musky,citrus
men,3.73,fresh spicy,woody,aromatic
women,3.73,white floral,musky,sweet
women,3.73,sweet,fruity,citrus
men,3.73,aromatic,fresh spicy,woody
men,3.73,patchouli,earthy,warm spicy
women,3.73,fruity,sweet,woody
men,3.73,citrus,marine,aromatic
men,3.73,warm spicy,cinnamon,citrus
unisex,3.73,vanilla,citrus,powdery
women,3.73,woody,warm spicy,powdery
women,3.73,citrus,green,woody
women,3.73,fruity,sweet,fresh
men,3.73,woody,aromatic,fresh spicy
women,3.73,citrus,sweet,fresh
women,3.73,woody,rose,powdery
women,3.73,floral,citrus,fresh
unisex,3.73,powdery,yellow floral,floral
unisex,3.73,woody,aromatic,balsamic
unisex,3.73,amber,warm spicy,woody
women,3.73,white floral,earthy,mossy
women,3.73,fruity,vanilla,sweet
women,3.73,fruity,sweet,fresh
women,3.73,floral,fresh,citrus
women,3.73,fruity,citrus,vanilla
men,3.73,fresh spicy,citrus,white floral
women,3.73,citrus,woody,aromatic
women,3.73,sweet,floral,chocolate
men,3.73,fresh spicy,aromatic,woody
women,3.73,white floral,fruity,sweet
women,3.73,musky,powdery,iris
women,3.73,floral,sweet,almond
women,3.73,citrus,sweet,caramel
women,3.73,floral,woody,fresh spicy
women,3.73,vanilla,soft spicy,sweet
women,3.73,marine,aromatic,citrus
women,3.73,patchouli,fruity,sweet
women,3.73,sweet,fruity,woody
women,3.73,fruity,sweet,fresh
men,3.73,aromatic,woody,fresh spicy
women,3.73,sweet,oud,vanilla
men,3.73,citrus,fresh spicy,aromatic
women,3.73,fruity,citrus,white floral
unisex,3.73,sweet,white floral,fruity
men,3.73,aromatic,floral,powdery
women,3.73,citrus,floral,woody
women,3.73,citrus,aromatic,fresh spicy
women,3.73,green,fresh,aquatic
women,3.73,citrus,green,white floral
men,3.73,woody,citrus,fresh spicy
men,3.73,aromatic,fresh spicy,citrus
men,3.73,citrus,fresh spicy,woody
men,3.73,green,fresh,woody
women,3.73,powdery,white floral,vanilla
women,3.73,white floral,citrus,fresh
unisex,3.73,aromatic,fruity,green
women,3.73,floral,woody,green
unisex,3.73,aromatic,woody,green
men,3.73,aquatic,citrus,ozonic
unisex,3.73,aromatic,soft spicy,rose
women,3.73,sweet,fruity,vanilla
women,3.73,tropical,fruity,woody
unisex,3.73,green,aromatic,balsamic
women,3.73,floral,white floral,fresh
unisex,3.73,sweet,lactonic,coconut
unisex,3.73,warm spicy,woody,oud
unisex,3.73,citrus,woody,fresh spicy
unisex,3.73,rose,oud,warm spicy
women,3.73,green,herbal,aldehydic
women,3.73,rose,floral,yellow floral
men,3.73,powdery,woody,aromatic
women,3.73,sweet,caramel,vanilla
women,3.73,white floral,green,fresh
women,3.73,fruity,citrus,sweet
women,3.73,sweet,aromatic,vanilla
women,3.73,citrus,musky,fruity
men,3.73,woody,aromatic,vanilla
women,3.73,citrus,woody,fruity
women,3.73,citrus,vodka,fresh
women,3.73,fruity,powdery,woody
women,3.73,rose,patchouli,woody
women,3.73,musky,powdery,white floral
unisex,3.73,aromatic,citrus,fresh spicy
women,3.73,floral,aromatic,fruity
women,3.73,citrus,white floral,sweet
unisex,3.73,floral,fruity,white floral
women,3.73,fruity,woody,sweet
women,3.73,woody,fruity,amber
men,3.73,warm spicy,amber,musky
unisex,3.73,citrus,aromatic,fresh spicy
women,3.73,citrus,white floral,sweet
women,3.73,fruity,white floral,fresh
women,3.73,sweet,citrus,white floral
women,3.73,marine,rose,floral
unisex,3.73,amber,animalic,tobacco
unisex,3.73,woody,leather,animalic
women,3.73,white floral,tuberose,fruity
unisex,3.73,aquatic,mossy,earthy
women,3.73,rose,fresh,white floral
women,3.73,floral,tuberose,powdery
women,3.73,powdery,musky,white floral
unisex,3.73,warm spicy,woody,powdery
unisex,3.73,earthy,fresh,green
unisex,3.73,fruity,powdery,sweet
men,3.73,fresh spicy,aromatic,warm spicy
women,3.73,woody,powdery,musky
women,3.73,white floral,citrus,floral
unisex,3.73,warm spicy,floral,fresh spicy
unisex,3.73,woody,warm spicy,vanilla
men,3.73,aromatic,fresh,citrus
unisex,3.73,rose,oud,citrus
unisex,3.73,citrus,earthy,woody
unisex,3.73,yellow floral,citrus,white floral
women,3.73,fruity,vanilla,white floral
women,3.73,citrus,sweet,fruity
men,3.73,fresh spicy,citrus,woody
men,3.73,aromatic,green,fresh spicy
women,3.73,white floral,floral,citrus
women,3.73,fruity,sweet,rose
men,3.73,aromatic,fresh spicy,woody
men,3.73,aromatic,fresh spicy,woody
unisex,3.73,sweet,powdery,woody
unisex,3.73,amber,musky,powdery
men,3.73,aromatic,woody,fresh spicy
men,3.73,citrus,woody,floral
men,3.73,woody,powdery,warm spicy
women,3.73,fruity,sweet,citrus
women,3.73,vanilla,powdery,sweet
women,3.73,white floral,citrus,woody
women,3.73,musky,powdery,citrus
women,3.73,marine,aromatic,floral
unisex,3.73,woody,amber,earthy
unisex,3.73,floral,powdery,aromatic
women,3.73,citrus,white floral,fresh
women,3.73,fruity,sweet,white floral
men,3.73,amber,woody,vanilla
women,3.73,citrus,white floral,floral
unisex,3.73,citrus,aromatic,herbal
women,3.73,amber,white floral,vanilla
unisex,3.73,woody,amber,leather
women,3.73,fruity,citrus,sweet
women,3.73,fruity,sweet,floral
men,3.73,amber,aromatic,leather
men,3.73,citrus,aromatic,warm spicy
women,3.73,woody,floral,musky
unisex,3.73,floral,powdery,yellow floral
women,3.73,vanilla,woody,white floral
women,3.73,woody,earthy,green
women,3.73,fruity,aquatic,fresh
women,3.73,fruity,white floral,citrus
women,3.73,white floral,fruity,musky
women,3.73,floral,white floral,citrus
unisex,3.73,fruity,citrus,sweet
women,3.73,fruity,rose,woody
unisex,3.74,floral,fresh,musky
unisex,3.74,citrus,patchouli,fresh spicy
men,3.74,aromatic,warm spicy,woody
men,3.74,fresh spicy,aromatic,powdery
women,3.74,citrus,white floral,floral
men,3.74,aromatic,marine,woody
women,3.74,fruity,woody,sweet
men,3.74,woody,green,warm spicy
women,3.74,tropical,woody,amber
women,3.74,fruity,floral,sweet
unisex,3.74,citrus,white floral,green
women,3.74,floral,animalic,soft spicy
unisex,3.74,warm spicy,tobacco,woody
women,3.74,citrus,fruity,vanilla
women,3.74,fruity,sweet,citrus
women,3.74,citrus,fruity,coca-cola
women,3.74,fruity,lactonic,nutty
women,3.74,floral,white floral,woody
women,3.74,floral,fruity,white floral
men,3.74,warm spicy,aromatic,fresh spicy
women,3.74,citrus,floral,rose
unisex,3.74,citrus,warm spicy,aromatic
unisex,3.74,woody,aromatic,earthy
unisex,3.74,citrus,amber,fresh spicy
women,3.74,fresh,white floral,floral
men,3.74,warm spicy,amber,fresh spicy
women,3.74,white floral,citrus,floral
unisex,3.74,mineral,salty,citrus
women,3.74,fruity,sweet,amber
women,3.74,white floral,citrus,fruity
women,3.74,floral,aromatic,white floral
women,3.74,white floral,woody,aromatic
women,3.74,white floral,floral,green
women,3.74,floral,rose,fresh
women,3.74,warm spicy,amber,balsamic
unisex,3.74,leather,vanilla,aldehydic
unisex,3.74,rose,woody,cacao
unisex,3.74,white floral,citrus,woody
unisex,3.74,citrus,white floral,aromatic
men,3.74,aromatic,fresh spicy,green
men,3.74,citrus,aromatic,fresh spicy
unisex,3.74,amber,balsamic,fresh spicy
women,3.74,floral,citrus,fresh
unisex,3.74,oud,leather,cherry
women,3.74,woody,musky,white floral
women,3.74,white floral,tuberose,animalic
women,3.74,sweet,nutty,amber
women,3.74,floral,rose,fresh
women,3.74,citrus,white floral,floral
women,3.74,citrus,sweet,fruity
women,3.74,rose,oud,warm spicy
women,3.74,citrus,floral,white floral
men,3.74,aromatic,citrus,warm spicy
unisex,3.74,warm spicy,fresh spicy,citrus
unisex,3.74,woody,floral,aromatic
unisex,3.74,woody,citrus,white floral
women,3.74,citrus,rose,marine
women,3.74,floral,fruity,sweet
women,3.74,white floral,sweet,rose
unisex,3.74,floral,fruity,sweet
unisex,3.74,fruity,sweet,floral
women,3.74,musky,powdery,woody
women,3.74,sweet,fruity,cherry
men,3.74,fresh spicy,woody,aromatic
women,3.74,white floral,fresh,green
unisex,3.74,powdery,floral,woody
men,3.74,woody,fresh spicy,citrus
women,3.74,rose,powdery,white floral
women,3.74,rose,fruity,floral
women,3.74,sweet,woody,warm spicy
unisex,3.74,vanilla,fruity,sweet
unisex,3.74,yellow floral,woody,citrus
women,3.74,fruity,rose,musky
women,3.74,sweet,fruity,citrus
men,3.74,woody,aromatic,citrus
men,3.74,fresh spicy,white floral,rose
unisex,3.74,rose,oud,musky
women,3.74,sweet,vanilla,white floral
women,3.74,fruity,woody,citrus
women,3.74,citrus,white floral,floral
unisex,3.74,iris,earthy,powdery
women,3.74,fruity,floral,green
unisex,3.74,citrus,white floral,warm spicy
unisex,3.74,woody,fresh spicy,citrus
women,3.74,white floral,musky,mossy
women,3.74,rose,amber,musky
women,3.74,white floral,floral,rose
women,3.74,sweet,vanilla,powdery
women,3.74,white floral,citrus,sweet
men,3.74,aromatic,aquatic,lavender
unisex,3.74,warm spicy,woody,aromatic
women,3.74,fruity,floral,fresh
men,3.74,aromatic,green,musky
women,3.74,musky,powdery,fruity
unisex,3.74,leather,musky,aquatic
unisex,3.74,aquatic,ozonic,floral
women,3.74,white floral,patchouli,citrus
women,3.74,fruity,fresh,sweet
women,3.74,sweet,fruity,woody
women,3.74,woody,aromatic,earthy
women,3.74,vanilla,amber,powdery
women,3.74,citrus,warm spicy,fruity
men,3.74,fresh spicy,vanilla,aromatic
women,3.74,amber,woody,warm spicy
women,3.74,powdery,ozonic,floral
women,3.74,citrus,fruity,floral
men,3.74,aromatic,woody,marine
women,3.74,green,lactonic,fruity
women,3.74,white floral,fresh,citrus
women,3.74,warm spicy,floral,patchouli
unisex,3.74,amber,woody,aromatic
men,3.74,aromatic,fresh spicy,warm spicy
unisex,3.74,aromatic,powdery,white floral
women,3.74,vanilla,powdery,cacao
men,3.74,citrus,leather,warm spicy
women,3.74,woody,fresh spicy,white floral
women,3.74,fruity,fresh,green
women,3.74,fruity,sweet,woody
men,3.74,musky,leather,citrus
men,3.74,woody,aquatic,citrus
women,3.74,floral,aquatic,white floral
men,3.74,earthy,woody,sweet
women,3.74,powdery,vanilla,white floral
women,3.74,fruity,patchouli,floral
women,3.74,vanilla,coca-cola,sweet
unisex,3.74,marine,aquatic,salty
men,3.74,citrus,woody,sweet
unisex,3.74,woody,floral,citrus
unisex,3.74,woody,aromatic,leather
men,3.74,woody,aromatic,amber
unisex,3.74,citrus,powdery,woody
unisex,3.74,aromatic,green,woody
women,3.74,woody,white floral,powdery
women,3.74,fruity,sweet,powdery
unisex,3.74,warm spicy,woody,aromatic
women,3.74,warm spicy,fruity,powdery
women,3.74,rose,woody,sweet
women,3.74,citrus,white floral,rose
women,3.74,citrus,green,aromatic
women,3.74,aromatic,floral,citrus
women,3.74,white floral,woody,warm spicy
women,3.74,musky,powdery,fruity
women,3.74,vanilla,woody,warm spicy
women,3.74,citrus,white floral,vanilla
women,3.74,musky,floral,powdery
men,3.74,aromatic,citrus,marine
women,3.74,floral,woody,white floral
unisex,3.74,citrus,floral,fresh
women,3.74,citrus,fruity,amber
women,3.74,floral,citrus,powdery
women,3.74,powdery,yellow floral,fruity
men,3.74,amber,woody,ozonic
men,3.74,ozonic,aquatic,fruity
women,3.74,fruity,sweet,tropical
women,3.74,sweet,floral,powdery
women,3.74,citrus,fresh,soft spicy
women,3.74,fruity,white floral,sweet
unisex,3.74,woody,fresh spicy,aromatic
women,3.74,lactonic,fruity,sweet
women,3.74,sweet,citrus,aromatic
women,3.74,sweet,fruity,white floral
women,3.74,white floral,tuberose,rose
women,3.74,floral,fresh,aquatic
women,3.74,citrus,white floral,sweet
women,3.74,white floral,musky,floral
unisex,3.74,patchouli,woody,vanilla
women,3.74,rose,vanilla,sweet
women,3.74,honey,sweet,woody
men,3.74,aromatic,citrus,fresh spicy
women,3.74,floral,white floral,green
women,3.74,ozonic,aquatic,citrus
unisex,3.74,woody,ozonic,aromatic
women,3.74,rose,fresh,floral
women,3.74,fresh spicy,aromatic,woody
men,3.74,warm spicy,citrus,amber
unisex,3.74,amber,musky,sweet
unisex,3.74,rose,warm spicy,amber
unisex,3.74,citrus,caramel,sweet
women,3.74,musky,sweet,powdery
women,3.74,citrus,woody,floral
unisex,3.74,fruity,citrus,woody
men,3.74,aromatic,woody,fresh spicy
women,3.74,woody,powdery,yellow floral
unisex,3.74,fruity,sweet,tropical
women,3.74,aquatic,ozonic,fresh
unisex,3.74,green,savory,sweet
women,3.74,floral,woody,white floral
unisex,3.74,aromatic,woody,amber
unisex,3.74,woody,aromatic,warm spicy
women,3.74,white floral,citrus,floral
women,3.74,floral,citrus,musky
women,3.74,yellow floral,fresh spicy,aromatic
women,3.74,citrus,white floral,vanilla
women,3.74,white floral,green,fruity
unisex,3.74,woody,warm spicy,amber
women,3.74,vanilla,sweet,fresh spicy
women,3.74,citrus,floral,powdery
women,3.74,rose,white floral,citrus
women,3.74,musky,fruity,white floral
unisex,3.74,fruity,rose,vanilla
unisex,3.74,powdery,rose,musky
unisex,3.74,powdery,musky,iris
women,3.74,amber,warm spicy,smoky
unisex,3.74,amber,woody,balsamic
unisex,3.74,cherry,vanilla,sweet
unisex,3.74,ozonic,almond,aquatic
women,3.74,fruity,white floral,rose
women,3.74,floral,white floral,soft spicy
women,3.74,floral,green,fresh
women,3.74,rose,musky,citrus
unisex,3.74,marine,salty,citrus
men,3.74,aromatic,citrus,woody
women,3.74,fruity,sweet,floral
unisex,3.74,woody,aromatic,leather
unisex,3.74,sweet,warm spicy,tobacco
unisex,3.74,fruity,sweet,citrus
women,3.74,floral,yellow floral,powdery
women,3.74,white floral,fruity,fresh
men,3.74,woody,powdery,iris
women,3.74,amber,rose,vanilla
unisex,3.74,sweet,white floral,fruity
women,3.74,citrus,floral,fruity
men,3.74,woody,fresh spicy,aromatic
women,3.74,fruity,sweet,woody
women,3.74,fruity,sweet,floral
men,3.74,citrus,aromatic,woody
women,3.74,fruity,sweet,caramel
women,3.74,citrus,floral,woody
unisex,3.74,sweet,vanilla,white floral
women,3.74,sweet,soft spicy,cherry
women,3.74,sweet,citrus,fruity
men,3.74,fresh spicy,aromatic,woody
unisex,3.74,green,rose,musky
unisex,3.74,citrus,green,aldehydic
men,3.74,smoky,woody,leather
women,3.74,violet,powdery,marine
unisex,3.74,warm spicy,rose,vanilla
unisex,3.74,woody,fresh spicy,
women,3.74,citrus,white floral,floral
women,3.74,sweet,amber,fruity
women,3.74,warm spicy,cinnamon,powdery
women,3.74,yellow floral,woody,powdery
women,3.74,citrus,fruity,musky
men,3.74,fruity,ozonic,aromatic
men,3.74,aromatic,fresh spicy,lavender
women,3.74,citrus,rose,floral
unisex,3.74,sweet,powdery,fruity
women,3.74,aromatic,powdery,woody
women,3.74,citrus,sweet,amber
women,3.74,citrus,woody,rose
women,3.74,fresh spicy,woody,patchouli
women,3.74,citrus,floral,fresh
unisex,3.74,cherry,powdery,sweet
women,3.74,powdery,floral,musky
unisex,3.74,warm spicy,oud,sweet
men,3.75,citrus,woody,aromatic
men,3.75,vanilla,warm spicy,powdery
men,3.75,woody,amber,fresh spicy
women,3.75,citrus,floral,powdery
women,3.75,citrus,floral,woody
men,3.75,powdery,violet,leather
women,3.75,woody,powdery,white floral
men,3.75,warm spicy,aromatic,musky
men,3.75,green,aromatic,musky
women,3.75,citrus,floral,fresh
women,3.75,warm spicy,woody,fresh spicy
men,3.75,fresh spicy,aromatic,woody
men,3.75,warm spicy,amber,woody
women,3.75,powdery,iris,citrus
women,3.75,floral,honey,fruity
unisex,3.75,white floral,yellow floral,woody
women,3.75,floral,white floral,aquatic
women,3.75,white floral,almond,floral
women,3.75,powdery,musky,vanilla
unisex,3.75,citrus,white floral,fresh spicy
unisex,3.75,floral,citrus,aquatic
unisex,3.75,woody,aromatic,musky
women,3.75,citrus,fruity,white floral
unisex,3.75,woody,aromatic,citrus
women,3.75,woody,powdery,musky
women,3.75,rose,citrus,fruity
women,3.75,floral,fresh,citrus
women,3.75,rose,amber,musky
women,3.75,floral,vanilla,tropical
women,3.75,rose,musky,fresh spicy
women,3.75,sweet,vanilla,floral
women,3.75,fruity,sweet,powdery
women,3.75,citrus,green,aromatic
women,3.75,fruity,sweet,
women,3.75,fruity,tropical,fresh
women,3.75,woody,powdery,floral
women,3.75,fruity,woody,sweet
women,3.75,white floral,tuberose,citrus
women,3.75,white floral,aromatic,vanilla
women,3.75,fruity,sweet,tropical
unisex,3.75,woody,warm spicy,fresh spicy
women,3.75,fruity,sweet,musky
women,3.75,citrus,floral,fresh
unisex,3.75,woody,amber,fruity
women,3.75,white floral,tuberose,
unisex,3.75,fruity,white floral,floral
women,3.75,floral,woody,green
women,3.75,floral,white floral,rose
women,3.75,white floral,powdery,fruity
women,3.75,white floral,vanilla,sweet
women,3.75,fruity,tropical,floral
women,3.75,white floral,marine,amber
women,3.75,white floral,aromatic,fruity
unisex,3.75,citrus,mossy,earthy
unisex,3.75,floral,citrus,sweet
unisex,3.75,aromatic,green,white floral
women,3.75,fruity,white floral,floral
women,3.75,white floral,almond,citrus
unisex,3.75,citrus,woody,aromatic
women,3.75,rose,fruity,powdery
unisex,3.75,leather,aromatic,animalic
unisex,3.75,aromatic,woody,balsamic
unisex,3.75,fresh spicy,aromatic,citrus
women,3.75,rose,anis,fresh spicy
women,3.75,floral,fruity,musky
unisex,3.75,aromatic,vanilla,fresh spicy
women,3.75,yellow floral,sweet,coconut
women,3.75,white floral,sweet,warm spicy
unisex,3.75,woody,leather,earthy
women,3.75,woody,fruity,iris
women,3.75,yellow floral,green,woody
unisex,3.75,fresh spicy,woody,oud
women,3.75,citrus,rose,patchouli
men,3.75,fresh spicy,green,citrus
women,3.75,citrus,green,fruity
women,3.75,patchouli,woody,white floral
women,3.75,fruity,floral,sweet
women,3.75,green,floral,woody
women,3.75,fruity,rose,woody
women,3.75,floral,woody,fresh
women,3.75,floral,green,rose
unisex,3.75,floral,fresh,sweet
unisex,3.75,tropical,green,sweet
women,3.75,green,fresh,woody
women,3.75,floral,fruity,woody
women,3.75,white floral,caramel,vanilla
unisex,3.75,woody,aromatic,fresh spicy
men,3.75,iris,earthy,woody
unisex,3.75,woody,warm spicy,musky
women,3.75,citrus,white floral,patchouli
women,3.75,patchouli,citrus,woody
men,3.75,fresh spicy,warm spicy,
men,3.75,marine,aromatic,citrus
women,3.75,amber,mossy,earthy
men,3.75,citrus,patchouli,white floral
unisex,3.75,marine,soft spicy,aromatic
unisex,3.75,fresh spicy,woody,aromatic
women,3.75,citrus,floral,musky
men,3.75,aromatic,woody,citrus
women,3.75,fruity,warm spicy,white floral
women,3.75,amber,warm spicy,citrus
women,3.75,sweet,vanilla,floral
unisex,3.75,fruity,woody,sweet
women,3.75,floral,fresh,rose
unisex,3.75,warm spicy,woody,leather
women,3.75,woody,citrus,sweet
women,3.75,musky,powdery,animalic
men,3.75,woody,aromatic,ozonic
men,3.75,vanilla,amber,woody
unisex,3.75,citrus,fruity,aromatic
women,3.75,vanilla,white floral,citrus
women,3.75,fruity,sweet,white floral
men,3.75,aromatic,ozonic,fresh
women,3.75,sweet,citrus,patchouli
unisex,3.75,woody,powdery,soft spicy
unisex,3.75,musky,amber,woody
women,3.75,fruity,floral,musky
men,3.75,aromatic,citrus,woody
men,3.75,woody,fresh spicy,aromatic
women,3.75,white floral,woody,green
women,3.75,fruity,sweet,citrus
women,3.75,sweet,fruity,fresh
women,3.75,sweet,fruity,coconut
women,3.75,white floral,tuberose,woody
unisex,3.75,woody,rose,warm spicy
unisex,3.75,fruity,warm spicy,aromatic
women,3.75,floral,citrus,sweet
women,3.75,fruity,vanilla,almond
unisex,3.75,white floral,tuberose,woody
women,3.75,powdery,musky,aldehydic
women,3.75,fruity,sweet,floral
women,3.75,sweet,fruity,floral
unisex,3.75,citrus,woody,coffee
unisex,3.75,leather,powdery,animalic
men,3.75,woody,leather,citrus
women,3.75,citrus,vanilla,coffee
women,3.75,aquatic,ozonic,floral
unisex,3.75,fruity,sweet,ozonic
women,3.75,floral,powdery,vanilla
unisex,3.75,citrus,fresh spicy,woody
unisex,3.75,marine,salty,amber
men,3.75,aquatic,musky,aromatic
unisex,3.75,amber,woody,citrus
women,3.75,powdery,white floral,citrus
women,3.75,citrus,woody,floral
women,3.75,fruity,white floral,woody
women,3.75,fruity,green,rose
unisex,3.75,woody,warm spicy,powdery
unisex,3.75,woody,warm spicy,aromatic
unisex,3.75,honey,sweet,warm spicy
unisex,3.75,warm spicy,cinnamon,vanilla
unisex,3.75,aromatic,woody,cannabis
unisex,3.75,woody,aldehydic,floral
unisex,3.75,citrus,musky,white floral
women,3.75,rose,fruity,vanilla
unisex,3.75,vanilla,citrus,sweet
women,3.75,musky,amber,woody
women,3.75,fruity,powdery,citrus
women,3.75,fruity,white floral,sweet
women,3.75,citrus,aromatic,fresh spicy
women,3.75,floral,yellow floral,powdery
unisex,3.75,citrus,fresh,aldehydic
women,3.75,white floral,tuberose,animalic
men,3.75,aromatic,woody,citrus
unisex,3.75,floral,citrus,woody
unisex,3.75,white floral,citrus,tuberose
women,3.75,citrus,patchouli,woody
women,3.75,floral,fresh,fruity
women,3.75,rose,floral,powdery
unisex,3.75,oud,warm spicy,rose
women,3.75,white floral,tuberose,green
unisex,3.75,amber,balsamic,patchouli
unisex,3.75,green,fresh,lactonic
unisex,3.75,ozonic,aquatic,green
unisex,3.75,white floral,citrus,powdery
women,3.75,woody,aromatic,green
men,3.75,aromatic,warm spicy,vanilla
men,3.75,citrus,fresh spicy,woody
unisex,3.75,woody,warm spicy,coconut
unisex,3.75,citrus,woody,powdery
women,3.75,woody,fruity,citrus
women,3.75,white floral,woody,yellow floral
women,3.75,rose,warm spicy,metallic
women,3.75,green,yellow floral,mossy
women,3.75,rose,amber,floral
women,3.75,fresh spicy,rose,aromatic
unisex,3.75,woody,aromatic,oud
unisex,3.75,woody,sweet,patchouli
unisex,3.75,fruity,sweet,tobacco
unisex,3.75,aromatic,fresh spicy,musky
women,3.75,woody,warm spicy,powdery
unisex,3.75,marine,salty,mineral
women,3.75,floral,warm spicy,white floral
women,3.75,fresh,floral,violet
women,3.75,white floral,floral,citrus
women,3.75,citrus,tropical,sweet
unisex,3.75,rose,floral,powdery
women,3.75,fruity,musky,amber
women,3.75,warm spicy,fresh spicy,woody
unisex,3.75,citrus,sweet,white floral
men,3.75,fruity,citrus,fresh spicy
unisex,3.75,sweet,woody,amber
men,3.75,ozonic,woody,aquatic
unisex,3.75,sweet,almond,fruity
women,3.75,sweet,fruity,rose
women,3.75,floral,powdery,musky
unisex,3.75,aromatic,green,woody
unisex,3.75,amber,powdery,woody
unisex,3.75,rose,coffee,vanilla
women,3.75,white floral,sweet,citrus
unisex,3.75,citrus,aromatic,fresh spicy
women,3.75,fruity,green,fresh
women,3.75,powdery,vanilla,sweet
unisex,3.75,citrus,white floral,mossy
unisex,3.75,tobacco,woody,warm spicy
men,3.75,fresh spicy,leather,aromatic
unisex,3.75,woody,aromatic,floral
unisex,3.75,warm spicy,oud,tobacco
men,3.75,aromatic,warm spicy,herbal
women,3.75,fruity,sweet,vanilla
women,3.75,citrus,floral,rose
women,3.75,fruity,sweet,violet
women,3.75,rose,floral,musky
women,3.75,floral,rose,fresh
unisex,3.75,warm spicy,leather,powdery
women,3.75,sweet,vanilla,fruity
unisex,3.75,rose,warm spicy,earthy
women,3.75,warm spicy,amber,metallic
women,3.75,aromatic,mossy,earthy
women,3.75,vanilla,fruity,sweet
unisex,3.75,tuberose,warm spicy,white floral
unisex,3.75,woody,powdery,fruity
women,3.75,fresh,floral,musky
women,3.75,amber,citrus,fresh spicy
women,3.75,floral,woody,amber
unisex,3.75,woody,aromatic,citrus
unisex,3.75,amber,warm spicy,floral
men,3.75,citrus,woody,musky
women,3.76,sweet,woody,citrus
men,3.76,aromatic,citrus,woody
women,3.76,fruity,rose,sweet
women,3.76,floral,white floral,fresh
women,3.76,fruity,citrus,fresh
women,3.76,amber,powdery,cherry
men,3.76,woody,leather,aromatic
men,3.76,fresh spicy,warm spicy,woody
women,3.76,vanilla,sweet,fruity
women,3.76,citrus,woody,aromatic
women,3.76,fruity,sweet,tropical
women,3.76,white floral,woody,tuberose
women,3.76,white floral,floral,fresh
women,3.76,fruity,sweet,musky
unisex,3.76,woody,white floral,citrus
women,3.76,fruity,patchouli,sweet
women,3.76,lavender,woody,musky
women,3.76,vanilla,warm spicy,balsamic
unisex,3.76,fruity,sweet,woody
unisex,3.76,citrus,sweet,white floral
women,3.76,fruity,fresh,sweet
unisex,3.76,aromatic,citrus,woody
unisex,3.76,aquatic,citrus,fruity
men,3.76,aromatic,citrus,fresh spicy
men,3.76,woody,aromatic,citrus
women,3.76,floral,fresh,fruity
unisex,3.76,citrus,aromatic,woody
men,3.76,aromatic,woody,earthy
unisex,3.76,woody,amber,musky
men,3.76,warm spicy,aromatic,fresh spicy
unisex,3.76,warm spicy,lactonic,sweet
women,3.76,woody,powdery,vanilla
men,3.76,woody,aromatic,citrus
women,3.76,white floral,floral,fresh
women,3.76,fruity,sweet,white floral
women,3.76,rose,aquatic,musky
women,3.76,sweet,fruity,almond
women,3.76,fruity,sweet,woody
women,3.76,vanilla,powdery,citrus
unisex,3.76,woody,leather,smoky
men,3.76,fresh spicy,citrus,aromatic
women,3.76,fresh,floral,citrus
women,3.76,fruity,sweet,powdery
women,3.76,white floral,citrus,tuberose
women,3.76,white floral,green,aromatic
men,3.76,citrus,lavender,white floral
women,3.76,violet,powdery,fruity
women,3.76,citrus,floral,fresh
men,3.76,fruity,sweet,green
men,3.76,woody,coconut,aromatic
women,3.76,citrus,white floral,rose
women,3.76,sweet,fruity,citrus
women,3.76,fruity,floral,sweet
unisex,3.76,vanilla,white floral,yellow floral
women,3.76,fruity,citrus,sweet
men,3.76,woody,aromatic,marine
unisex,3.76,fruity,sweet,musky
women,3.76,sweet,fruity,rose
women,3.76,woody,earthy,aromatic
women,3.76,floral,citrus,fruity
women,3.76,woody,rose,warm spicy
unisex,3.76,fruity,powdery,sweet
women,3.76,fresh,floral,fruity
unisex,3.76,white floral,citrus,sweet
women,3.76,floral,aquatic,fresh
women,3.76,fruity,citrus,sweet
women,3.76,citrus,fresh,woody
women,3.76,rose,musky,citrus
men,3.76,woody,aromatic,warm spicy
women,3.76,white floral,amber,tuberose
unisex,3.76,citrus,white floral,aromatic
women,3.76,citrus,musky,amber
women,3.76,white floral,rose,powdery
women,3.76,white floral,fresh,aquatic
women,3.76,green,woody,fruity
unisex,3.76,woody,citrus,white floral
women,3.76,woody,fresh,floral
unisex,3.76,rose,amber,fruity
men,3.76,woody,citrus,aromatic
unisex,3.76,white floral,sweet,fruity
unisex,3.76,woody,leather,warm spicy
women,3.76,aquatic,fresh,fruity
women,3.76,tropical,white floral,coconut
unisex,3.76,citrus,champagne,musky
unisex,3.76,aromatic,warm spicy,fresh spicy
women,3.76,floral,white floral,ozonic
women,3.76,citrus,white floral,coffee
women,3.76,amber,woody,rose
women,3.76,rose,floral,citrus
men,3.76,woody,amber,fruity
men,3.76,citrus,aromatic,warm spicy
women,3.76,fruity,sweet,coconut
women,3.76,citrus,white floral,vanilla
women,3.76,fresh,aquatic,fruity
women,3.76,powdery,white floral,fruity
women,3.76,floral,fruity,fresh
women,3.76,floral,woody,powdery
women,3.76,sweet,fruity,lactonic
men,3.76,aromatic,fresh spicy,green
women,3.76,fruity,citrus,tropical
women,3.76,white floral,powdery,citrus
men,3.76,woody,aromatic,earthy
women,3.76,fruity,sweet,woody
women,3.76,citrus,white floral,fruity
women,3.76,white floral,fruity,tropical
women,3.76,woody,sweet,fruity
unisex,3.76,aldehydic,musky,citrus
unisex,3.76,rose,floral,warm spicy
women,3.76,white floral,citrus,musky
unisex,3.76,citrus,vanilla,floral
men,3.76,woody,aromatic,warm spicy
women,3.76,white floral,aromatic,sweet
men,3.76,citrus,fresh spicy,aromatic
men,3.76,aromatic,woody,fresh spicy
women,3.76,woody,white floral,almond
men,3.76,aromatic,woody,citrus
unisex,3.76,aromatic,woody,amber
women,3.76,fruity,amber,floral
men,3.76,warm spicy,aromatic,amber
unisex,3.76,rose,floral,oud
women,3.76,citrus,aromatic,woody
men,3.76,citrus,powdery,fresh spicy
men,3.76,citrus,floral,fresh spicy
women,3.76,floral,lavender,powdery
women,3.76,vanilla,white floral,powdery
women,3.76,citrus,floral,white floral
men,3.76,green,floral,citrus
women,3.76,sweet,caramel,patchouli
women,3.76,vanilla,floral,sweet
women,3.76,citrus,floral,fresh spicy
unisex,3.76,white floral,woody,lactonic
unisex,3.76,soft spicy,anis,tobacco
men,3.76,woody,aromatic,musky
unisex,3.76,amber,woody,balsamic
women,3.76,aquatic,marine,ozonic
men,3.76,aromatic,fresh spicy,green
men,3.76,citrus,woody,aromatic
men,3.76,green,woody,aromatic
men,3.76,aromatic,woody,citrus
unisex,3.76,amber,citrus,fresh spicy
unisex,3.76,citrus,floral,fruity
women,3.76,sweet,fruity,woody
unisex,3.76,powdery,violet,woody
unisex,3.76,floral,sweet,amber
unisex,3.76,woody,aromatic,earthy
unisex,3.76,fruity,fresh,floral
unisex,3.76,floral,fruity,rose
women,3.76,warm spicy,powdery,vanilla
unisex,3.76,rose,woody,fruity
unisex,3.76,citrus,aromatic,fresh spicy
women,3.76,floral,woody,fruity
men,3.76,woody,warm spicy,soft spicy
women,3.76,floral,rose,musky
women,3.76,vanilla,sweet,fruity
women,3.76,white floral,fruity,sweet
women,3.76,woody,white floral,citrus
women,3.76,floral,rose,fresh
unisex,3.76,white floral,tobacco,patchouli
unisex,3.76,citrus,vanilla,amber
men,3.76,woody,citrus,smoky
unisex,3.76,amber,warm spicy,woody
men,3.76,fresh spicy,aromatic,woody
women,3.76,fruity,sweet,powdery
women,3.76,floral,rose,fresh
women,3.76,sweet,fruity,citrus
women,3.76,fruity,musky,fresh
women,3.76,fruity,aquatic,fresh
women,3.76,sweet,warm spicy,woody
unisex,3.76,fruity,aromatic,green
men,3.76,fresh spicy,amber,lavender
men,3.76,amber,citrus,warm spicy
women,3.76,floral,white floral,fresh
women,3.76,fruity,vanilla,woody
unisex,3.76,woody,aromatic,fresh spicy
women,3.76,fresh,white floral,floral
women,3.76,sweet,vanilla,fruity
women,3.76,citrus,powdery,woody
unisex,3.76,aldehydic,fresh,musky
women,3.76,leather,cherry,powdery
unisex,3.76,fruity,sweet,musky
women,3.76,fruity,sweet,tropical
men,3.76,aromatic,marine,citrus
women,3.76,floral,powdery,white floral
unisex,3.76,citrus,floral,marine
unisex,3.76,rose,honey,floral
women,3.76,floral,citrus,white floral
women,3.76,fruity,sweet,chocolate
unisex,3.76,citrus,aromatic,fresh spicy
women,3.76,white floral,fresh,fruity
unisex,3.76,white floral,woody,aromatic
men,3.76,aromatic,woody,warm spicy
women,3.76,sweet,cherry,fruity
unisex,3.76,aromatic,fresh spicy,citrus
women,3.76,fruity,sweet,amber
women,3.76,green,aromatic,woody
unisex,3.76,white floral,warm spicy,vanilla
women,3.76,fruity,sweet,floral
women,3.76,white floral,citrus,tuberose
women,3.76,fruity,sweet,rose
unisex,3.76,amber,balsamic,warm spicy
unisex,3.76,woody,green,aromatic
unisex,3.76,white floral,citrus,floral
unisex,3.76,woody,rose,floral
unisex,3.76,citrus,aromatic,green
unisex,3.76,vanilla,powdery,musky
men,3.76,fruity,powdery,lavender
unisex,3.76,sweet,fruity,caramel
men,3.76,citrus,aromatic,vanilla
unisex,3.76,citrus,powdery,soft spicy
women,3.76,rose,warm spicy,woody
unisex,3.76,citrus,powdery,musky
unisex,3.76,sweet,fruity,powdery
unisex,3.76,floral,citrus,woody
women,3.76,fruity,floral,sweet
women,3.76,sweet,vanilla,white floral
women,3.76,warm spicy,amber,woody
men,3.76,sweet,aromatic,warm spicy
men,3.76,fresh spicy,warm spicy,fruity
men,3.76,fresh spicy,ozonic,amber
unisex,3.76,aromatic,fresh spicy,warm spicy
women,3.76,rose,citrus,floral
men,3.76,marine,salty,woody
unisex,3.76,citrus,fresh spicy,aromatic
unisex,3.76,mossy,earthy,white floral
unisex,3.76,sweet,fruity,woody
women,3.76,citrus,woody,coconut
unisex,3.76,aromatic,marine,woody
women,3.76,fruity,white floral,floral
men,3.76,aromatic,citrus,marine
women,3.76,sweet,coconut,fruity
unisex,3.76,citrus,woody,aromatic
unisex,3.76,citrus,woody,sweet
women,3.76,fresh,fruity,floral
unisex,3.76,leather,aromatic,warm spicy
men,3.76,fruity,cinnamon,woody
men,3.76,aromatic,fresh spicy,green
women,3.76,white floral,fruity,powdery
unisex,3.76,aromatic,woody,soft spicy
women,3.76,woody,honey,warm spicy
women,3.76,ozonic,aquatic,fruity
unisex,3.76,rose,musky,white floral
women,3.76,citrus,powdery,white floral
women,3.76,fruity,vanilla,soft spicy
men,3.76,woody,musky,citrus
women,3.76,aromatic,lavender,fresh spicy
unisex,3.76,musky,amber,woody
unisex,3.76,woody,aromatic,earthy
unisex,3.76,sweet,musky,fruity
unisex,3.76,coffee,warm spicy,green
unisex,3.76,caramel,sweet,lactonic
women,3.76,floral,aromatic,cannabis
women,3.76,warm spicy,amber,white floral
women,3.76,tropical,fruity,sweet
unisex,3.76,citrus,fresh spicy,
unisex,3.76,rose,woody,musky
unisex,3.76,woody,aromatic,vanilla
men,3.76,aromatic,citrus,woody
women,3.76,floral,musky,amber
unisex,3.76,warm spicy,white floral,woody
women,3.76,citrus,floral,fruity
women,3.76,floral,fresh,citrus
women,3.76,white floral,citrus,powdery
women,3.76,vanilla,coconut,floral
women,3.76,fresh,floral,fruity
women,3.76,citrus,woody,fresh spicy
men,3.76,vanilla,warm spicy,powdery
unisex,3.76,woody,aromatic,citrus
unisex,3.76,warm spicy,powdery,woody
women,3.76,warm spicy,aromatic,leather
women,3.76,woody,fruity,vanilla
men,3.76,citrus,fresh spicy,lavender
unisex,3.76,woody,warm spicy,powdery
women,3.76,floral,woody,powdery
women,3.76,citrus,white floral,amber
unisex,3.76,amber,animalic,leather
women,3.76,citrus,floral,woody
men,3.76,woody,fruity,amber
unisex,3.76,balsamic,vanilla,woody
women,3.76,rose,green,aromatic
unisex,3.76,sweet,fruity,vanilla
women,3.76,sweet,warm spicy,fruity
women,3.76,amber,sweet,warm spicy
women,3.76,citrus,powdery,violet
women,3.77,floral,rose,white floral
men,3.77,citrus,aromatic,warm spicy
women,3.77,white floral,fruity,citrus
women,3.77,floral,powdery,aquatic
women,3.77,white floral,woody,fresh
women,3.77,sweet,floral,rose
women,3.77,fruity,white floral,sweet
women,3.77,fruity,white floral,woody
women,3.77,white floral,fruity,woody
women,3.77,white floral,floral,tuberose
women,3.77,green,fresh,floral
women,3.77,floral,sweet,citrus
unisex,3.77,aromatic,woody,soft spicy
women,3.77,citrus,fruity,woody
women,3.77,fruity,floral,fresh
men,3.77,aromatic,woody,warm spicy
women,3.77,white floral,aromatic,floral
men,3.77,vanilla,rum,lavender
women,3.77,white floral,green,citrus
women,3.77,sweet,white floral,amber
men,3.77,aromatic,woody,citrus
unisex,3.77,marine,rose,citrus
women,3.77,rose,musky,white floral
women,3.77,floral,white floral,fruity
unisex,3.77,citrus,aromatic,fresh spicy
unisex,3.77,fresh spicy,aromatic,warm spicy
men,3.77,aromatic,woody,warm spicy
women,3.77,cherry,amber,powdery
women,3.77,citrus,fruity,woody
women,3.77,sweet,fruity,floral
women,3.77,floral,white floral,sweet
women,3.77,floral,fresh,vanilla
women,3.77,white floral,floral,sweet
women,3.77,floral,musky,aquatic
women,3.77,white floral,fresh,floral
unisex,3.77,white floral,,
women,3.77,citrus,rose,fruity
women,3.77,white floral,citrus,sweet
unisex,3.77,vanilla,amber,warm spicy
men,3.77,woody,citrus,vanilla
women,3.77,sweet,fruity,tropical
unisex,3.77,herbal,woody,floral
men,3.77,aromatic,woody,citrus
men,3.77,aromatic,citrus,fresh spicy
women,3.77,white floral,patchouli,aromatic
women,3.77,cherry,sweet,fruity
women,3.77,sweet,fruity,citrus
women,3.77,floral,citrus,white floral
women,3.77,citrus,white floral,sweet
women,3.77,fruity,woody,green
men,3.77,aromatic,woody,fresh spicy
unisex,3.77,fresh spicy,aromatic,citrus
women,3.77,fruity,white floral,patchouli
women,3.77,citrus,aromatic,honey
women,3.77,floral,citrus,rose
women,3.77,aromatic,citrus,green
women,3.77,fruity,floral,sweet
women,3.77,iris,white floral,powdery
women,3.77,floral,rose,musky
women,3.77,citrus,powdery,violet
men,3.77,rose,woody,oud
unisex,3.77,amber,vanilla,white floral
unisex,3.77,woody,fruity,powdery
unisex,3.77,citrus,fresh spicy,woody
unisex,3.77,white floral,fruity,oud
unisex,3.77,rose,amber,fruity
men,3.77,woody,aromatic,citrus
unisex,3.77,aromatic,woody,warm spicy
women,3.77,citrus,floral,white floral
men,3.77,woody,fresh spicy,aromatic
men,3.77,citrus,fresh spicy,aromatic
men,3.77,citrus,warm spicy,woody
men,3.77,citrus,fresh spicy,aromatic
women,3.77,caramel,powdery,amber
unisex,3.77,amber,earthy,rose
women,3.77,rose,floral,fruity
women,3.77,citrus,white floral,fresh spicy
women,3.77,fruity,sweet,woody
unisex,3.77,woody,amber,aromatic
unisex,3.77,powdery,iris,citrus
unisex,3.77,citrus,fresh spicy,aromatic
women,3.77,violet,powdery,citrus
women,3.77,floral,fresh,fruity
women,3.77,citrus,white floral,floral
women,3.77,fruity,woody,floral
unisex,3.77,citrus,white floral,fresh spicy
women,3.77,fruity,sweet,fresh
women,3.77,fruity,white floral,patchouli
women,3.77,fruity,rose,floral
women,3.77,rose,white floral,citrus
women,3.77,citrus,floral,fresh spicy
unisex,3.77,woody,whiskey,tobacco
women,3.77,citrus,woody,aromatic
women,3.77,floral,white floral,fruity
women,3.77,woody,earthy,rose
women,3.77,woody,green,amber
women,3.77,sweet,cherry,fruity
women,3.77,fruity,sweet,powdery
women,3.77,floral,fruity,powdery
men,3.77,fresh spicy,citrus,warm spicy
women,3.77,woody,sweet,warm spicy
women,3.77,sweet,fruity,woody
women,3.77,citrus,woody,aromatic
men,3.77,amber,balsamic,fresh spicy
unisex,3.77,powdery,iris,floral
men,3.77,aromatic,fresh spicy,woody
unisex,3.77,amber,warm spicy,white floral
women,3.77,citrus,sweet,white floral
unisex,3.77,rose,aromatic,fresh spicy
women,3.77,white floral,floral,rose
women,3.77,woody,white floral,patchouli
women,3.77,woody,ozonic,green
women,3.77,green,woody,rose
men,3.77,aromatic,citrus,marine
women,3.77,floral,fruity,woody
unisex,3.77,animalic,woody,rose
women,3.77,woody,floral,earthy
women,3.77,citrus,white floral,floral
women,3.77,citrus,white floral,sweet
women,3.77,honey,sweet,coconut
women,3.77,tropical,fruity,green
women,3.77,lactonic,sweet,powdery
women,3.77,sweet,powdery,vanilla
men,3.77,fruity,vanilla,sweet
men,3.77,aromatic,citrus,fresh spicy
women,3.77,citrus,white floral,sweet
men,3.77,woody,aromatic,ozonic
women,3.77,fruity,floral,sweet
unisex,3.77,woody,sweet,cherry
unisex,3.77,aromatic,marine,fresh spicy
unisex,3.77,floral,citrus,tropical
unisex,3.77,powdery,iris,fruity
men,3.77,woody,aromatic,warm spicy
women,3.77,musky,powdery,floral
women,3.77,fruity,woody,warm spicy
men,3.77,warm spicy,fruity,citrus
men,3.77,aromatic,woody,fresh spicy
unisex,3.77,woody,sweet,fruity
unisex,3.77,amber,musky,white floral
unisex,3.77,green,citrus,fruity
women,3.77,floral,musky,powdery
women,3.77,white floral,citrus,
women,3.77,citrus,warm spicy,powdery
unisex,3.77,aromatic,woody,marine
men,3.77,citrus,lavender,fresh spicy
women,3.77,white floral,tuberose,floral
men,3.77,leather,fruity,warm spicy
men,3.77,aromatic,fresh spicy,lavender
unisex,3.77,warm spicy,leather,tobacco
women,3.77,fruity,white floral,woody
unisex,3.77,floral,citrus,white floral
women,3.77,fruity,fresh,citrus
unisex,3.77,woody,aromatic,green
men,3.77,woody,sweet,citrus
women,3.77,floral,citrus,fruity
women,3.77,aquatic,citrus,fresh
women,3.77,amber,warm spicy,fruity
women,3.77,musky,woody,powdery
women,3.77,sweet,coconut,fruity
women,3.77,woody,warm spicy,amber
unisex,3.77,sweet,aromatic,amber
women,3.77,woody,rose,floral
women,3.77,white floral,cinnamon,fruity
women,3.77,sweet,fruity,floral
women,3.77,warm spicy,patchouli,rose
women,3.77,citrus,white floral,sweet
women,3.77,fruity,woody,sweet
women,3.77,sweet,citrus,fruity
women,3.77,vanilla,citrus,floral
women,3.77,fruity,powdery,floral
men,3.77,aromatic,citrus,fresh spicy
women,3.77,sweet,vanilla,coconut
women,3.77,woody,fruity,aromatic
women,3.77,sweet,lactonic,honey
women,3.77,fruity,sweet,powdery
unisex,3.77,yellow floral,sweet,powdery
unisex,3.77,citrus,aromatic,lavender
men,3.77,citrus,fruity,leather
women,3.77,floral,woody,white floral
women,3.77,floral,musky,white floral
unisex,3.77,aromatic,fresh spicy,citrus
unisex,3.77,citrus,fruity,powdery
men,3.77,green,ozonic,woody
women,3.77,woody,floral,green
women,3.77,amber,warm spicy,aromatic
women,3.77,citrus,white floral,musky
women,3.77,vanilla,powdery,sweet
men,3.77,woody,fresh spicy,warm spicy
unisex,3.77,leather,amber,white floral
unisex,3.77,leather,woody,smoky
men,3.77,aromatic,woody,musky
women,3.77,green,woody,white floral
unisex,3.77,woody,amber,warm spicy
women,3.77,white floral,floral,ozonic
men,3.77,aromatic,fresh spicy,woody
women,3.77,white floral,fresh,floral
women,3.77,lactonic,fresh spicy,powdery
women,3.77,white floral,floral,musky
unisex,3.77,aromatic,citrus,fresh spicy
unisex,3.77,fresh spicy,sweet,woody
unisex,3.77,rose,oud,woody
women,3.77,woody,earthy,white floral
men,3.77,citrus,lavender,fresh spicy
women,3.77,fruity,sweet,floral
women,3.77,floral,rose,woody
unisex,3.77,aromatic,warm spicy,amber
men,3.77,woody,aromatic,citrus
women,3.77,floral,white floral,powdery
women,3.77,fruity,patchouli,woody
women,3.77,rose,fruity,floral
unisex,3.77,iris,powdery,caramel
men,3.77,citrus,green,fruity
men,3.77,fresh spicy,woody,aromatic
women,3.77,white floral,fruity,sweet
women,3.77,citrus,woody,aromatic
women,3.77,white floral,fruity,citrus
women,3.77,white floral,tuberose,floral
unisex,3.77,aromatic,marine,woody
unisex,3.77,aromatic,woody,fresh spicy
women,3.77,rose,citrus,aromatic
women,3.77,rose,woody,aromatic
unisex,3.77,amber,warm spicy,woody
women,3.77,sweet,honey,vanilla
men,3.77,earthy,mossy,woody
unisex,3.77,woody,patchouli,warm spicy
unisex,3.77,powdery,aquatic,violet
men,3.77,aromatic,fresh spicy,woody
women,3.77,powdery,vanilla,caramel
women,3.77,aldehydic,fresh,yellow floral
women,3.77,amber,woody,warm spicy
men,3.77,powdery,woody,violet
women,3.77,white floral,floral,fresh
unisex,3.77,warm spicy,woody,vanilla
women,3.77,citrus,aromatic,white floral
women,3.77,white floral,floral,musky
men,3.77,woody,aromatic,fresh spicy
men,3.77,aromatic,woody,fresh spicy
unisex,3.77,sweet,vanilla,caramel
women,3.77,citrus,aromatic,warm spicy
women,3.77,white floral,floral,citrus
women,3.77,powdery,rose,musky
women,3.77,white floral,citrus,fruity
women,3.77,white floral,floral,tuberose
unisex,3.77,aromatic,woody,green
men,3.77,warm spicy,woody,cinnamon
men,3.77,woody,vanilla,powdery
women,3.77,floral,fresh,rose
women,3.77,floral,fruity,sweet
men,3.77,marine,aromatic,woody
unisex,3.77,amber,caramel,sweet
women,3.77,powdery,musky,woody
women,3.77,sweet,fruity,patchouli
men,3.77,fresh spicy,aromatic,citrus
men,3.77,aromatic,fresh spicy,woody
women,3.77,floral,fresh,powdery
women,3.77,white floral,tuberose,citrus
unisex,3.77,musky,powdery,amber
women,3.77,citrus,aromatic,warm spicy
unisex,3.77,fresh spicy,aromatic,earthy
women,3.77,powdery,floral,yellow floral
men,3.77,ozonic,aquatic,fresh
men,3.77,aromatic,citrus,lavender
unisex,3.77,white floral,citrus,tuberose
women,3.77,citrus,patchouli,fruity
women,3.77,rose,fruity,woody
unisex,3.77,citrus,aromatic,white floral
unisex,3.77,amber,woody,balsamic
women,3.77,white floral,vanilla,powdery
unisex,3.77,musky,woody,white floral
women,3.78,citrus,white floral,aromatic
unisex,3.78,woody,warm spicy,amber
unisex,3.78,oud,white floral,woody
men,3.78,citrus,sweet,fresh spicy
men,3.78,green,fresh,aquatic
women,3.78,floral,powdery,musky
unisex,3.78,floral,fresh,musky
unisex,3.78,citrus,woody,sweet
women,3.78,sweet,fruity,white floral
men,3.78,aquatic,musky,citrus
men,3.78,woody,warm spicy,sweet
women,3.78,violet,powdery,caramel
women,3.78,woody,white floral,citrus
women,3.78,fruity,sweet,tropical
women,3.78,fruity,sweet,fresh spicy
men,3.78,vanilla,leather,herbal
men,3.78,aromatic,woody,fresh spicy
unisex,3.78,ozonic,aquatic,fresh
women,3.78,sweet,floral,fruity
women,3.78,citrus,woody,musky
women,3.78,floral,rose,citrus
women,3.78,sweet,white floral,woody
unisex,3.78,musky,fresh,citrus
unisex,3.78,citrus,aquatic,ozonic
women,3.78,cherry,sweet,amber
unisex,3.78,warm spicy,fresh spicy,citrus
women,3.78,aquatic,fresh,musky
women,3.78,white floral,green,citrus
unisex,3.78,white floral,aquatic,floral
women,3.78,woody,citrus,balsamic
women,3.78,fruity,white floral,sweet
women,3.78,floral,marine,citrus
women,3.78,white floral,floral,fruity
men,3.78,aromatic,fresh spicy,herbal
women,3.78,white floral,green,animalic
women,3.78,white floral,fresh,citrus
women,3.78,citrus,floral,green
women,3.78,white floral,floral,musky
unisex,3.78,warm spicy,camphor,amber
women,3.78,white floral,citrus,tuberose
unisex,3.78,citrus,floral,fresh spicy
women,3.78,aromatic,woody,leather
women,3.78,white floral,tuberose,fruity
women,3.78,floral,violet,powdery
women,3.78,powdery,violet,green
women,3.78,floral,fresh,aquatic
women,3.78,white floral,floral,fresh
women,3.78,rose,patchouli,citrus
women,3.78,warm spicy,fresh,floral
men,3.78,green,fresh spicy,aromatic
unisex,3.78,floral,musky,sweet
women,3.78,floral,citrus,woody
women,3.78,powdery,musky,floral
unisex,3.78,woody,amber,sweet
unisex,3.78,musky,amber,powdery
women,3.78,fruity,floral,woody
women,3.78,fruity,white floral,citrus
unisex,3.78,citrus,marine,aromatic
women,3.78,vanilla,coconut,sweet
unisex,3.78,warm spicy,leather,oud
men,3.78,vanilla,iris,powdery
unisex,3.78,aromatic,fresh spicy,woody
women,3.78,soft spicy,sweet,aromatic
women,3.78,fruity,sweet,cherry
unisex,3.78,citrus,vanilla,musky
women,3.78,woody,powdery,sweet
unisex,3.78,musky,fresh,white floral
unisex,3.78,woody,smoky,aromatic
women,3.78,white floral,fresh,floral
women,3.78,sweet,fruity,white floral
unisex,3.78,aquatic,fresh,sweet
unisex,3.78,fruity,citrus,woody
unisex,3.78,fruity,citrus,aromatic
women,3.78,sweet,powdery,woody
women,3.78,vanilla,woody,amber
women,3.78,floral,fruity,sweet
women,3.78,patchouli,citrus,vanilla
women,3.78,fruity,woody,aromatic
women,3.78,musky,citrus,powdery
men,3.78,aromatic,fresh spicy,citrus
women,3.78,rose,musky,aromatic
women,3.78,sweet,fruity,rose
women,3.78,amber,citrus,white floral
men,3.78,aromatic,green,citrus
women,3.78,green,fresh spicy,fruity
women,3.78,fruity,sweet,lactonic
men,3.78,amber,aromatic,citrus
women,3.78,rose,floral,woody
unisex,3.78,woody,amber,warm spicy
women,3.78,white floral,fruity,sweet
women,3.78,amber,cherry,fruity
unisex,3.78,oud,woody,rose
unisex,3.78,white floral,green,warm spicy
women,3.78,fruity,citrus,sweet
women,3.78,citrus,white floral,floral
women,3.78,musky,powdery,sweet
women,3.78,warm spicy,woody,amber
unisex,3.78,citrus,white floral,woody
unisex,3.78,citrus,green,powdery
unisex,3.78,fruity,woody,sweet
women,3.78,tropical,fruity,floral
men,3.78,rose,patchouli,tobacco
women,3.78,sweet,vanilla,almond
women,3.78,citrus,white floral,woody
women,3.78,vanilla,sweet,powdery
unisex,3.78,woody,oud,amber
women,3.78,vanilla,rose,floral
women,3.78,floral,citrus,vanilla
unisex,3.78,rose,fruity,musky
women,3.78,woody,vanilla,citrus
men,3.78,warm spicy,fruity,sweet
women,3.78,floral,fresh,musky
women,3.78,floral,rose,white floral
women,3.78,fruity,sweet,vanilla
men,3.78,fresh spicy,woody,fruity
women,3.78,floral,rose,musky
women,3.78,white floral,citrus,green
women,3.78,fruity,floral,woody
women,3.78,woody,floral,fruity
unisex,3.78,patchouli,warm spicy,aromatic
women,3.78,citrus,floral,rose
women,3.78,floral,fresh,rose
women,3.78,white floral,green,floral
women,3.78,woody,rose,oud
women,3.78,powdery,fruity,fresh
women,3.78,woody,white floral,aromatic
men,3.78,citrus,woody,floral
women,3.78,powdery,vanilla,woody
men,3.78,aromatic,citrus,fruity
unisex,3.78,citrus,aromatic,green
women,3.78,floral,sweet,vanilla
unisex,3.78,woody,rose,oud
women,3.78,woody,rose,patchouli
women,3.78,green,floral,woody
men,3.78,woody,iris,citrus
women,3.78,aromatic,woody,earthy
unisex,3.78,rose,ozonic,fruity
men,3.78,aromatic,lavender,vanilla
women,3.78,floral,green,fresh
men,3.78,citrus,aromatic,fresh spicy
men,3.78,woody,aromatic,amber
men,3.78,woody,aromatic,aquatic
unisex,3.78,aromatic,lavender,herbal
women,3.78,fruity,sweet,aquatic
unisex,3.78,woody,aromatic,earthy
women,3.78,aromatic,citrus,green
unisex,3.78,marine,woody,amber
men,3.78,woody,citrus,white floral
men,3.78,woody,warm spicy,amber
women,3.78,fruity,ozonic,woody
women,3.78,fruity,sweet,citrus
women,3.78,citrus,green,fresh
women,3.78,citrus,woody,fruity
unisex,3.78,woody,fresh spicy,patchouli
women,3.78,woody,warm spicy,herbal
men,3.78,warm spicy,tropical,fruity
unisex,3.78,woody,aromatic,smoky
women,3.78,white floral,floral,sweet
unisex,3.78,woody,citrus,warm spicy
unisex,3.78,rose,warm spicy,woody
unisex,3.78,sweet,vanilla,powdery
unisex,3.78,floral,powdery,fresh spicy
women,3.78,fruity,white floral,green
women,3.78,fruity,rose,woody
women,3.78,white floral,musky,powdery
women,3.78,oud,rose,violet
unisex,3.78,green,powdery,woody
women,3.78,white floral,fruity,fresh
women,3.78,citrus,white floral,floral
women,3.78,vanilla,white floral,sweet
women,3.78,fruity,sweet,floral
unisex,3.78,aquatic,fresh,fruity
women,3.78,amber,rose,leather
women,3.78,fruity,floral,citrus
women,3.78,white floral,fruity,vanilla
unisex,3.78,fruity,musky,white floral
women,3.78,leather,woody,smoky
women,3.78,fruity,fresh,citrus
women,3.78,fruity,floral,sweet
men,3.78,woody,powdery,violet
men,3.78,woody,aromatic,citrus
women,3.78,fruity,sweet,citrus
women,3.78,fruity,citrus,tropical
women,3.78,warm spicy,aldehydic,yellow floral
unisex,3.78,citrus,aromatic,white floral
unisex,3.78,fruity,musky,patchouli
women,3.78,vanilla,fruity,floral
unisex,3.78,musky,white floral,marine
men,3.78,aromatic,citrus,green
unisex,3.78,white floral,amber,fresh spicy
women,3.78,fruity,aquatic,sweet
women,3.78,fruity,woody,floral
women,3.78,citrus,aromatic,fruity
unisex,3.78,citrus,aromatic,woody
women,3.78,fruity,rose,patchouli
women,3.78,citrus,warm spicy,musky
men,3.78,aromatic,citrus,fruity
women,3.78,vanilla,white floral,soft spicy
unisex,3.78,green,woody,powdery
unisex,3.78,warm spicy,woody,rose
unisex,3.78,citrus,woody,aromatic
men,3.78,aromatic,warm spicy,fresh spicy
women,3.78,fruity,sweet,white floral
unisex,3.78,white floral,floral,green
women,3.78,sweet,honey,fresh spicy
unisex,3.78,marine,aromatic,aquatic
women,3.78,musky,floral,fresh
unisex,3.78,sweet,vanilla,floral
unisex,3.78,vanilla,citrus,white floral
unisex,3.78,citrus,sweet,vanilla
women,3.78,floral,white floral,musky
women,3.78,fruity,aquatic,floral
unisex,3.78,white floral,amber,animalic
unisex,3.78,rose,sweet,oud
women,3.78,white floral,floral,citrus
unisex,3.78,fresh spicy,aromatic,citrus
unisex,3.78,floral,rose,fresh
men,3.78,amber,warm spicy,woody
women,3.78,sweet,floral,fruity
unisex,3.78,sweet,coconut,fruity
unisex,3.78,fruity,sweet,fresh
men,3.78,citrus,aromatic,woody
women,3.78,fresh,citrus,fruity
women,3.78,fruity,sweet,vanilla
women,3.78,citrus,aromatic,fresh spicy
women,3.78,woody,floral,green
women,3.78,fruity,citrus,floral
women,3.78,amber,warm spicy,woody
unisex,3.78,leather,smoky,mineral
men,3.78,citrus,ozonic,aquatic
women,3.78,fruity,tropical,sweet
women,3.78,woody,green,fruity
unisex,3.78,sweet,white floral,almond
women,3.78,white floral,citrus,floral
unisex,3.78,floral,fruity,green
unisex,3.78,citrus,white floral,amber
men,3.78,citrus,woody,fresh spicy
unisex,3.78,woody,floral,violet
women,3.78,fruity,fresh,sweet
unisex,3.78,ozonic,green,aquatic
unisex,3.78,woody,aromatic,smoky
men,3.78,aquatic,citrus,white floral
men,3.78,citrus,warm spicy,fresh
women,3.78,white floral,citrus,tuberose
women,3.78,warm spicy,white floral,fresh spicy
women,3.78,ozonic,aquatic,fruity
men,3.78,aromatic,woody,marine
men,3.78,aromatic,citrus,woody
unisex,3.78,powdery,violet,floral
unisex,3.78,cacao,warm spicy,sweet
men,3.78,citrus,aromatic,woody
unisex,3.78,aromatic,green,citrus
unisex,3.78,citrus,woody,white floral
women,3.78,citrus,fresh spicy,aromatic
unisex,3.78,floral,powdery,musky
women,3.78,rose,floral,fresh
women,3.78,amber,iris,woody
unisex,3.78,woody,warm spicy,rose
unisex,3.78,woody,fruity,powdery
unisex,3.78,powdery,iris,musky
women,3.78,citrus,patchouli,woody
men,3.78,citrus,soft spicy,warm spicy
women,3.78,white floral,warm spicy,citrus
men,3.78,ozonic,lavender,woody
women,3.78,white floral,aromatic,citrus
women,3.78,warm spicy,floral,white floral
men,3.78,woody,amber,citrus
women,3.78,fruity,floral,woody
unisex,3.78,amber,aromatic,citrus
women,3.78,white floral,woody,vanilla
women,3.78,white floral,fruity,vanilla
men,3.78,woody,rose,aromatic
women,3.78,musky,white floral,fruity
women,3.78,citrus,floral,white floral
women,3.78,floral,almond,woody
men,3.78,aromatic,fresh spicy,lavender
women,3.78,woody,fruity,green
unisex,3.79,citrus,amber,oud
women,3.79,fresh spicy,rose,warm spicy
men,3.79,powdery,citrus,woody
men,3.79,woody,patchouli,warm spicy
men,3.79,aromatic,woody,fresh spicy
women,3.79,citrus,fruity,floral
women,3.79,sweet,fruity,aquatic
men,3.79,lavender,warm spicy,aromatic
unisex,3.79,warm spicy,amber,patchouli
women,3.79,citrus,floral,musky
women,3.79,white floral,floral,musky
women,3.79,floral,woody,honey
men,3.79,fresh spicy,aromatic,woody
women,3.79,tropical,citrus,fruity
men,3.79,leather,amber,green
women,3.79,floral,fruity,woody
women,3.79,rose,white floral,fresh
women,3.79,white floral,fruity,fresh
women,3.79,floral,rose,fresh
unisex,3.79,amber,woody,balsamic
women,3.79,floral,citrus,fresh
men,3.79,aromatic,citrus,fresh spicy
women,3.79,floral,citrus,white floral
men,3.79,fresh spicy,warm spicy,aromatic
women,3.79,yellow floral,white floral,powdery
unisex,3.79,musky,fruity,powdery
unisex,3.79,coconut,powdery,sweet
unisex,3.79,citrus,aromatic,fresh spicy
unisex,3.79,aromatic,sweet,tobacco
unisex,3.79,woody,citrus,aromatic
women,3.79,woody,citrus,aromatic
men,3.79,green,aromatic,woody
women,3.79,white floral,salty,fruity
women,3.79,white floral,tuberose,woody
women,3.79,floral,fresh spicy,woody
men,3.79,aromatic,fresh spicy,citrus
women,3.79,floral,vanilla,powdery
women,3.79,citrus,white floral,green
women,3.79,sweet,fruity,vanilla
women,3.79,fruity,sweet,fresh
unisex,3.79,woody,patchouli,warm spicy
women,3.79,white floral,yellow floral,woody
women,3.79,white floral,floral,green
women,3.79,fruity,rose,floral
unisex,3.79,musky,powdery,sweet
men,3.79,aromatic,fresh spicy,woody
women,3.79,floral,fruity,rose
women,3.79,citrus,white floral,floral
men,3.79,green,aromatic,white floral
women,3.79,white floral,citrus,warm spicy
men,3.79,citrus,white floral,green
women,3.79,floral,rose,fresh
women,3.79,floral,aquatic,citrus
women,3.79,white floral,marine,aromatic
women,3.79,citrus,white floral,sweet
men,3.79,vanilla,aromatic,lavender
women,3.79,sweet,patchouli,fruity
women,3.79,green,white floral,fresh
unisex,3.79,musky,herbal,floral
women,3.79,white floral,floral,citrus
women,3.79,white floral,lactonic,sweet
men,3.79,woody,nutty,vanilla
women,3.79,citrus,fresh spicy,white floral
women,3.79,woody,tuberose,floral
women,3.79,citrus,floral,powdery
women,3.79,sweet,fruity,vanilla
women,3.79,citrus,aromatic,fresh spicy
unisex,3.79,white floral,citrus,fruity
women,3.79,white floral,citrus,fruity
unisex,3.79,fruity,floral,musky
unisex,3.79,musky,vanilla,powdery
women,3.79,violet,rose,powdery
women,3.79,fruity,sweet,powdery
women,3.79,citrus,fresh,white floral
unisex,3.79,powdery,woody,violet
unisex,3.79,amber,vanilla,warm spicy
unisex,3.79,warm spicy,oud,rose
women,3.79,powdery,woody,citrus
men,3.79,ozonic,aquatic,green
unisex,3.79,soft spicy,woody,patchouli
unisex,3.79,powdery,citrus,musky
women,3.79,floral,citrus,powdery
women,3.79,citrus,white floral,woody
women,3.79,floral,sweet,citrus
women,3.79,white floral,green,woody
women,3.79,rose,floral,fresh
women,3.79,citrus,fresh,woody
unisex,3.79,fruity,sweet,woody
women,3.79,caramel,fruity,sweet
women,3.79,powdery,woody,warm spicy
women,3.79,floral,fruity,soft spicy
unisex,3.79,powdery,musky,woody
men,3.79,fresh,aromatic,warm spicy
men,3.79,citrus,aromatic,lavender
men,3.79,soft spicy,aromatic,anis
women,3.79,powdery,iris,musky
women,3.79,white floral,amber,musky
unisex,3.79,warm spicy,rose,powdery
unisex,3.79,woody,fruity,oud
women,3.79,warm spicy,amber,sweet
unisex,3.79,oud,woody,warm spicy
women,3.79,citrus,mossy,aquatic
unisex,3.79,citrus,white floral,woody
men,3.79,aromatic,citrus,woody
women,3.79,sweet,fruity,citrus
men,3.79,fresh spicy,aromatic,citrus
women,3.79,fruity,sweet,patchouli
unisex,3.79,woody,warm spicy,oud
men,3.79,citrus,marine,aromatic
men,3.79,citrus,fresh spicy,leather
men,3.79,amber,sweet,almond
women,3.79,citrus,fruity,powdery
women,3.79,fruity,patchouli,sweet
unisex,3.79,citrus,mossy,aromatic
women,3.79,rose,floral,fruity
women,3.79,amber,fresh spicy,powdery
men,3.79,aromatic,woody,citrus
men,3.79,woody,sweet,fresh
women,3.79,vanilla,warm spicy,fruity
women,3.79,amber,powdery,almond
women,3.79,white floral,fresh,fruity
men,3.79,marine,aromatic,salty
women,3.79,floral,sweet,patchouli
women,3.79,tropical,fruity,white floral
women,3.79,fruity,soft spicy,sweet
women,3.79,sweet,fruity,fresh
women,3.79,rose,fruity,floral
women,3.79,white floral,citrus,fruity
women,3.79,almond,powdery,woody
women,3.79,powdery,violet,woody
women,3.79,sweet,fruity,musky
unisex,3.79,fruity,white floral,fresh
men,3.79,citrus,aromatic,fresh spicy
men,3.79,fresh spicy,citrus,aromatic
women,3.79,citrus,vanilla,warm spicy
women,3.79,powdery,violet,floral
men,3.79,woody,powdery,white floral
men,3.79,fruity,warm spicy,cinnamon
men,3.79,aromatic,fresh spicy,warm spicy
men,3.79,woody,lactonic,powdery
women,3.79,musky,powdery,citrus
women,3.79,white floral,woody,citrus
women,3.79,floral,powdery,musky
men,3.79,aromatic,green,fresh spicy
men,3.79,aquatic,fresh,musky
women,3.79,fruity,sweet,white floral
women,3.79,powdery,floral,violet
men,3.79,musky,citrus,powdery
unisex,3.79,woody,warm spicy,amber
men,3.79,woody,aromatic,powdery
unisex,3.79,woody,amber,patchouli
unisex,3.79,woody,aromatic,green
men,3.79,woody,fresh spicy,fruity
unisex,3.79,woody,vanilla,powdery
unisex,3.79,floral,green,powdery
men,3.79,aromatic,woody,earthy
unisex,3.79,fresh spicy,aromatic,lavender
men,3.79,ozonic,citrus,aquatic
women,3.79,floral,warm spicy,powdery
men,3.79,woody,sweet,soft spicy
women,3.79,sweet,warm spicy,citrus
men,3.79,woody,powdery,warm spicy
unisex,3.79,oud,floral,fruity
women,3.79,citrus,white floral,sweet
unisex,3.79,sweet,fresh spicy,cherry
men,3.79,warm spicy,aromatic,vanilla
unisex,3.79,white floral,tuberose,floral
women,3.79,sweet,vanilla,citrus
men,3.79,aromatic,woody,fresh spicy
women,3.79,fruity,floral,white floral
women,3.79,coca-cola,sweet,fruity
women,3.79,fruity,powdery,violet
women,3.79,woody,citrus,aromatic
women,3.79,fruity,rose,woody
women,3.79,fruity,white floral,vanilla
women,3.79,warm spicy,cacao,patchouli
women,3.79,powdery,iris,vanilla
unisex,3.79,woody,warm spicy,aromatic
men,3.79,aromatic,fresh spicy,woody
unisex,3.79,woody,fresh spicy,powdery
women,3.79,white floral,floral,marine
women,3.79,powdery,violet,iris
women,3.79,earthy,amber,sweet
men,3.79,aromatic,warm spicy,woody
women,3.79,woody,white floral,citrus
women,3.79,rose,musky,floral
women,3.79,white floral,citrus,floral
unisex,3.79,sweet,amber,woody
men,3.79,amber,woody,warm spicy
unisex,3.79,amber,vanilla,balsamic
men,3.79,warm spicy,aromatic,vanilla
unisex,3.79,powdery,iris,woody
women,3.79,fruity,white floral,musky
men,3.79,citrus,aromatic,woody
unisex,3.79,fresh spicy,musky,citrus
women,3.79,citrus,fruity,sweet
men,3.79,citrus,warm spicy,lavender
men,3.79,fresh spicy,lavender,aromatic
women,3.79,powdery,floral,violet
women,3.79,fruity,sweet,aromatic
women,3.79,white floral,citrus,fresh spicy
women,3.79,warm spicy,oud,amber
women,3.79,sweet,fruity,musky
unisex,3.79,rose,woody,citrus
unisex,3.79,green,musky,powdery
men,3.79,aromatic,fresh spicy,citrus
women,3.79,warm spicy,fresh,floral
unisex,3.79,leather,sweet,animalic
women,3.79,fruity,floral,musky
women,3.79,citrus,white floral,woody
women,3.79,citrus,fruity,sweet
women,3.79,white floral,woody,fruity
unisex,3.79,woody,aromatic,green
unisex,3.79,woody,aromatic,earthy
women,3.79,woody,citrus,aromatic
unisex,3.79,woody,smoky,sweet
women,3.79,white floral,citrus,woody
women,3.79,citrus,woody,fruity
unisex,3.79,tuberose,white floral,earthy
unisex,3.79,woody,powdery,iris
women,3.79,floral,rose,citrus
men,3.79,aromatic,woody,fresh spicy
unisex,3.79,white floral,woody,yellow floral
women,3.79,floral,powdery,sweet
women,3.79,fruity,citrus,sweet
unisex,3.79,aromatic,fresh spicy,citrus
women,3.79,fruity,rose,woody
women,3.79,white floral,woody,yellow floral
women,3.79,white floral,citrus,sweet
unisex,3.79,sweet,woody,citrus
unisex,3.79,citrus,white floral,woody
unisex,3.79,woody,patchouli,warm spicy
unisex,3.79,citrus,woody,green
unisex,3.79,aromatic,woody,fresh spicy
unisex,3.79,musky,powdery,vanilla
women,3.79,violet,powdery,floral
women,3.79,green,floral,fresh spicy
men,3.79,fresh spicy,aromatic,woody
women,3.79,sweet,fruity,woody
women,3.79,fruity,citrus,white floral
women,3.79,fruity,citrus,floral
men,3.79,amber,warm spicy,fresh spicy
women,3.79,citrus,fresh,tropical
unisex,3.79,warm spicy,aromatic,fresh spicy
women,3.79,white floral,yellow floral,citrus
women,3.79,white floral,green,fresh
unisex,3.79,vanilla,amber,sweet
unisex,3.79,citrus,aromatic,woody
unisex,3.79,citrus,amber,woody
men,3.79,aromatic,warm spicy,citrus
unisex,3.79,green,amber,floral
women,3.79,floral,fresh,aquatic
women,3.79,citrus,vanilla,
women,3.79,fruity,sweet,citrus
unisex,3.79,woody,aromatic,earthy
unisex,3.79,aromatic,musky,leather
unisex,3.79,balsamic,aromatic,amber
men,3.79,warm spicy,aromatic,vanilla
women,3.79,fruity,fresh,aquatic
unisex,3.79,warm spicy,fresh spicy,patchouli
women,3.79,warm spicy,woody,aromatic
women,3.79,aromatic,citrus,green
unisex,3.79,white floral,woody,powdery
men,3.79,fruity,woody,aromatic
women,3.79,violet,powdery,floral
men,3.79,fresh spicy,warm spicy,aromatic
women,3.79,fruity,sweet,fresh
women,3.79,white floral,fruity,almond
unisex,3.79,woody,aromatic,fresh spicy
unisex,3.79,aromatic,lavender,amber
unisex,3.79,sweet,woody,fruity
men,3.79,citrus,sweet,woody
women,3.79,powdery,fruity,vanilla
women,3.79,fruity,woody,sweet
women,3.79,powdery,floral,warm spicy
unisex,3.79,powdery,musky,woody
unisex,3.79,woody,warm spicy,aromatic
women,3.79,vanilla,citrus,rose
women,3.79,amber,sweet,fruity
unisex,3.79,woody,warm spicy,fresh spicy
men,3.79,powdery,woody,warm spicy
unisex,3.79,white floral,tuberose,sweet
men,3.79,woody,earthy,whiskey
unisex,3.79,citrus,white floral,musky
women,3.79,powdery,violet,iris
unisex,3.79,citrus,fruity,woody
unisex,3.79,aromatic,marine,salty
unisex,3.79,woody,powdery,citrus
women,3.79,fruity,citrus,sweet
women,3.79,woody,white floral,warm spicy
women,3.79,fruity,powdery,woody
men,3.79,vanilla,sweet,amber
women,3.79,fruity,sweet,tropical
women,3.8,fruity,sweet,vanilla
women,3.8,fresh spicy,woody,coconut
men,3.8,woody,aromatic,warm spicy
women,3.8,fruity,sweet,floral
women,3.8,amber,vanilla,fruity
women,3.8,marine,aromatic,citrus
women,3.8,fruity,green,fresh
women,3.8,musky,citrus,powdery
men,3.8,aromatic,citrus,woody
women,3.8,woody,musky,fruity
unisex,3.8,woody,citrus,sand
women,3.8,powdery,musky,woody
women,3.8,citrus,sweet,warm spicy
women,3.8,white floral,fruity,tuberose
women,3.8,citrus,white floral,woody
men,3.8,fresh spicy,aromatic,woody
unisex,3.8,powdery,sweet,vanilla
men,3.8,warm spicy,aromatic,woody
women,3.8,sweet,fruity,vanilla
men,3.8,amber,leather,fruity
women,3.8,sweet,fruity,citrus
women,3.8,citrus,warm spicy,aromatic
women,3.8,white floral,musky,woody
women,3.8,citrus,woody,fresh spicy
unisex,3.8,woody,musky,amber
unisex,3.8,citrus,white floral,fresh spicy
unisex,3.8,citrus,powdery,green
women,3.8,rose,woody,citrus
women,3.8,vanilla,white floral,powdery
women,3.8,fruity,green,aromatic
unisex,3.8,citrus,aromatic,fresh spicy
women,3.8,green,aromatic,fresh
women,3.8,rose,citrus,musky
women,3.8,white floral,fruity,sweet
women,3.8,white floral,aldehydic,woody
men,3.8,white floral,citrus,floral
women,3.8,white floral,musky,woody
women,3.8,fruity,rose,floral
unisex,3.8,rose,warm spicy,citrus
women,3.8,fruity,sweet,vanilla
women,3.8,warm spicy,sweet,citrus
women,3.8,warm spicy,amber,citrus
women,3.8,fruity,floral,sweet
women,3.8,fruity,sweet,woody
women,3.8,floral,powdery,musky
women,3.8,citrus,white floral,floral
women,3.8,powdery,iris,amber
unisex,3.8,white floral,sweet,fruity
women,3.8,white floral,citrus,woody
women,3.8,woody,white floral,violet
women,3.8,fruity,floral,cacao
women,3.8,woody,oud,white floral
women,3.8,floral,fresh,white floral
women,3.8,fruity,tropical,fresh
women,3.8,floral,sweet,violet
women,3.8,floral,tropical,citrus
women,3.8,fruity,floral,sweet
unisex,3.8,fresh spicy,aromatic,citrus
unisex,3.8,woody,warm spicy,fruity
unisex,3.8,lavender,woody,leather
women,3.8,white floral,sweet,tuberose
women,3.8,citrus,sweet,fruity
women,3.8,musky,woody,powdery
women,3.8,white floral,floral,green
women,3.8,citrus,white floral,vanilla
women,3.8,floral,fresh,fruity
unisex,3.8,rose,citrus,floral
women,3.8,fruity,sweet,floral
unisex,3.8,leather,rose,woody
women,3.8,aromatic,white floral,citrus
men,3.8,aromatic,fresh spicy,citrus
men,3.8,aromatic,fresh spicy,citrus
men,3.8,citrus,aromatic,fresh spicy
women,3.8,powdery,violet,rose
women,3.8,sweet,powdery,anis
unisex,3.8,woody,floral,rose
unisex,3.8,marine,aromatic,salty
women,3.8,white floral,tuberose,fruity
women,3.8,white floral,ozonic,powdery
unisex,3.8,citrus,sweet,
unisex,3.8,rose,oud,warm spicy
women,3.8,sweet,floral,yellow floral
women,3.8,fruity,sweet,fresh
women,3.8,fruity,floral,sweet
women,3.8,fruity,floral,sweet
women,3.8,rose,floral,musky
unisex,3.8,powdery,musky,violet
women,3.8,fruity,sweet,powdery
women,3.8,fruity,sweet,citrus
women,3.8,vanilla,sweet,amber
unisex,3.8,citrus,aromatic,musky
unisex,3.8,floral,fresh,musky
women,3.8,musky,citrus,fresh
unisex,3.8,powdery,fruity,violet
women,3.8,fruity,citrus,floral
women,3.8,aromatic,woody,green
women,3.8,white floral,floral,green
women,3.8,white floral,fruity,musky
men,3.8,vanilla,citrus,woody
women,3.8,fruity,sweet,tropical
women,3.8,lactonic,rose,fruity
unisex,3.8,fresh spicy,caramel,amber
unisex,3.8,woody,amber,fresh spicy
women,3.8,fruity,white floral,sweet
unisex,3.8,aromatic,leather,vanilla
men,3.8,woody,aromatic,mossy
women,3.8,fruity,sweet,citrus
women,3.8,fruity,sweet,vanilla
women,3.8,fruity,floral,fresh
unisex,3.8,rose,floral,fresh
unisex,3.8,citrus,warm spicy,green
women,3.8,citrus,woody,white floral
men,3.8,aromatic,woody,marine
unisex,3.8,citrus,woody,aromatic
men,3.8,aromatic,citrus,green
women,3.8,rose,citrus,patchouli
women,3.8,woody,citrus,fruity
women,3.8,citrus,white floral,aromatic
unisex,3.8,citrus,aromatic,marine
unisex,3.8,citrus,aromatic,white floral
women,3.8,sweet,fruity,citrus
women,3.8,amber,vanilla,powdery
women,3.8,fresh spicy,citrus,lavender
men,3.8,warm spicy,earthy,iris
unisex,3.8,woody,aromatic,fresh spicy
women,3.8,musky,woody,sweet
women,3.8,white floral,floral,musky
men,3.8,warm spicy,fresh spicy,woody
women,3.8,fruity,sweet,white floral
women,3.8,champagne,citrus,fruity
women,3.8,aromatic,woody,citrus
women,3.8,fruity,tropical,floral
women,3.8,fruity,sweet,woody
men,3.8,woody,aromatic,green
women,3.8,coconut,white floral,sweet
women,3.8,fruity,citrus,floral
women,3.8,iris,powdery,leather
women,3.8,warm spicy,amber,leather
women,3.8,floral,fresh,powdery
women,3.8,floral,fruity,musky
women,3.8,citrus,fresh spicy,aromatic
women,3.8,citrus,fresh spicy,aromatic
unisex,3.8,warm spicy,woody,rose
women,3.8,citrus,musky,white floral
men,3.8,leather,musky,warm spicy
men,3.8,woody,fruity,green
unisex,3.8,leather,salty,amber
women,3.8,white floral,citrus,sweet
women,3.8,floral,fruity,citrus
women,3.8,fresh spicy,warm spicy,woody
women,3.8,sweet,fruity,vanilla
women,3.8,fruity,rose,sweet
women,3.8,white floral,citrus,woody
women,3.8,white floral,coconut,tropical
women,3.8,fruity,powdery,amber
unisex,3.8,woody,aromatic,citrus
women,3.8,musky,rose,powdery
men,3.8,citrus,woody,rum
men,3.8,woody,aromatic,citrus
unisex,3.8,woody,warm spicy,tobacco
women,3.8,floral,powdery,iris
unisex,3.8,ozonic,citrus,aquatic
unisex,3.8,musky,floral,powdery
unisex,3.8,fresh spicy,warm spicy,woody
unisex,3.8,musky,amber,woody
women,3.8,vanilla,sweet,fruity
unisex,3.8,sweet,almond,vanilla
women,3.8,fresh,fruity,floral
unisex,3.8,citrus,white floral,sweet
unisex,3.8,woody,musky,powdery
unisex,3.8,woody,aromatic,fresh spicy
women,3.8,white floral,fruity,patchouli
women,3.8,fruity,sweet,vanilla
women,3.8,sweet,fruity,tobacco
women,3.8,sweet,citrus,fresh
women,3.8,white floral,floral,fruity
women,3.8,white floral,amber,sweet
women,3.8,citrus,floral,cinnamon
unisex,3.8,aromatic,fresh spicy,woody
unisex,3.8,aromatic,woody,leather
unisex,3.8,citrus,woody,aromatic
women,3.8,woody,powdery,white floral
women,3.8,fruity,sweet,citrus
women,3.8,white floral,woody,citrus
unisex,3.8,floral,herbal,green
women,3.8,warm spicy,citrus,vanilla
men,3.8,woody,powdery,citrus
women,3.8,fruity,floral,fresh
women,3.8,citrus,fruity,musky
women,3.8,floral,citrus,rose
women,3.8,rose,musky,powdery
women,3.8,sweet,mossy,musky
women,3.8,floral,fruity,powdery
women,3.8,floral,fruity,woody
men,3.8,woody,citrus,powdery
women,3.8,patchouli,sweet,warm spicy
women,3.8,violet,powdery,ozonic
men,3.8,leather,woody,aromatic
unisex,3.8,citrus,woody,musky
women,3.8,citrus,fresh,fruity
women,3.8,coconut,vanilla,green
women,3.8,sweet,fruity,patchouli
unisex,3.8,amber,fruity,smoky
women,3.8,fruity,sweet,floral
women,3.8,fruity,floral,warm spicy
women,3.8,citrus,yellow floral,sweet
women,3.8,rose,fruity,sweet
unisex,3.8,woody,aromatic,oud
women,3.8,floral,citrus,fresh
women,3.8,iris,violet,powdery
women,3.8,woody,vanilla,patchouli
men,3.8,woody,citrus,aquatic
women,3.8,floral,fruity,sweet
unisex,3.8,woody,amber,warm spicy
women,3.8,rose,musky,white floral
women,3.8,vanilla,lavender,cacao
women,3.8,floral,powdery,lavender
women,3.8,green,sweet,fresh
unisex,3.8,sweet,fruity,tropical
men,3.8,citrus,aromatic,fresh spicy
unisex,3.8,vanilla,caramel,coffee
men,3.8,warm spicy,fruity,citrus
unisex,3.8,citrus,green,fresh spicy
women,3.8,white floral,sweet,tuberose
women,3.8,floral,sweet,vanilla
women,3.8,fruity,rose,oud
unisex,3.8,citrus,woody,earthy
women,3.8,floral,white floral,tropical
women,3.8,sweet,marine,yellow floral
women,3.8,warm spicy,oud,rose
unisex,3.8,woody,white floral,fruity
unisex,3.8,nutty,warm spicy,coffee
unisex,3.8,citrus,amber,aromatic
men,3.8,aromatic,sweet,citrus
women,3.8,white floral,fruity,sweet
men,3.8,woody,aromatic,citrus
unisex,3.8,fruity,aromatic,herbal
unisex,3.8,citrus,aromatic,fresh spicy
men,3.8,warm spicy,citrus,musky
unisex,3.8,citrus,green,white floral
unisex,3.8,warm spicy,fruity,sweet
women,3.8,fruity,green,floral
women,3.8,floral,fresh,woody
women,3.8,white floral,citrus,sweet
women,3.8,yellow floral,sweet,citrus
unisex,3.8,citrus,fresh spicy,leather
men,3.8,citrus,fresh spicy,aromatic
unisex,3.8,tuberose,yellow floral,white floral
men,3.8,aromatic,citrus,fresh spicy
women,3.8,floral,rose,citrus
women,3.8,yellow floral,powdery,white floral
women,3.8,musky,woody,yellow floral
unisex,3.8,green,aromatic,fresh
men,3.8,fruity,sweet,fresh
unisex,3.8,amber,warm spicy,fresh spicy
women,3.8,fruity,sweet,white floral
women,3.8,sweet,fruity,white floral
women,3.8,fruity,woody,powdery
women,3.8,woody,powdery,warm spicy
women,3.8,fruity,white floral,woody
unisex,3.8,rose,woody,aromatic
women,3.8,floral,fruity,fresh
women,3.8,fruity,sweet,vanilla
unisex,3.8,woody,fruity,leather
unisex,3.8,rose,floral,fruity
women,3.8,vanilla,coconut,sweet
women,3.8,tuberose,white floral,rose
unisex,3.8,leather,woody,warm spicy
men,3.81,lavender,powdery,vanilla
women,3.81,sweet,white floral,woody
men,3.81,citrus,warm spicy,woody
men,3.81,fresh spicy,aromatic,woody
women,3.81,floral,fruity,musky
men,3.81,woody,aromatic,warm spicy
women,3.81,white floral,vanilla,cherry
men,3.81,woody,aromatic,warm spicy
women,3.81,woody,yellow floral,sweet
women,3.81,woody,iris,fruity
women,3.81,citrus,white floral,amber
women,3.81,floral,fresh,musky
women,3.81,citrus,sweet,white floral
women,3.81,citrus,coconut,fresh
men,3.81,aromatic,woody,green
men,3.81,aromatic,warm spicy,citrus
women,3.81,fruity,sweet,fresh
women,3.81,warm spicy,cinnamon,sweet
women,3.81,fruity,fresh,sweet
unisex,3.81,woody,amber,aromatic
unisex,3.81,woody,amber,fruity
unisex,3.81,rose,warm spicy,amber
women,3.81,fruity,woody,white floral
women,3.81,sweet,vanilla,amber
women,3.81,floral,white floral,powdery
women,3.81,white floral,musky,sweet
unisex,3.81,leather,fruity,white floral
women,3.81,floral,white floral,fruity
women,3.81,white floral,aquatic,musky
women,3.81,powdery,amber,vanilla
women,3.81,fruity,sweet,white floral
women,3.81,aromatic,musky,amber
women,3.81,white floral,tuberose,green
women,3.81,vanilla,woody,yellow floral
women,3.81,mossy,fruity,floral
women,3.81,rose,aromatic,fruity
women,3.81,fresh spicy,rose,woody
unisex,3.81,ozonic,aquatic,marine
unisex,3.81,musky,citrus,woody
unisex,3.81,fruity,fresh,floral
unisex,3.81,amber,rose,warm spicy
unisex,3.81,green,white floral,amber
unisex,3.81,citrus,fresh spicy,woody
unisex,3.81,floral,green,mossy
women,3.81,fruity,ozonic,aquatic
women,3.81,coffee,warm spicy,fruity
women,3.81,lavender,aromatic,green
women,3.81,white floral,fruity,soft spicy
women,3.81,floral,fruity,white floral
unisex,3.81,fresh spicy,vanilla,citrus
unisex,3.81,vanilla,woody,warm spicy
women,3.81,rose,powdery,vanilla
unisex,3.81,fresh,floral,rose
unisex,3.81,fresh spicy,aromatic,rose
women,3.81,amber,musky,powdery
unisex,3.81,white floral,warm spicy,amber
unisex,3.81,citrus,aromatic,woody
women,3.81,white floral,citrus,sweet
men,3.81,aromatic,green,citrus
women,3.81,rose,woody,iris
women,3.81,floral,citrus,aromatic
unisex,3.81,leather,aromatic,woody
unisex,3.81,citrus,white floral,mossy
unisex,3.81,citrus,green,woody
men,3.81,citrus,warm spicy,fresh
men,3.81,fresh,citrus,aquatic
women,3.81,aquatic,fresh,fruity
men,3.81,woody,aromatic,earthy
women,3.81,white floral,citrus,sweet
women,3.81,fruity,floral,sweet
women,3.81,floral,fresh,musky
unisex,3.81,rose,warm spicy,soft spicy
men,3.81,aromatic,marine,woody
unisex,3.81,woody,vanilla,amber
women,3.81,fruity,rose,soft spicy
women,3.81,sweet,fruity,warm spicy
women,3.81,sweet,amber,honey
women,3.81,vanilla,rose,salty
women,3.81,sweet,vanilla,fruity
women,3.81,fresh,fruity,rose
women,3.81,floral,woody,rose
unisex,3.81,woody,warm spicy,citrus
women,3.81,fruity,powdery,violet
women,3.81,floral,fresh,citrus
women,3.81,floral,citrus,rose
women,3.81,woody,warm spicy,patchouli
women,3.81,white floral,musky,yellow floral
women,3.81,rose,sweet,musky
unisex,3.81,fruity,vanilla,citrus
women,3.81,citrus,fruity,white floral
men,3.81,citrus,green,fresh spicy
unisex,3.81,citrus,green,fresh
men,3.81,fresh spicy,aromatic,lavender
women,3.81,fruity,musky,powdery
unisex,3.81,citrus,fruity,fresh
women,3.81,white floral,floral,citrus
women,3.81,violet,ozonic,aquatic
women,3.81,floral,fresh,white floral
unisex,3.81,aromatic,fruity,citrus
men,3.81,citrus,fresh spicy,
unisex,3.81,white floral,sweet,citrus
unisex,3.81,warm spicy,aromatic,fresh spicy
unisex,3.81,citrus,aromatic,
unisex,3.81,floral,woody,fruity
unisex,3.81,sweet,mossy,amber
unisex,3.81,woody,fresh spicy,white floral
men,3.81,fresh spicy,aromatic,citrus
women,3.81,sweet,vanilla,fruity
women,3.81,floral,rose,powdery
women,3.81,citrus,sweet,white floral
women,3.81,sweet,caramel,coconut
unisex,3.81,fruity,sweet,woody
men,3.81,aromatic,fresh spicy,lavender
women,3.81,fruity,sweet,cherry
women,3.81,vanilla,coffee,warm spicy
women,3.81,white floral,musky,sweet
women,3.81,warm spicy,amber,fresh spicy
women,3.81,fresh spicy,aromatic,green
women,3.81,citrus,powdery,woody
men,3.81,aromatic,vanilla,warm spicy
unisex,3.81,floral,musky,warm spicy
women,3.81,white floral,floral,musky
women,3.81,floral,powdery,white floral
women,3.81,citrus,fruity,fresh
men,3.81,warm spicy,citrus,aromatic
women,3.81,sweet,coconut,vanilla
women,3.81,floral,rose,warm spicy
women,3.81,white floral,green,fresh
unisex,3.81,green,floral,fruity
women,3.81,woody,fruity,warm spicy
unisex,3.81,amber,aromatic,fresh spicy
women,3.81,warm spicy,sweet,fruity
women,3.81,woody,patchouli,white floral
women,3.81,powdery,violet,leather
women,3.81,sweet,vanilla,nutty
women,3.81,floral,amber,sweet
unisex,3.81,leather,woody,oud
women,3.81,fruity,sweet,citrus
unisex,3.81,green,aromatic,fruity
women,3.81,almond,musky,floral
women,3.81,white floral,woody,herbal
women,3.81,green,fresh,woody
women,3.81,fruity,rose,floral
women,3.81,white floral,citrus,coffee
men,3.81,fruity,amber,aromatic
women,3.81,white floral,citrus,fruity
women,3.81,sweet,vanilla,fruity
men,3.81,leather,soft spicy,woody
men,3.81,warm spicy,woody,oud
women,3.81,sweet,violet,fruity
unisex,3.81,rose,musky,powdery
men,3.81,woody,warm spicy,aromatic
men,3.81,citrus,woody,aromatic
women,3.81,rose,fruity,citrus
women,3.81,fruity,sweet,white floral
women,3.81,floral,fruity,tropical
men,3.81,citrus,woody,aromatic
women,3.81,powdery,violet,warm spicy
men,3.81,aromatic,citrus,woody
women,3.81,citrus,fresh,aquatic
women,3.81,fruity,white floral,woody
women,3.81,white floral,floral,tuberose
men,3.81,aromatic,fresh spicy,citrus
unisex,3.81,musky,amber,ozonic
women,3.81,citrus,fruity,green
men,3.81,aromatic,musky,fresh spicy
men,3.81,woody,aromatic,fresh spicy
men,3.81,aromatic,citrus,woody
unisex,3.81,woody,aromatic,warm spicy
men,3.81,citrus,ozonic,aquatic
unisex,3.81,citrus,green,white floral
women,3.81,fresh spicy,citrus,woody
unisex,3.81,citrus,green,fresh spicy
men,3.81,aromatic,fresh spicy,citrus
women,3.81,white floral,citrus,woody
women,3.81,fruity,amber,white floral
women,3.81,yellow floral,woody,floral
women,3.81,white floral,woody,yellow floral
women,3.81,floral,fresh,fruity
men,3.81,citrus,fresh,green
women,3.81,floral,fruity,woody
women,3.81,fruity,sweet,white floral
women,3.81,woody,fruity,floral
unisex,3.81,warm spicy,cacao,woody
women,3.81,vanilla,powdery,amber
men,3.81,woody,aromatic,warm spicy
women,3.81,fruity,floral,citrus
women,3.81,floral,woody,citrus
women,3.81,fruity,citrus,sweet
unisex,3.81,woody,aromatic,fresh
unisex,3.81,white floral,oud,sweet
women,3.81,woody,aromatic,green
unisex,3.81,citrus,green,aromatic
unisex,3.81,green,amber,warm spicy
unisex,3.81,citrus,white floral,sweet
men,3.81,aromatic,citrus,green
men,3.81,woody,aromatic,fresh spicy
women,3.81,woody,fruity,rose
women,3.81,floral,white floral,aquatic
unisex,3.81,white floral,warm spicy,coconut
women,3.81,soft spicy,anis,vanilla
women,3.81,sweet,fruity,citrus
women,3.81,beeswax,honey,fruity
women,3.81,floral,citrus,fresh
unisex,3.81,warm spicy,caramel,vanilla
women,3.81,white floral,tuberose,animalic
men,3.81,woody,marine,leather
women,3.81,citrus,fresh,fruity
unisex,3.81,coffee,sweet,caramel
men,3.81,vanilla,almond,powdery
women,3.81,white floral,powdery,floral
men,3.81,fruity,sweet,woody
women,3.81,floral,fruity,sweet
women,3.81,woody,powdery,fruity
women,3.81,vanilla,powdery,citrus
women,3.81,coconut,vanilla,iris
women,3.81,white floral,green,
women,3.81,fruity,tropical,white floral
unisex,3.81,musky,amber,vanilla
women,3.81,white floral,citrus,woody
unisex,3.81,woody,oud,fresh spicy
unisex,3.81,amber,soft spicy,balsamic
women,3.81,citrus,woody,white floral
women,3.81,citrus,vanilla,aromatic
women,3.81,green,floral,fruity
women,3.81,white floral,citrus,floral
unisex,3.81,woody,warm spicy,leather
women,3.81,fruity,fresh,sweet
women,3.81,rose,floral,fruity
unisex,3.81,white floral,woody,tuberose
women,3.81,fruity,fresh,white floral
unisex,3.81,woody,powdery,warm spicy
women,3.81,fruity,white floral,sweet
unisex,3.81,vanilla,white floral,sweet
women,3.81,woody,powdery,fruity
men,3.81,fresh spicy,green,musky
women,3.81,woody,sweet,yellow floral
unisex,3.81,woody,citrus,patchouli
women,3.81,citrus,green,aromatic
women,3.81,powdery,iris,musky
women,3.81,citrus,floral,white floral
women,3.81,floral,fruity,woody
unisex,3.81,fruity,sweet,woody
women,3.81,citrus,fresh,floral
men,3.81,fruity,woody,cinnamon
women,3.81,cherry,nutty,sweet
men,3.81,fruity,fresh spicy,sweet
women,3.81,powdery,violet,citrus
unisex,3.81,warm spicy,woody,amber
unisex,3.81,rose,aromatic,fresh spicy
unisex,3.81,sweet,citrus,floral
unisex,3.81,aromatic,citrus,fresh spicy
unisex,3.81,fruity,woody,sweet
women,3.81,woody,floral,musky
unisex,3.81,citrus,aromatic,woody
women,3.81,woody,rose,powdery
women,3.81,floral,citrus,fresh
women,3.81,floral,fruity,fresh
women,3.81,floral,aquatic,vanilla
men,3.81,amber,citrus,woody
men,3.81,woody,warm spicy,fresh
unisex,3.81,marine,white floral,aromatic
men,3.81,woody,warm spicy,fresh spicy
men,3.81,citrus,green,fresh spicy
women,3.81,fruity,powdery,citrus
women,3.81,citrus,aromatic,fresh spicy
unisex,3.81,warm spicy,fresh spicy,aromatic
women,3.81,ozonic,aquatic,woody
women,3.81,floral,yellow floral,powdery
unisex,3.81,woody,aromatic,warm spicy
unisex,3.81,woody,white floral,fresh spicy
unisex,3.81,amber,smoky,balsamic
unisex,3.81,citrus,musky,green
unisex,3.81,amber,musky,vanilla
men,3.81,fresh spicy,aromatic,citrus
women,3.81,fresh spicy,aromatic,citrus
men,3.81,woody,fruity,citrus
women,3.81,citrus,woody,fruity
women,3.81,floral,powdery,fresh
women,3.81,woody,floral,sweet
women,3.81,woody,patchouli,musky
women,3.81,amber,vanilla,aromatic
women,3.81,floral,citrus,amber
men,3.81,aromatic,marine,green
women,3.81,fruity,sweet,woody
unisex,3.81,warm spicy,fresh spicy,citrus
women,3.81,floral,white floral,powdery
women,3.81,fruity,sweet,powdery
unisex,3.81,coffee,warm spicy,aromatic
men,3.81,leather,animalic,amber
men,3.81,woody,fresh spicy,musky
unisex,3.81,woody,amber,citrus
women,3.81,vanilla,white floral,amber
women,3.81,floral,citrus,rose
women,3.81,fruity,vanilla,white floral
women,3.81,vanilla,sweet,fruity
unisex,3.81,white floral,amber,warm spicy
unisex,3.81,woody,vanilla,fresh spicy
women,3.81,citrus,white floral,aromatic
men,3.81,woody,warm spicy,amber
women,3.81,woody,rose,warm spicy
women,3.81,white floral,musky,powdery
women,3.81,tuberose,white floral,musky
women,3.81,fruity,floral,fresh
men,3.81,aromatic,fresh spicy,woody
men,3.81,aromatic,amber,lavender
women,3.81,citrus,sweet,aromatic
unisex,3.81,fresh spicy,white floral,vanilla
women,3.81,vanilla,sweet,powdery
women,3.81,floral,rose,fresh spicy
women,3.81,white floral,sweet,yellow floral
unisex,3.81,fresh spicy,citrus,aromatic
women,3.81,fruity,floral,fresh
unisex,3.81,leather,metallic,fruity
unisex,3.81,woody,leather,balsamic
women,3.81,citrus,fruity,sweet
unisex,3.81,musky,sweet,oud
unisex,3.81,woody,citrus,honey
unisex,3.81,green,ozonic,aromatic
unisex,3.81,musky,fruity,sweet
unisex,3.82,powdery,vanilla,sweet
women,3.82,fruity,sweet,musky
women,3.82,floral,aldehydic,woody
men,3.82,woody,citrus,fresh spicy
men,3.82,aromatic,warm spicy,fresh spicy
women,3.82,citrus,savory,amber
men,3.82,warm spicy,woody,powdery
women,3.82,fruity,sweet,vanilla
women,3.82,citrus,floral,powdery
women,3.82,fruity,powdery,woody
women,3.82,fruity,sweet,cherry
women,3.82,fruity,woody,powdery
women,3.82,white floral,floral,tuberose
men,3.82,citrus,warm spicy,amber
women,3.82,floral,citrus,fresh
women,3.82,powdery,soft spicy,violet
women,3.82,rose,floral,fresh
unisex,3.82,rose,woody,leather
women,3.82,fruity,sweet,rose
women,3.82,white floral,powdery,amber
unisex,3.82,citrus,green,woody
men,3.82,aromatic,citrus,woody
men,3.82,aromatic,coconut,fresh spicy
men,3.82,woody,ozonic,aquatic
women,3.82,fruity,sweet,white floral
women,3.82,citrus,woody,fresh spicy
women,3.82,citrus,fruity,sweet
women,3.82,musky,patchouli,warm spicy
women,3.82,sweet,powdery,warm spicy
women,3.82,amber,woody,white floral
women,3.82,citrus,white floral,fresh spicy
unisex,3.82,amber,aromatic,herbal
men,3.82,aromatic,citrus,fresh spicy
women,3.82,white floral,woody,
men,3.82,citrus,aromatic,powdery
women,3.82,white floral,fruity,floral
women,3.82,citrus,green,aromatic
women,3.82,fruity,coconut,sweet
women,3.82,floral,woody,white floral
women,3.82,floral,yellow floral,white floral
women,3.82,fruity,rose,sweet
women,3.82,floral,white floral,fresh
unisex,3.82,citrus,white floral,green
unisex,3.82,musky,green,woody
unisex,3.82,green,white floral,fresh spicy
women,3.82,fruity,floral,rose
women,3.82,woody,vanilla,aromatic
women,3.82,musky,fruity,vanilla
unisex,3.82,citrus,aromatic,fresh spicy
women,3.82,floral,citrus,fresh spicy
women,3.82,powdery,woody,oud
unisex,3.82,woody,cinnamon,rose
women,3.82,sweet,green,rose
women,3.82,woody,fruity,white floral
women,3.82,fruity,white floral,floral
women,3.82,vanilla,sweet,warm spicy
women,3.82,citrus,green,marine
unisex,3.82,warm spicy,powdery,cinnamon
women,3.82,white floral,tuberose,fruity
men,3.82,citrus,powdery,iris
women,3.82,sweet,fruity,almond
unisex,3.82,fresh spicy,aromatic,citrus
women,3.82,fruity,floral,sweet
women,3.82,floral,fruity,sweet
men,3.82,green,cacao,sweet
women,3.82,sweet,floral,fruity
women,3.82,white floral,tuberose,woody
unisex,3.82,floral,white floral,aquatic
unisex,3.82,fruity,sweet,floral
unisex,3.82,fruity,fresh spicy,woody
women,3.82,citrus,white floral,fruity
women,3.82,fruity,sweet,white floral
unisex,3.82,white floral,woody,honey
unisex,3.82,patchouli,woody,yellow floral
women,3.82,woody,fresh spicy,powdery
men,3.82,aromatic,woody,fresh spicy
women,3.82,rose,musky,fruity
women,3.82,powdery,rose,fruity
women,3.82,floral,fresh,almond
unisex,3.82,woody,aromatic,
women,3.82,powdery,floral,rose
unisex,3.82,citrus,green,aromatic
unisex,3.82,citrus,fruity,powdery
unisex,3.82,vanilla,sweet,fruity
women,3.82,citrus,musky,fruity
women,3.82,citrus,floral,fresh spicy
women,3.82,fruity,white floral,sweet
unisex,3.82,aromatic,citrus,woody
unisex,3.82,citrus,woody,fresh spicy
unisex,3.82,citrus,white floral,woody
unisex,3.82,oud,woody,fruity
men,3.82,aromatic,woody,ozonic
women,3.82,floral,powdery,white floral
women,3.82,citrus,floral,fruity
women,3.82,white floral,citrus,woody
women,3.82,green,fruity,sweet
women,3.82,fresh,musky,fruity
men,3.82,aromatic,fresh spicy,warm spicy
women,3.82,floral,fresh,citrus
women,3.82,warm spicy,floral,patchouli
men,3.82,warm spicy,woody,aromatic
women,3.82,sweet,vanilla,lactonic
women,3.82,powdery,woody,iris
women,3.82,powdery,floral,woody
women,3.82,sweet,vanilla,amber
men,3.82,fresh spicy,warm spicy,aromatic
women,3.82,lavender,aromatic,fresh spicy
men,3.82,warm spicy,fresh spicy,aromatic
men,3.82,woody,aromatic,fresh spicy
women,3.82,floral,white floral,fruity
men,3.82,citrus,aromatic,sweet
women,3.82,rose,fresh spicy,floral
women,3.82,vanilla,sweet,chocolate
women,3.82,fruity,rose,floral
women,3.82,citrus,fruity,floral
women,3.82,sweet,vanilla,coconut
unisex,3.82,woody,sweet,floral
women,3.82,woody,white floral,earthy
men,3.82,aromatic,fresh spicy,woody
unisex,3.82,powdery,woody,green
unisex,3.82,fruity,citrus,sweet
women,3.82,earthy,mossy,woody
women,3.82,amber,vanilla,sweet
women,3.82,vanilla,fruity,sweet
women,3.82,fruity,tropical,sweet
unisex,3.82,iris,vanilla,powdery
women,3.82,vanilla,woody,sweet
women,3.82,citrus,floral,musky
men,3.82,warm spicy,fresh spicy,aromatic
women,3.82,musky,vanilla,powdery
unisex,3.82,lactonic,powdery,aromatic
women,3.82,rose,fruity,powdery
men,3.82,citrus,woody,powdery
women,3.82,citrus,fruity,sweet
women,3.82,rose,woody,powdery
men,3.82,warm spicy,leather,woody
women,3.82,sweet,caramel,fruity
men,3.82,aromatic,woody,fresh spicy
women,3.82,fruity,fresh,floral
women,3.82,woody,amber,sweet
unisex,3.82,leather,warm spicy,rose
women,3.82,white floral,woody,sweet
women,3.82,floral,fresh,citrus
unisex,3.82,fruity,sweet,white floral
men,3.82,woody,citrus,aromatic
women,3.82,white floral,rose,mossy
women,3.82,fruity,sweet,musky
women,3.82,rose,aromatic,fresh spicy
unisex,3.82,fruity,green,citrus
women,3.82,vanilla,ozonic,musky
women,3.82,sweet,coffee,lactonic
women,3.82,white floral,marine,aromatic
women,3.82,woody,fruity,musky
men,3.82,warm spicy,smoky,tropical
women,3.82,marine,aromatic,fresh
women,3.82,white floral,citrus,woody
women,3.82,rose,fruity,white floral
women,3.82,powdery,warm spicy,woody
unisex,3.82,aromatic,citrus,patchouli
unisex,3.82,white floral,warm spicy,woody
women,3.82,amber,vanilla,white floral
women,3.82,citrus,sweet,fruity
women,3.82,floral,citrus,white floral
unisex,3.82,musky,woody,fresh spicy
unisex,3.82,citrus,aromatic,warm spicy
unisex,3.82,warm spicy,amber,fruity
unisex,3.82,white floral,fruity,floral
women,3.82,aquatic,ozonic,white floral
women,3.82,floral,white floral,rose
women,3.82,citrus,sweet,white floral
unisex,3.82,green,floral,wine
unisex,3.82,amber,rose,fresh spicy
women,3.82,woody,floral,rose
unisex,3.82,citrus,aromatic,green
men,3.82,aquatic,woody,leather
men,3.82,aquatic,fresh spicy,lavender
unisex,3.82,rose,citrus,musky
women,3.82,green,fresh,white floral
women,3.82,floral,fruity,warm spicy
women,3.82,aquatic,woody,powdery
men,3.82,citrus,woody,aromatic
women,3.82,woody,rose,fruity
unisex,3.82,powdery,sweet,musky
women,3.82,green,aromatic,citrus
women,3.82,floral,sweet,iris
women,3.82,white floral,green,sweet
men,3.82,sweet,coconut,woody
women,3.82,citrus,floral,fruity
women,3.82,citrus,white floral,sweet
women,3.82,aromatic,rose,earthy
women,3.82,white floral,fresh,floral
women,3.82,fruity,sweet,tropical
women,3.82,fruity,sweet,woody
women,3.82,rose,white floral,woody
unisex,3.82,vanilla,aromatic,woody
women,3.82,sweet,fruity,vanilla
unisex,3.82,warm spicy,amber,coffee
women,3.82,fruity,powdery,floral
women,3.82,aromatic,woody,amber
women,3.82,powdery,floral,musky
men,3.82,fruity,aromatic,ozonic
women,3.82,powdery,fruity,floral
women,3.82,white floral,woody,amber
unisex,3.82,leather,warm spicy,citrus
women,3.82,fruity,woody,citrus
women,3.82,green,aromatic,white floral
women,3.82,fruity,fresh spicy,herbal
unisex,3.82,earthy,green,aromatic
men,3.82,woody,warm spicy,oud
women,3.82,floral,fruity,rose
women,3.82,sweet,fruity,floral
unisex,3.82,rose,fresh spicy,aromatic
unisex,3.82,floral,vanilla,woody
unisex,3.82,woody,citrus,fresh spicy
women,3.82,citrus,white floral,floral
women,3.82,sweet,floral,white floral
women,3.82,citrus,aromatic,sweet
unisex,3.82,white floral,tuberose,fruity
women,3.82,woody,green,earthy
unisex,3.82,citrus,aromatic,marine
women,3.82,citrus,white floral,fresh spicy
women,3.82,citrus,white floral,aromatic
women,3.82,white floral,sweet,fruity
women,3.82,fruity,vanilla,chocolate
men,3.82,citrus,fresh,aquatic
women,3.82,white floral,woody,patchouli
women,3.82,citrus,woody,floral
women,3.82,white floral,fresh,citrus
women,3.82,musky,white floral,powdery
men,3.82,citrus,woody,warm spicy
men,3.82,warm spicy,tobacco,woody
men,3.82,tobacco,amber,citrus
men,3.82,citrus,fresh spicy,aromatic
unisex,3.82,powdery,woody,floral
unisex,3.82,white floral,citrus,fruity
women,3.82,white floral,floral,citrus
men,3.82,aromatic,fresh spicy,marine
women,3.82,sweet,powdery,fruity
women,3.82,fruity,woody,floral
women,3.82,citrus,fresh,floral
unisex,3.82,citrus,aromatic,woody
unisex,3.82,woody,aromatic,cannabis
women,3.82,aquatic,salty,citrus
unisex,3.82,woody,powdery,vanilla
men,3.82,marine,fruity,aromatic
men,3.82,fresh spicy,aromatic,citrus
men,3.82,citrus,woody,powdery
women,3.82,fruity,sweet,vanilla
women,3.82,citrus,white floral,floral
women,3.82,rose,caramel,amber
unisex,3.82,powdery,violet,musky
men,3.82,woody,aromatic,warm spicy
unisex,3.82,woody,aromatic,mossy
women,3.82,citrus,green,aromatic
women,3.82,white floral,powdery,floral
men,3.82,citrus,marine,aromatic
women,3.82,caramel,powdery,fresh spicy
women,3.82,rose,soft spicy,musky
women,3.82,sweet,iris,powdery
men,3.82,aromatic,fresh spicy,woody
unisex,3.82,warm spicy,green,aromatic
women,3.82,sweet,fruity,caramel
women,3.82,rose,patchouli,citrus
women,3.82,white floral,iris,citrus
unisex,3.82,white floral,amber,aromatic
unisex,3.82,warm spicy,woody,camphor
women,3.82,floral,fresh,fruity
unisex,3.82,vanilla,amber,warm spicy
unisex,3.82,fruity,rose,sweet
women,3.82,floral,fruity,woody
women,3.82,floral,musky,fresh
unisex,3.82,oud,woody,tobacco
men,3.82,warm spicy,fresh spicy,fruity
men,3.82,soft spicy,woody,aromatic
men,3.82,amber,warm spicy,fresh spicy
women,3.82,white floral,floral,powdery
unisex,3.82,yellow floral,sweet,honey
men,3.82,amber,citrus,white floral
women,3.82,aquatic,citrus,fresh
women,3.82,aromatic,citrus,fresh spicy
unisex,3.82,citrus,musky,aromatic
unisex,3.82,warm spicy,woody,vanilla
unisex,3.83,amber,powdery,fruity
unisex,3.83,woody,tobacco,citrus
women,3.83,floral,honey,sweet
men,3.83,fresh spicy,citrus,aromatic
men,3.83,green,aromatic,amber
unisex,3.83,powdery,iris,vanilla
women,3.83,woody,sweet,caramel
women,3.83,woody,vanilla,patchouli
men,3.83,ozonic,aquatic,fresh spicy
women,3.83,musky,floral,powdery
women,3.83,salty,marine,fruity
men,3.83,fresh spicy,woody,citrus
women,3.83,white floral,warm spicy,sweet
men,3.83,aromatic,fresh spicy,warm spicy
unisex,3.83,musky,amber,powdery
men,3.83,aromatic,fresh spicy,warm spicy
unisex,3.83,sweet,warm spicy,fruity
women,3.83,warm spicy,fresh,amber
women,3.83,floral,fresh,musky
men,3.83,citrus,fresh,aquatic
women,3.83,citrus,musky,white floral
men,3.83,earthy,citrus,woody
women,3.83,white floral,green,floral
unisex,3.83,citrus,powdery,violet
men,3.83,aromatic,aquatic,fresh spicy
women,3.83,iris,powdery,woody
women,3.83,woody,floral,sweet
women,3.83,floral,powdery,woody
women,3.83,sweet,powdery,musky
women,3.83,green,floral,yellow floral
unisex,3.83,citrus,white floral,musky
women,3.83,white floral,floral,citrus
women,3.83,floral,white floral,woody
women,3.83,white floral,tuberose,herbal
women,3.83,floral,fresh,powdery
unisex,3.83,warm spicy,citrus,aromatic
women,3.83,floral,ozonic,fruity
women,3.83,citrus,white floral,musky
women,3.83,citrus,white floral,green
women,3.83,floral,green,ozonic
women,3.83,floral,fresh,aquatic
women,3.83,citrus,white floral,vanilla
women,3.83,floral,fresh,aquatic
women,3.83,sweet,fruity,vanilla
women,3.83,white floral,citrus,floral
unisex,3.83,amber,vanilla,warm spicy
unisex,3.83,citrus,white floral,green
women,3.83,sweet,white floral,green
unisex,3.83,citrus,floral,powdery
women,3.83,citrus,floral,white floral
unisex,3.83,rose,metallic,fresh spicy
men,3.83,citrus,woody,aromatic
women,3.83,white floral,woody,patchouli
unisex,3.83,fruity,floral,musky
women,3.83,fruity,sweet,floral
women,3.83,white floral,sweet,honey
unisex,3.83,powdery,tropical,sweet
unisex,3.83,citrus,green,fresh
unisex,3.83,musky,powdery,white floral
women,3.83,woody,powdery,musky
men,3.83,aromatic,woody,green
women,3.83,floral,fruity,sweet
unisex,3.83,floral,fresh spicy,mossy
unisex,3.83,citrus,woody,
women,3.83,white floral,fruity,citrus
women,3.83,sweet,fruity,floral
women,3.83,citrus,fruity,fresh
women,3.83,powdery,vanilla,iris
women,3.83,tuberose,woody,white floral
women,3.83,powdery,sweet,salty
unisex,3.83,woody,white floral,floral
women,3.83,floral,musky,rose
unisex,3.83,white floral,powdery,tuberose
women,3.83,fruity,powdery,sweet
unisex,3.83,woody,oud,warm spicy
women,3.83,lactonic,powdery,sweet
women,3.83,fruity,citrus,sweet
unisex,3.83,violet,woody,powdery
unisex,3.83,citrus,white floral,fruity
unisex,3.83,amber,musky,woody
women,3.83,fruity,sweet,aromatic
women,3.83,fruity,floral,fresh
women,3.83,fruity,sweet,floral
unisex,3.83,woody,oud,rose
unisex,3.83,leather,oud,powdery
unisex,3.83,citrus,rose,oud
unisex,3.83,citrus,white floral,sweet
women,3.83,rose,woody,warm spicy
women,3.83,vanilla,sweet,fruity
women,3.83,green,white floral,floral
women,3.83,woody,warm spicy,amber
women,3.83,sweet,warm spicy,woody
women,3.83,fruity,powdery,rose
women,3.83,powdery,lavender,woody
women,3.83,white floral,fruity,citrus
men,3.83,woody,warm spicy,aromatic
women,3.83,woody,patchouli,vanilla
women,3.83,white floral,vanilla,amber
women,3.83,white floral,woody,tuberose
women,3.83,white floral,citrus,fruity
women,3.83,floral,woody,citrus
unisex,3.83,citrus,white floral,fresh spicy
men,3.83,aromatic,fresh spicy,warm spicy
women,3.83,floral,citrus,woody
women,3.83,floral,woody,fresh spicy
women,3.83,sweet,rose,floral
unisex,3.83,rose,fresh spicy,aromatic
women,3.83,woody,white floral,rose
women,3.83,citrus,floral,white floral
men,3.83,warm spicy,aromatic,woody
women,3.83,white floral,amber,powdery
unisex,3.83,green,fresh spicy,aromatic
unisex,3.83,white floral,tuberose,floral
women,3.83,sweet,vanilla,patchouli
women,3.83,fruity,woody,powdery
women,3.83,vanilla,sweet,woody
women,3.83,powdery,fruity,sweet
men,3.83,citrus,aromatic,fresh spicy
women,3.83,fruity,floral,leather
unisex,3.83,woody,fruity,musky
women,3.83,citrus,honey,sweet
women,3.83,yellow floral,amber,powdery
unisex,3.83,tropical,woody,sweet
unisex,3.83,floral,amber,woody
women,3.83,musky,rose,floral
men,3.83,woody,citrus,aromatic
women,3.83,sweet,fruity,fresh
women,3.83,citrus,white floral,sweet
men,3.83,woody,aromatic,citrus
women,3.83,cherry,coffee,fruity
women,3.83,fruity,sweet,caramel
women,3.83,fruity,sweet,citrus
women,3.83,woody,floral,fresh
men,3.83,aromatic,marine,fresh spicy
women,3.83,white floral,aromatic,woody
women,3.83,citrus,floral,tropical
men,3.83,fresh spicy,aromatic,ozonic
women,3.83,warm spicy,woody,amber
unisex,3.83,rose,earthy,mossy
women,3.83,citrus,leather,white floral
women,3.83,floral,white floral,sweet
unisex,3.83,aromatic,fresh spicy,green
women,3.83,sweet,white floral,fruity
women,3.83,musky,white floral,powdery
men,3.83,warm spicy,citrus,aromatic
men,3.83,fresh spicy,aromatic,warm spicy
unisex,3.83,leather,floral,white floral
men,3.83,citrus,warm spicy,aromatic
women,3.83,citrus,fresh spicy,aromatic
women,3.83,sweet,caramel,
women,3.83,powdery,citrus,fruity
men,3.83,woody,leather,warm spicy
men,3.83,aromatic,woody,fresh spicy
women,3.83,rose,amber,smoky
women,3.83,musky,woody,lavender
women,3.83,aromatic,green,citrus
women,3.83,white floral,vanilla,citrus
men,3.83,aromatic,green,woody
men,3.83,warm spicy,amber,leather
men,3.83,citrus,woody,aromatic
unisex,3.83,amber,balsamic,woody
women,3.83,woody,floral,earthy
unisex,3.83,citrus,aromatic,green
unisex,3.83,warm spicy,cacao,woody
unisex,3.83,citrus,green,aromatic
men,3.83,citrus,sweet,ozonic
men,3.83,woody,amber,ozonic
unisex,3.83,floral,powdery,fresh
unisex,3.83,woody,aromatic,citrus
unisex,3.83,marine,aromatic,aquatic
women,3.83,rose,musky,fruity
women,3.83,fruity,woody,rose
unisex,3.83,amber,fresh spicy,vanilla
women,3.83,citrus,white floral,warm spicy
unisex,3.83,musky,powdery,rose
women,3.83,floral,citrus,fresh
unisex,3.83,powdery,sweet,musky
women,3.83,patchouli,woody,citrus
women,3.83,fruity,fresh,white floral
women,3.83,woody,aldehydic,musky
women,3.83,tropical,fruity,white floral
unisex,3.83,aromatic,fresh spicy,marine
unisex,3.83,rose,fresh spicy,fruity
women,3.83,powdery,fruity,floral
women,3.83,warm spicy,vanilla,powdery
women,3.83,rose,musky,powdery
men,3.83,citrus,aromatic,woody
unisex,3.83,floral,musky,fresh
women,3.83,fruity,sweet,woody
men,3.83,citrus,vanilla,aromatic
unisex,3.83,white floral,sweet,yellow floral
men,3.83,fruity,woody,citrus
women,3.83,powdery,floral,rose
women,3.83,white floral,fruity,tuberose
women,3.83,aldehydic,woody,yellow floral
women,3.83,fruity,vanilla,sweet
women,3.83,fruity,sweet,powdery
men,3.83,woody,fresh spicy,aromatic
men,3.83,aromatic,woody,green
unisex,3.83,green,aromatic,fresh spicy
unisex,3.83,woody,leather,warm spicy
women,3.83,citrus,white floral,musky
women,3.83,fruity,powdery,sweet
men,3.83,aromatic,green,citrus
women,3.83,aromatic,woody,powdery
women,3.83,fruity,sweet,woody
unisex,3.83,lavender,amber,woody
women,3.83,fruity,soft spicy,aromatic
men,3.83,woody,citrus,patchouli
women,3.83,aquatic,fresh,white floral
unisex,3.83,woody,amber,warm spicy
unisex,3.83,citrus,fresh,green
men,3.83,warm spicy,rose,woody
women,3.83,rose,fresh spicy,floral
women,3.83,sweet,amber,fruity
unisex,3.83,warm spicy,fresh spicy,aromatic
women,3.83,floral,vanilla,rose
women,3.83,citrus,fruity,white floral
unisex,3.83,sweet,aromatic,woody
women,3.83,fresh,floral,white floral
women,3.83,citrus,white floral,fresh
unisex,3.83,woody,aromatic,citrus
women,3.83,citrus,aromatic,marine
women,3.83,fruity,sweet,white floral
unisex,3.83,woody,cherry,amber
unisex,3.83,woody,powdery,citrus
unisex,3.83,sweet,fruity,powdery
men,3.83,aromatic,woody,earthy
men,3.83,citrus,aromatic,fresh spicy
women,3.83,citrus,aromatic,woody
unisex,3.83,citrus,green,woody
women,3.83,woody,aromatic,fruity
women,3.83,musky,powdery,vanilla
women,3.83,rose,woody,earthy
women,3.83,earthy,floral,mossy
unisex,3.83,woody,powdery,warm spicy
unisex,3.83,citrus,fresh spicy,aromatic
women,3.83,citrus,vanilla,rose
women,3.83,fruity,sweet,rose
unisex,3.83,green,aromatic,fresh spicy
women,3.83,rose,warm spicy,oud
unisex,3.83,yellow floral,amber,musky
unisex,3.83,marine,sand,aquatic
women,3.83,citrus,woody,floral
women,3.83,fruity,citrus,floral
women,3.83,amber,iris,citrus
unisex,3.83,honey,woody,sweet
unisex,3.83,amber,fruity,sweet
unisex,3.83,woody,powdery,green
unisex,3.83,sweet,rose,woody
women,3.83,white floral,woody,honey
women,3.83,floral,fruity,citrus
unisex,3.83,fruity,rose,floral
unisex,3.83,sweet,fruity,coconut
unisex,3.83,woody,lavender,amber
unisex,3.83,woody,sweet,leather
women,3.83,woody,powdery,floral
unisex,3.83,floral,sweet,green
women,3.83,white floral,yellow floral,aromatic
unisex,3.83,citrus,fresh spicy,white floral
women,3.83,white floral,floral,powdery
men,3.83,citrus,aromatic,fresh spicy
men,3.83,woody,aquatic,fresh
unisex,3.83,woody,aromatic,conifer
women,3.83,powdery,musky,iris
women,3.83,white floral,powdery,vanilla
women,3.83,rose,fruity,woody
men,3.83,warm spicy,woody,whiskey
women,3.83,sweet,white floral,floral
women,3.83,woody,floral,powdery
unisex,3.83,citrus,fruity,sweet
unisex,3.83,floral,fresh,fruity
men,3.83,warm spicy,cacao,fresh spicy
women,3.83,woody,floral,musky
women,3.83,white floral,fruity,sweet
men,3.83,aromatic,woody,lavender
unisex,3.83,citrus,aromatic,fresh spicy
unisex,3.83,fruity,floral,rose
women,3.83,rose,vanilla,balsamic
unisex,3.83,tobacco,rose,woody
women,3.83,rose,white floral,floral
men,3.83,warm spicy,amber,woody
unisex,3.83,amber,sweet,citrus
women,3.83,musky,powdery,amber
women,3.83,woody,sweet,citrus
women,3.83,white floral,green,fruity
men,3.83,fresh spicy,woody,citrus
women,3.83,citrus,vanilla,powdery
women,3.83,powdery,woody,amber
unisex,3.83,fruity,sweet,floral
women,3.83,vanilla,woody,powdery
women,3.83,fresh spicy,woody,warm spicy
unisex,3.83,aromatic,fresh spicy,citrus
unisex,3.83,floral,white floral,yellow floral
unisex,3.83,white floral,floral,musky
women,3.83,aromatic,citrus,woody
women,3.83,white floral,floral,lactonic
women,3.83,citrus,white floral,fresh
men,3.83,warm spicy,fresh spicy,fruity
women,3.83,warm spicy,vanilla,amber
women,3.83,powdery,floral,sweet
women,3.83,citrus,floral,tropical
unisex,3.83,leather,woody,cannabis
women,3.83,fruity,floral,sweet
women,3.83,woody,fruity,sweet
unisex,3.83,woody,earthy,patchouli
unisex,3.83,woody,aromatic,warm spicy
unisex,3.83,white floral,tuberose,floral
women,3.83,fruity,fresh,rose
unisex,3.84,white floral,citrus,woody
unisex,3.84,fruity,fresh spicy,aromatic
women,3.84,rose,woody,vanilla
women,3.84,white floral,citrus,amber
men,3.84,aromatic,vanilla,citrus
women,3.84,sweet,fruity,tropical
women,3.84,white floral,musky,floral
women,3.84,floral,woody,citrus
women,3.84,woody,vanilla,powdery
women,3.84,sweet,fruity,lactonic
women,3.84,violet,powdery,floral
women,3.84,white floral,woody,sweet
women,3.84,fruity,sweet,floral
women,3.84,fresh,fruity,citrus
women,3.84,floral,green,white floral
women,3.84,floral,sweet,fruity
unisex,3.84,fresh spicy,citrus,woody
unisex,3.84,woody,fresh spicy,fruity
unisex,3.84,amber,woody,warm spicy
women,3.84,fruity,vanilla,sweet
women,3.84,fruity,musky,rose
women,3.84,aromatic,green,amber
women,3.84,citrus,floral,salty
women,3.84,white floral,fruity,sweet
women,3.84,citrus,fruity,woody
women,3.84,rose,fruity,woody
unisex,3.84,fruity,green,tropical
unisex,3.84,citrus,aromatic,woody
unisex,3.84,fruity,leather,floral
unisex,3.84,musky,amber,aromatic
women,3.84,white floral,green,floral
women,3.84,citrus,powdery,violet
unisex,3.84,aromatic,citrus,woody
women,3.84,floral,white floral,ozonic
men,3.84,citrus,aromatic,fresh spicy
women,3.84,floral,fresh,citrus
women,3.84,fruity,aquatic,fresh
men,3.84,aromatic,fruity,herbal
women,3.84,woody,citrus,sweet
women,3.84,white floral,fruity,musky
women,3.84,sweet,almond,cherry
women,3.84,citrus,white floral,fresh
unisex,3.84,fruity,warm spicy,amber
unisex,3.84,white floral,amber,woody
women,3.84,green,fresh,fruity
women,3.84,white floral,fruity,powdery
women,3.84,white floral,citrus,sweet
women,3.84,vanilla,powdery,rose
unisex,3.84,warm spicy,cinnamon,rose
women,3.84,citrus,woody,fresh
women,3.84,fruity,white floral,vanilla
women,3.84,fruity,sweet,fresh
women,3.84,floral,white floral,ozonic
women,3.84,ozonic,aquatic,green
women,3.84,white floral,sweet,powdery
unisex,3.84,lactonic,citrus,floral
unisex,3.84,warm spicy,rose,amber
unisex,3.84,floral,sweet,fresh
unisex,3.84,violet,powdery,vanilla
women,3.84,white floral,fresh,floral
women,3.84,fruity,woody,rose
women,3.84,musky,rose,fruity
women,3.84,fruity,sweet,soft spicy
unisex,3.84,tropical,fruity,sweet
unisex,3.84,mineral,ozonic,metallic
men,3.84,citrus,aromatic,white floral
unisex,3.84,coconut,sweet,vanilla
unisex,3.84,citrus,fresh,sweet
women,3.84,woody,powdery,yellow floral
women,3.84,cherry,green,floral
men,3.84,citrus,woody,aromatic
women,3.84,sweet,vanilla,fruity
men,3.84,woody,aromatic,citrus
women,3.84,aquatic,floral,fresh
men,3.84,woody,warm spicy,cacao
unisex,3.84,aromatic,fresh spicy,woody
women,3.84,aquatic,fresh,floral
women,3.84,powdery,musky,citrus
women,3.84,aromatic,salty,vanilla
unisex,3.84,woody,aromatic,fresh spicy
unisex,3.84,aromatic,woody,citrus
women,3.84,vanilla,powdery,woody
unisex,3.84,lavender,amber,citrus
unisex,3.84,musky,powdery,woody
men,3.84,woody,warm spicy,vanilla
unisex,3.84,fruity,rose,powdery
unisex,3.84,leather,woody,smoky
unisex,3.84,woody,musky,animalic
women,3.84,woody,rose,oud
women,3.84,woody,rose,fruity
women,3.84,floral,fruity,fresh
women,3.84,floral,sweet,soft spicy
unisex,3.84,warm spicy,woody,oud
women,3.84,powdery,white floral,vanilla
men,3.84,fresh spicy,woody,warm spicy
women,3.84,fruity,fresh,floral
women,3.84,almond,fruity,nutty
unisex,3.84,citrus,aromatic,leather
women,3.84,amber,white floral,woody
women,3.84,fruity,rose,sweet
unisex,3.84,aromatic,marine,amber
women,3.84,fresh spicy,woody,aromatic
unisex,3.84,fruity,musky,sweet
women,3.84,citrus,woody,powdery
men,3.84,aromatic,woody,fresh spicy
women,3.84,woody,warm spicy,fruity
women,3.84,citrus,white floral,
women,3.84,sweet,floral,fruity
women,3.84,fruity,warm spicy,sweet
women,3.84,caramel,sweet,fruity
women,3.84,citrus,sweet,fresh
unisex,3.84,aromatic,fresh spicy,woody
unisex,3.84,oud,fresh spicy,sweet
men,3.84,woody,aromatic,fresh spicy
women,3.84,woody,iris,earthy
men,3.84,fresh,aromatic,aquatic
men,3.84,fresh spicy,woody,aromatic
unisex,3.84,floral,citrus,fruity
unisex,3.84,floral,woody,citrus
women,3.84,amber,powdery,rose
women,3.84,tropical,vanilla,fruity
women,3.84,citrus,vanilla,amber
women,3.84,aromatic,warm spicy,fresh spicy
men,3.84,woody,amber,warm spicy
unisex,3.84,woody,powdery,musky
women,3.84,vanilla,powdery,sweet
women,3.84,rose,citrus,musky
women,3.84,floral,rose,fruity
unisex,3.84,citrus,amber,fresh spicy
unisex,3.84,leather,animalic,warm spicy
unisex,3.84,rose,woody,oud
unisex,3.84,rose,amber,floral
women,3.84,floral,rose,citrus
unisex,3.84,amber,warm spicy,rose
women,3.84,fresh,floral,fruity
women,3.84,white floral,floral,citrus
women,3.84,fruity,floral,amber
women,3.84,white floral,woody,amber
unisex,3.84,oud,citrus,woody
unisex,3.84,white floral,sweet,fruity
unisex,3.84,woody,white floral,tobacco
men,3.84,citrus,woody,aromatic
women,3.84,fruity,sweet,musky
women,3.84,floral,vanilla,fresh
men,3.84,fresh spicy,citrus,warm spicy
men,3.84,warm spicy,woody,citrus
women,3.84,fruity,sweet,vanilla
women,3.84,citrus,musky,sweet
women,3.84,white floral,floral,citrus
women,3.84,iris,musky,floral
unisex,3.84,warm spicy,woody,powdery
unisex,3.84,floral,aquatic,powdery
women,3.84,citrus,sweet,fruity
women,3.84,musky,powdery,patchouli
women,3.84,citrus,aromatic,fresh spicy
women,3.84,sweet,fruity,caramel
men,3.84,aromatic,woody,wine
women,3.84,fruity,floral,green
women,3.84,fruity,floral,aquatic
women,3.84,powdery,musky,yellow floral
men,3.84,aromatic,marine,fresh spicy
women,3.84,aquatic,floral,marine
women,3.84,white floral,citrus,musky
men,3.84,aromatic,lavender,woody
women,3.84,floral,woody,citrus
unisex,3.84,citrus,white floral,fresh spicy
women,3.84,warm spicy,violet,cinnamon
women,3.84,floral,white floral,woody
women,3.84,fruity,citrus,sweet
women,3.84,powdery,floral,white floral
men,3.84,aromatic,fresh spicy,citrus
women,3.84,floral,rose,fruity
women,3.84,fruity,floral,white floral
men,3.84,aquatic,fresh,citrus
women,3.84,white floral,fruity,vanilla
men,3.84,fresh spicy,green,leather
women,3.84,aquatic,citrus,fresh
men,3.84,fresh spicy,aromatic,citrus
unisex,3.84,woody,fruity,sweet
unisex,3.84,amber,aromatic,fresh spicy
men,3.84,woody,aromatic,green
unisex,3.84,citrus,aromatic,fresh spicy
women,3.84,white floral,floral,citrus
women,3.84,fruity,sweet,tropical
women,3.84,floral,citrus,aquatic
men,3.84,warm spicy,woody,aromatic
women,3.84,citrus,floral,woody
unisex,3.84,amber,vanilla,woody
men,3.84,aquatic,floral,fresh
unisex,3.84,woody,aromatic,fresh spicy
men,3.84,aromatic,woody,fresh spicy
unisex,3.84,amber,balsamic,warm spicy
women,3.84,floral,white floral,woody
women,3.84,fruity,sweet,woody
men,3.84,citrus,woody,warm spicy
women,3.84,citrus,musky,fresh
unisex,3.84,green,leather,aquatic
women,3.84,white floral,rose,floral
unisex,3.84,floral,fruity,fresh
women,3.84,rose,powdery,floral
unisex,3.84,citrus,white floral,aromatic
unisex,3.84,aromatic,woody,fresh spicy
unisex,3.84,woody,lactonic,musky
men,3.84,amber,fresh spicy,aromatic
women,3.84,white floral,citrus,sweet
unisex,3.84,vanilla,coffee,warm spicy
women,3.84,vanilla,powdery,floral
women,3.84,floral,fresh,fruity
women,3.84,floral,citrus,aquatic
men,3.84,fresh spicy,aromatic,warm spicy
women,3.84,citrus,aromatic,woody
men,3.84,woody,amber,aromatic
women,3.84,green,fresh,aquatic
women,3.84,white floral,fruity,sweet
women,3.84,aromatic,citrus,fresh spicy
women,3.84,vanilla,powdery,woody
women,3.84,sweet,warm spicy,fruity
women,3.84,white floral,fruity,floral
women,3.84,fruity,citrus,fresh
women,3.84,powdery,musky,woody
women,3.84,powdery,musky,vanilla
women,3.84,amber,warm spicy,balsamic
unisex,3.84,woody,aromatic,citrus
women,3.84,citrus,woody,fruity
women,3.84,citrus,white floral,aquatic
women,3.84,tropical,floral,lactonic
men,3.84,citrus,woody,aromatic
men,3.84,woody,aromatic,fresh spicy
men,3.84,fresh spicy,woody,aromatic
women,3.84,sweet,rose,fruity
women,3.84,vanilla,sweet,coconut
women,3.84,rose,musky,powdery
women,3.84,floral,fresh,fruity
unisex,3.84,woody,amber,musky
women,3.84,citrus,woody,fresh
men,3.84,woody,citrus,warm spicy
women,3.84,floral,white floral,powdery
women,3.84,fruity,woody,amber
unisex,3.84,woody,powdery,warm spicy
unisex,3.84,citrus,aromatic,fresh spicy
men,3.84,aromatic,citrus,fresh spicy
men,3.84,aromatic,fresh spicy,green
women,3.84,musky,powdery,rose
unisex,3.84,aldehydic,musky,powdery
women,3.84,powdery,violet,fruity
men,3.84,woody,mossy,earthy
women,3.84,marine,aquatic,floral
men,3.84,floral,sweet,tobacco
women,3.84,white floral,citrus,aquatic
unisex,3.84,amber,fruity,floral
unisex,3.84,woody,patchouli,powdery
unisex,3.84,amber,warm spicy,powdery
women,3.84,vanilla,powdery,white floral
women,3.84,marine,floral,aquatic
unisex,3.84,woody,citrus,powdery
unisex,3.84,citrus,fresh,musky
women,3.84,floral,citrus,woody
women,3.84,citrus,white floral,sweet
women,3.84,powdery,musky,floral
women,3.84,floral,fruity,sweet
women,3.84,amber,tropical,patchouli
women,3.84,fruity,citrus,floral
men,3.84,fruity,citrus,fresh spicy
men,3.84,aromatic,warm spicy,lavender
men,3.84,aromatic,fresh spicy,woody
unisex,3.84,vanilla,almond,powdery
unisex,3.84,aromatic,green,citrus
women,3.84,fruity,sweet,powdery
unisex,3.84,white floral,green,floral
women,3.84,vanilla,woody,powdery
men,3.84,amber,aromatic,fruity
unisex,3.84,citrus,woody,aromatic
men,3.84,citrus,aromatic,fresh spicy
women,3.84,vanilla,amber,powdery
women,3.84,powdery,musky,almond
unisex,3.84,woody,floral,fruity
men,3.84,green,aquatic,fresh
unisex,3.84,white floral,citrus,musky
women,3.84,floral,citrus,musky
women,3.84,powdery,sweet,musky
women,3.84,musky,amber,fresh spicy
women,3.84,floral,fresh,rose
women,3.84,floral,musky,sweet
women,3.84,white floral,floral,woody
men,3.84,aromatic,fresh spicy,warm spicy
women,3.84,aquatic,citrus,floral
men,3.84,woody,powdery,citrus
women,3.84,citrus,woody,patchouli
men,3.84,aromatic,fresh spicy,citrus
men,3.84,fruity,woody,fresh
women,3.84,vanilla,powdery,white floral
unisex,3.84,vanilla,coconut,sweet
men,3.84,aromatic,herbal,woody
men,3.84,citrus,marine,aromatic
men,3.84,woody,warm spicy,aromatic
men,3.84,fruity,woody,aromatic
women,3.84,white floral,citrus,musky
unisex,3.84,sweet,almond,citrus
unisex,3.84,citrus,aromatic,green
men,3.84,warm spicy,aromatic,woody
unisex,3.84,white floral,yellow floral,aromatic
women,3.84,nutty,woody,sweet
women,3.84,floral,aquatic,amber
women,3.84,rose,floral,aquatic
women,3.84,white floral,citrus,fresh
women,3.84,powdery,woody,white floral
women,3.84,sweet,fruity,floral
men,3.84,green,warm spicy,aromatic
women,3.84,woody,powdery,animalic
women,3.84,white floral,citrus,woody
unisex,3.84,leather,white floral,woody
women,3.84,citrus,floral,musky
unisex,3.84,lactonic,tropical,fresh
men,3.84,woody,patchouli,amber
women,3.84,warm spicy,cinnamon,fruity
women,3.84,rose,floral,vanilla
women,3.84,white floral,woody,tuberose
women,3.84,citrus,aromatic,floral
unisex,3.84,woody,warm spicy,powdery
women,3.84,fresh spicy,lavender,vanilla
women,3.84,vanilla,powdery,sweet
women,3.84,vanilla,sweet,powdery
unisex,3.84,woody,lactonic,sweet
men,3.84,woody,fruity,warm spicy
men,3.84,white floral,aromatic,citrus
men,3.85,fruity,fresh spicy,aromatic
men,3.85,woody,vanilla,citrus
women,3.85,woody,floral,fruity
men,3.85,woody,powdery,white floral
men,3.85,woody,warm spicy,fruity
women,3.85,sweet,fruity,fresh
women,3.85,amber,woody,aldehydic
unisex,3.85,floral,fresh,aquatic
men,3.85,aromatic,fresh spicy,warm spicy
men,3.85,fresh,aromatic,green
women,3.85,rose,fruity,sweet
women,3.85,woody,warm spicy,powdery
women,3.85,citrus,fresh,green
women,3.85,woody,citrus,aromatic
women,3.85,fruity,sweet,caramel
women,3.85,white floral,citrus,woody
men,3.85,fresh spicy,aromatic,coconut
men,3.85,citrus,ozonic,fresh spicy
women,3.85,fruity,floral,woody
unisex,3.85,floral,powdery,ozonic
men,3.85,aquatic,aromatic,fresh
men,3.85,warm spicy,aromatic,woody
men,3.85,mineral,aromatic,amber
men,3.85,warm spicy,woody,amber
unisex,3.85,lactonic,vanilla,sweet
unisex,3.85,aromatic,amber,aldehydic
unisex,3.85,fruity,sweet,woody
unisex,3.85,aromatic,fresh spicy,citrus
unisex,3.85,white floral,sweet,tuberose
women,3.85,fruity,sweet,vanilla
men,3.85,aromatic,green,woody
men,3.85,aromatic,woody,lavender
women,3.85,woody,citrus,sweet
women,3.85,citrus,powdery,white floral
unisex,3.85,powdery,woody,musky
unisex,3.85,white floral,aldehydic,citrus
women,3.85,floral,fresh,fruity
unisex,3.85,warm spicy,sweet,fruity
unisex,3.85,woody,powdery,musky
men,3.85,citrus,aromatic,fresh spicy
women,3.85,floral,fresh,musky
men,3.85,woody,fresh spicy,aromatic
men,3.85,woody,fresh spicy,warm spicy
women,3.85,fruity,citrus,sweet
unisex,3.85,citrus,lavender,musky
unisex,3.85,citrus,green,aromatic
men,3.85,woody,aromatic,citrus
women,3.85,floral,white floral,yellow floral
women,3.85,fruity,citrus,floral
women,3.85,floral,fresh,fruity
women,3.85,green,ozonic,aquatic
women,3.85,fresh,floral,citrus
women,3.85,white floral,citrus,coconut
unisex,3.85,floral,fruity,citrus
unisex,3.85,green,aromatic,cannabis
men,3.85,musky,white floral,amber
unisex,3.85,warm spicy,aromatic,fresh spicy
women,3.85,white floral,powdery,fresh
men,3.85,woody,warm spicy,amber
women,3.85,fruity,woody,sweet
women,3.85,fruity,floral,rose
women,3.85,citrus,rose,powdery
women,3.85,woody,fresh,floral
women,3.85,floral,rose,musky
women,3.85,floral,powdery,sweet
women,3.85,fruity,floral,fresh
women,3.85,rose,floral,musky
women,3.85,floral,coconut,fruity
women,3.85,warm spicy,floral,soft spicy
men,3.85,woody,fresh spicy,aromatic
women,3.85,white floral,citrus,
women,3.85,fresh,aquatic,violet
unisex,3.85,vanilla,woody,powdery
men,3.85,woody,citrus,aromatic
women,3.85,white floral,fruity,citrus
men,3.85,aromatic,fresh spicy,green
men,3.85,aromatic,woody,green
women,3.85,fruity,white floral,woody
women,3.85,fruity,rose,sweet
women,3.85,honey,sweet,white floral
unisex,3.85,sweet,vanilla,oud
men,3.85,aromatic,sweet,tropical
women,3.85,citrus,floral,green
women,3.85,sweet,fruity,vanilla
women,3.85,white floral,sweet,vanilla
women,3.85,floral,fresh,fruity
unisex,3.85,rose,fresh spicy,oud
women,3.85,white floral,amber,sweet
unisex,3.85,musky,aromatic,warm spicy
women,3.85,powdery,woody,musky
women,3.85,sweet,cherry,musky
women,3.85,white floral,floral,citrus
women,3.85,white floral,tuberose,sweet
unisex,3.85,vanilla,aromatic,leather
unisex,3.85,rose,oud,floral
unisex,3.85,citrus,vanilla,aromatic
unisex,3.85,oud,woody,rose
women,3.85,fruity,sweet,woody
women,3.85,floral,rose,fresh
women,3.85,vanilla,amber,sweet
women,3.85,fruity,sweet,floral
unisex,3.85,aromatic,fresh spicy,green
unisex,3.85,citrus,woody,leather
unisex,3.85,woody,patchouli,leather
unisex,3.85,fruity,sweet,oud
unisex,3.85,woody,aromatic,fresh spicy
men,3.85,woody,citrus,fresh spicy
women,3.85,sweet,fruity,rose
unisex,3.85,floral,mossy,earthy
unisex,3.85,sweet,warm spicy,vanilla
men,3.85,aromatic,fresh spicy,woody
women,3.85,vanilla,salty,white floral
unisex,3.85,rose,aromatic,oud
women,3.85,floral,fruity,sweet
women,3.85,powdery,floral,violet
women,3.85,white floral,citrus,sweet
men,3.85,woody,aromatic,fresh spicy
women,3.85,fruity,powdery,woody
men,3.85,lavender,woody,patchouli
women,3.85,woody,floral,powdery
women,3.85,white floral,woody,sweet
women,3.85,floral,amber,white floral
women,3.85,vanilla,powdery,floral
men,3.85,aromatic,fresh spicy,woody
men,3.85,warm spicy,fresh spicy,aromatic
unisex,3.85,fruity,sweet,woody
men,3.85,sweet,warm spicy,aromatic
unisex,3.85,aromatic,lavender,citrus
women,3.85,powdery,woody,musky
men,3.85,citrus,white floral,woody
women,3.85,citrus,floral,musky
women,3.85,citrus,white floral,floral
men,3.85,woody,fruity,aromatic
unisex,3.85,floral,sweet,vanilla
unisex,3.85,sweet,lactonic,almond
unisex,3.85,citrus,musky,vanilla
women,3.85,woody,rose,patchouli
women,3.85,fruity,coffee,white floral
men,3.85,aromatic,citrus,fresh spicy
women,3.85,sweet,cherry,vanilla
women,3.85,citrus,woody,aromatic
unisex,3.85,woody,warm spicy,amber
women,3.85,vanilla,cinnamon,powdery
women,3.85,vanilla,sweet,citrus
women,3.85,fruity,vanilla,sweet
unisex,3.85,warm spicy,aromatic,tropical
unisex,3.85,aromatic,woody,leather
women,3.85,powdery,musky,amber
men,3.85,woody,aquatic,patchouli
men,3.85,vinyl,aromatic,vanilla
women,3.85,fruity,sweet,woody
women,3.85,white floral,sweet,fruity
unisex,3.85,leather,smoky,fresh spicy
men,3.85,aromatic,fresh spicy,citrus
men,3.85,citrus,fruity,fresh spicy
women,3.85,vanilla,fruity,sweet
women,3.85,amber,fruity,sweet
women,3.85,floral,oud,rose
men,3.85,citrus,marine,aromatic
women,3.85,white floral,citrus,woody
women,3.85,woody,powdery,warm spicy
women,3.85,citrus,woody,floral
women,3.85,floral,violet,powdery
men,3.85,fresh spicy,woody,citrus
women,3.85,sweet,vanilla,lactonic
men,3.85,marine,floral,aromatic
men,3.85,citrus,woody,warm spicy
women,3.85,floral,white floral,green
unisex,3.85,citrus,green,aromatic
women,3.85,fruity,floral,sweet
unisex,3.85,leather,amber,warm spicy
men,3.85,aromatic,fresh spicy,citrus
women,3.85,sweet,fruity,citrus
unisex,3.85,floral,fruity,patchouli
men,3.85,aromatic,woody,soft spicy
unisex,3.85,woody,amber,warm spicy
women,3.85,fruity,sweet,woody
women,3.85,floral,fruity,sweet
men,3.85,ozonic,aromatic,fresh spicy
women,3.85,lavender,aromatic,woody
women,3.85,white floral,citrus,aromatic
men,3.85,woody,aromatic,fresh spicy
unisex,3.85,citrus,aromatic,fresh spicy
unisex,3.85,rose,aromatic,floral
unisex,3.85,floral,green,musky
unisex,3.85,warm spicy,woody,amber
unisex,3.85,green,fresh spicy,aromatic
women,3.85,fruity,sweet,woody
unisex,3.85,rose,floral,white floral
unisex,3.85,sweet,cherry,fruity
women,3.85,floral,citrus,powdery
women,3.85,vanilla,woody,citrus
women,3.85,floral,powdery,fresh
women,3.85,floral,nutty,citrus
men,3.85,powdery,green,woody
women,3.85,citrus,fruity,woody
unisex,3.85,musky,powdery,woody
men,3.85,woody,warm spicy,fresh spicy
women,3.85,floral,citrus,yellow floral
women,3.85,citrus,white floral,woody
men,3.85,sweet,cinnamon,amber
women,3.85,sweet,floral,white floral
men,3.85,amber,fruity,citrus
women,3.85,fruity,citrus,fresh
women,3.85,fruity,sweet,fresh
women,3.85,floral,fruity,sweet
women,3.85,sweet,fruity,caramel
unisex,3.85,citrus,fresh spicy,aromatic
women,3.85,fruity,sweet,vanilla
unisex,3.85,citrus,woody,aromatic
men,3.85,woody,amber,citrus
unisex,3.85,citrus,amber,floral
women,3.85,woody,floral,powdery
men,3.85,woody,aromatic,fresh spicy
women,3.85,floral,amber,fruity
women,3.85,fruity,floral,sweet
women,3.85,floral,fresh,citrus
women,3.85,fruity,white floral,powdery
men,3.85,green,aromatic,fresh spicy
unisex,3.85,warm spicy,woody,tuberose
women,3.85,rose,floral,fresh
women,3.85,woody,citrus,sweet
men,3.85,aromatic,woody,fresh spicy
men,3.85,fruity,woody,mossy
unisex,3.85,honey,white floral,sweet
unisex,3.85,warm spicy,amber,woody
unisex,3.85,citrus,floral,marine
unisex,3.85,floral,green,musky
unisex,3.85,warm spicy,oud,woody
men,3.85,green,citrus,aromatic
women,3.85,white floral,vanilla,sweet
women,3.85,sweet,vanilla,cherry
women,3.85,floral,herbal,rose
unisex,3.85,warm spicy,coconut,woody
women,3.85,sweet,vanilla,fruity
women,3.85,green,balsamic,white floral
men,3.85,fruity,green,aromatic
women,3.85,vanilla,powdery,
unisex,3.85,vanilla,sweet,caramel
unisex,3.85,woody,amber,citrus
unisex,3.85,leather,iris,powdery
women,3.85,musky,powdery,woody
women,3.85,vanilla,sweet,fruity
women,3.85,vanilla,sweet,powdery
unisex,3.85,fruity,woody,sweet
men,3.85,fresh spicy,aromatic,citrus
women,3.85,floral,powdery,violet
men,3.85,amber,fresh spicy,warm spicy
women,3.85,white floral,rose,green
men,3.85,citrus,aromatic,fresh spicy
women,3.85,floral,fruity,citrus
women,3.85,woody,green,citrus
women,3.85,white floral,fruity,woody
women,3.85,fruity,vanilla,sweet
men,3.85,green,woody,powdery
women,3.85,white floral,citrus,sweet
women,3.85,citrus,aromatic,woody
women,3.85,floral,powdery,violet
unisex,3.85,citrus,aromatic,woody
women,3.85,floral,lactonic,vanilla
women,3.85,vanilla,white floral,aromatic
unisex,3.85,green,woody,amber
women,3.85,fruity,sweet,fresh
women,3.85,white floral,woody,rose
women,3.85,rose,floral,fruity
women,3.85,white floral,tuberose,green
women,3.85,floral,fresh,powdery
unisex,3.85,leather,amber,warm spicy
men,3.85,patchouli,warm spicy,aromatic
men,3.85,amber,citrus,fresh spicy
unisex,3.85,vanilla,sweet,caramel
unisex,3.85,aromatic,rose,soft spicy
unisex,3.85,rose,woody,earthy
men,3.85,woody,lavender,warm spicy
unisex,3.85,amber,balsamic,musky
women,3.85,floral,fresh,citrus
women,3.85,caramel,fruity,sweet
women,3.85,white floral,floral,woody
unisex,3.85,woody,smoky,sweet
women,3.85,woody,patchouli,vanilla
women,3.85,fruity,vanilla,soft spicy
women,3.85,floral,rose,fresh
women,3.85,citrus,floral,musky
unisex,3.85,green,white floral,musky
unisex,3.85,woody,warm spicy,powdery
unisex,3.85,woody,aromatic,citrus
women,3.85,citrus,iris,powdery
men,3.85,aromatic,woody,soft spicy
unisex,3.85,sweet,tobacco,woody
unisex,3.85,honey,oud,animalic
unisex,3.85,fruity,warm spicy,coffee
women,3.85,sweet,aquatic,floral
women,3.85,fruity,sweet,vanilla
unisex,3.85,patchouli,woody,warm spicy
women,3.85,floral,green,aromatic
women,3.85,warm spicy,tuberose,white floral
men,3.85,musky,warm spicy,aromatic
unisex,3.85,woody,almond,powdery
women,3.85,fruity,sweet,ozonic
women,3.85,fruity,sweet,cherry
unisex,3.85,green,fresh,sweet
unisex,3.85,rose,woody,floral
unisex,3.85,fresh spicy,woody,warm spicy
women,3.85,white floral,yellow floral,amber
women,3.85,citrus,floral,fruity
unisex,3.85,green,woody,aromatic
unisex,3.85,amber,fresh spicy,warm spicy
unisex,3.85,green,aromatic,balsamic
women,3.85,white floral,vanilla,woody
men,3.85,woody,oud,amber
men,3.85,fresh spicy,woody,aromatic
men,3.85,citrus,aromatic,woody
men,3.85,citrus,sweet,woody
women,3.85,woody,fruity,powdery
women,3.85,fruity,sweet,citrus
unisex,3.85,rose,woody,oud
women,3.85,tropical,fruity,floral
unisex,3.85,rose,amber,leather
unisex,3.85,green,fruity,woody
women,3.85,citrus,warm spicy,fresh
unisex,3.85,citrus,woody,aromatic
unisex,3.85,rose,woody,citrus
women,3.85,rose,floral,fresh spicy
women,3.85,smoky,amber,balsamic
women,3.85,fruity,sweet,powdery
unisex,3.85,citrus,green,fresh
men,3.85,woody,warm spicy,oud
women,3.85,vanilla,sweet,fruity
women,3.86,woody,warm spicy,rose
women,3.86,musky,rose,fruity
women,3.86,floral,citrus,powdery
women,3.86,citrus,amber,fruity
men,3.86,citrus,aromatic,woody
women,3.86,floral,citrus,fruity
men,3.86,green,amber,musky
men,3.86,citrus,warm spicy,green
women,3.86,powdery,amber,chocolate
women,3.86,citrus,fresh spicy,floral
women,3.86,white floral,tuberose,
women,3.86,floral,amber,aldehydic
women,3.86,white floral,floral,citrus
women,3.86,citrus,white floral,amber
women,3.86,citrus,aromatic,fresh spicy
women,3.86,lavender,aromatic,fresh spicy
women,3.86,citrus,floral,white floral
men,3.86,aromatic,woody,citrus
women,3.86,amber,woody,fresh spicy
unisex,3.86,citrus,white floral,woody
unisex,3.86,floral,fresh,fruity
women,3.86,fruity,warm spicy,amber
men,3.86,aquatic,marine,woody
women,3.86,white floral,fruity,musky
women,3.86,fruity,warm spicy,woody
unisex,3.86,fresh spicy,tobacco,amber
women,3.86,sweet,citrus,vanilla
unisex,3.86,citrus,salty,aromatic
women,3.86,ozonic,citrus,fruity
women,3.86,floral,white floral,woody
men,3.86,warm spicy,woody,amber
women,3.86,citrus,aromatic,green
women,3.86,fruity,musky,amber
women,3.86,citrus,powdery,rose
men,3.86,aromatic,woody,citrus
men,3.86,citrus,amber,warm spicy
women,3.86,green,fresh,fruity
women,3.86,floral,fresh,citrus
women,3.86,floral,fresh,fruity
women,3.86,patchouli,fruity,vanilla
women,3.86,yellow floral,sweet,honey
men,3.86,citrus,aromatic,fresh spicy
women,3.86,green,citrus,floral
women,3.86,floral,fresh,musky
women,3.86,fruity,woody,sweet
women,3.86,citrus,sweet,fruity
women,3.86,fruity,powdery,aromatic
unisex,3.86,vanilla,musky,amber
unisex,3.86,green,aromatic,citrus
women,3.86,white floral,citrus,musky
women,3.86,citrus,iris,woody
men,3.86,warm spicy,oud,rose
women,3.86,fruity,white floral,rose
women,3.86,fruity,sweet,caramel
unisex,3.86,aromatic,citrus,green
women,3.86,fruity,fresh,floral
women,3.86,floral,citrus,woody
women,3.86,rose,floral,fruity
women,3.86,sweet,fruity,cherry
women,3.86,powdery,floral,warm spicy
unisex,3.86,warm spicy,woody,iris
women,3.86,citrus,vanilla,woody
women,3.86,fruity,sweet,honey
women,3.86,honey,sweet,rose
unisex,3.86,green,citrus,musky
women,3.86,floral,fruity,powdery
unisex,3.86,musky,amber,fruity
women,3.86,floral,fruity,citrus
women,3.86,white floral,floral,tuberose
women,3.86,white floral,citrus,tuberose
women,3.86,vanilla,floral,white floral
women,3.86,warm spicy,floral,white floral
women,3.86,floral,fresh,rose
women,3.86,woody,sweet,honey
women,3.86,musky,white floral,rose
women,3.86,woody,amber,yellow floral
unisex,3.86,woody,amber,warm spicy
unisex,3.86,fruity,citrus,musky
women,3.86,vanilla,sweet,coconut
unisex,3.86,white floral,oud,woody
women,3.86,woody,earthy,violet
women,3.86,green,powdery,
unisex,3.86,green,aromatic,woody
women,3.86,vanilla,powdery,white floral
women,3.86,white floral,powdery,citrus
unisex,3.86,citrus,aromatic,fresh spicy
women,3.86,aquatic,fruity,woody
men,3.86,fresh spicy,woody,amber
women,3.86,white floral,sweet,fruity
women,3.86,rose,floral,fresh
women,3.86,fresh,floral,fruity
women,3.86,powdery,vanilla,violet
women,3.86,white floral,woody,citrus
women,3.86,fruity,sweet,citrus
women,3.86,coconut,tropical,musky
women,3.86,sweet,fruity,cherry
men,3.86,woody,warm spicy,amber
women,3.86,citrus,fruity,white floral
women,3.86,warm spicy,green,floral
men,3.86,marine,aromatic,woody
men,3.86,citrus,vanilla,woody
men,3.86,citrus,warm spicy,woody
women,3.86,vanilla,fruity,citrus
women,3.86,citrus,sweet,white floral
women,3.86,white floral,vanilla,amber
women,3.86,citrus,white floral,patchouli
women,3.86,vanilla,fruity,sweet
women,3.86,fruity,white floral,sweet
women,3.86,rose,sweet,woody
unisex,3.86,patchouli,rose,warm spicy
women,3.86,fresh,floral,citrus
women,3.86,citrus,white floral,aromatic
women,3.86,aromatic,rose,woody
women,3.86,white floral,floral,woody
women,3.86,citrus,white floral,fresh
women,3.86,floral,powdery,rose
men,3.86,warm spicy,cinnamon,fresh spicy
women,3.86,warm spicy,aromatic,citrus
men,3.86,citrus,lavender,aromatic
women,3.86,woody,green,sweet
women,3.86,patchouli,fruity,woody
men,3.86,green,amber,aromatic
women,3.86,iris,tuberose,powdery
men,3.86,woody,fresh spicy,amber
men,3.86,citrus,warm spicy,aromatic
women,3.86,vanilla,amber,woody
men,3.86,amber,smoky,fruity
unisex,3.86,citrus,fresh spicy,aromatic
women,3.86,floral,fruity,tropical
unisex,3.86,woody,aromatic,warm spicy
women,3.86,white floral,fresh,floral
women,3.86,sweet,vanilla,white floral
women,3.86,floral,white floral,citrus
women,3.86,floral,fruity,citrus
men,3.86,fresh spicy,warm spicy,leather
men,3.86,vanilla,aromatic,fresh spicy
women,3.86,white floral,fruity,sweet
women,3.86,tropical,sweet,citrus
men,3.86,aquatic,green,fresh
women,3.86,fruity,woody,powdery
women,3.86,fruity,floral,sweet
unisex,3.86,amber,musky,woody
unisex,3.86,aromatic,fresh spicy,leather
women,3.86,citrus,white floral,fruity
women,3.86,white floral,sweet,honey
women,3.86,powdery,floral,herbal
unisex,3.86,warm spicy,violet,nutty
women,3.86,floral,fresh,citrus
unisex,3.86,floral,rose,musky
men,3.86,vanilla,citrus,sweet
women,3.86,white floral,woody,fruity
men,3.86,warm spicy,coffee,citrus
women,3.86,citrus,sweet,white floral
women,3.86,white floral,woody,sweet
men,3.86,citrus,aromatic,marine
women,3.86,white floral,citrus,green
men,3.86,marine,citrus,aromatic
men,3.86,fruity,sweet,aromatic
women,3.86,fruity,sweet,green
women,3.86,fruity,sweet,powdery
men,3.86,warm spicy,green,aromatic
men,3.86,woody,citrus,aromatic
women,3.86,citrus,floral,fruity
women,3.86,fruity,sweet,patchouli
women,3.86,woody,aromatic,vanilla
unisex,3.86,almond,vanilla,sweet
women,3.86,fruity,floral,sweet
unisex,3.86,amber,woody,balsamic
unisex,3.86,fruity,sweet,rose
women,3.86,powdery,violet,iris
unisex,3.86,woody,warm spicy,aromatic
women,3.86,powdery,violet,floral
unisex,3.86,fruity,vanilla,sweet
unisex,3.86,sweet,nutty,woody
women,3.86,warm spicy,woody,aromatic
women,3.86,woody,floral,white floral
women,3.86,fruity,woody,white floral
women,3.86,white floral,musky,amber
men,3.86,lavender,aromatic,vanilla
unisex,3.86,citrus,warm spicy,woody
men,3.86,aquatic,fruity,woody
women,3.86,powdery,rose,iris
women,3.86,sweet,fruity,soft spicy
women,3.86,fruity,citrus,rose
women,3.86,citrus,green,white floral
women,3.86,white floral,fruity,floral
unisex,3.86,sweet,fruity,coconut
women,3.86,white floral,green,fresh
women,3.86,floral,marine,fresh
unisex,3.86,citrus,fresh spicy,aromatic
unisex,3.86,floral,citrus,fresh
women,3.86,floral,fruity,fresh
men,3.86,aromatic,warm spicy,fresh spicy
women,3.86,powdery,amber,iris
men,3.86,white floral,animalic,tuberose
unisex,3.86,citrus,fruity,vanilla
women,3.86,fruity,woody,warm spicy
men,3.86,aromatic,fresh spicy,woody
women,3.86,woody,floral,powdery
women,3.86,sweet,fruity,coconut
women,3.86,fruity,woody,powdery
women,3.86,woody,warm spicy,amber
men,3.86,woody,aromatic,aquatic
women,3.86,tropical,citrus,fruity
women,3.86,powdery,amber,musky
men,3.86,citrus,woody,lavender
unisex,3.86,aromatic,fresh spicy,musky
women,3.86,rose,floral,sweet
women,3.86,musky,floral,citrus
women,3.86,green,floral,white floral
unisex,3.86,floral,fresh,citrus
unisex,3.86,woody,musky,rose
unisex,3.86,sweet,amber,powdery
women,3.86,floral,fresh,green
women,3.86,fruity,rose,tropical
women,3.86,marine,white floral,aromatic
men,3.86,citrus,aromatic,marine
unisex,3.86,violet,powdery,fruity
women,3.86,tropical,fruity,sweet
unisex,3.86,fruity,woody,floral
unisex,3.86,woody,aromatic,warm spicy
unisex,3.86,citrus,white floral,aromatic
unisex,3.86,citrus,white floral,aromatic
men,3.86,warm spicy,vanilla,aromatic
unisex,3.86,warm spicy,amber,fresh spicy
unisex,3.86,woody,warm spicy,leather
women,3.86,sweet,fruity,citrus
unisex,3.86,sweet,fruity,woody
unisex,3.86,amber,rose,woody
men,3.86,aromatic,green,fresh spicy
women,3.86,citrus,white floral,powdery
women,3.86,green,fruity,woody
women,3.86,floral,white floral,tuberose
women,3.86,floral,fresh,citrus
women,3.86,citrus,rose,floral
unisex,3.86,amber,aromatic,balsamic
women,3.86,woody,powdery,citrus
men,3.86,aromatic,fresh spicy,woody
unisex,3.86,warm spicy,oud,rose
men,3.86,woody,green,tobacco
women,3.86,sweet,amber,floral
women,3.86,aromatic,green,woody
men,3.86,fruity,iris,sweet
women,3.86,white floral,citrus,tuberose
unisex,3.86,powdery,yellow floral,floral
men,3.86,woody,fresh spicy,aromatic
women,3.86,woody,white floral,musky
men,3.86,green,citrus,woody
women,3.86,almond,white floral,powdery
men,3.86,fresh spicy,warm spicy,aromatic
men,3.86,marine,aromatic,woody
women,3.86,fruity,citrus,white floral
men,3.86,fresh spicy,green,aromatic
unisex,3.86,musky,powdery,herbal
women,3.86,floral,patchouli,white floral
women,3.86,fruity,floral,white floral
women,3.86,rose,green,white floral
women,3.86,vanilla,sweet,powdery
women,3.86,floral,rose,musky
unisex,3.86,amber,warm spicy,leather
women,3.86,powdery,musky,amber
men,3.86,fresh spicy,iris,lavender
men,3.86,cinnamon,woody,warm spicy
women,3.86,citrus,fresh,musky
women,3.86,lactonic,vanilla,sweet
women,3.86,white floral,citrus,sweet
women,3.86,aromatic,floral,white floral
unisex,3.86,woody,citrus,aromatic
women,3.86,citrus,woody,floral
men,3.86,woody,fruity,powdery
women,3.86,citrus,fruity,white floral
women,3.86,yellow floral,white floral,sweet
women,3.86,powdery,floral,vanilla
unisex,3.86,citrus,green,woody
unisex,3.86,woody,warm spicy,aromatic
women,3.86,powdery,iris,floral
women,3.86,aromatic,woody,green
men,3.86,woody,aromatic,tropical
unisex,3.86,animalic,musky,leather
unisex,3.86,white floral,citrus,warm spicy
unisex,3.86,white floral,green,fresh
unisex,3.86,woody,aromatic,amber
unisex,3.86,vanilla,green,sweet
women,3.86,woody,amber,floral
women,3.86,fruity,citrus,sweet
women,3.86,sweet,white floral,almond
women,3.86,fruity,sweet,rose
women,3.86,white floral,citrus,tuberose
women,3.86,citrus,woody,white floral
unisex,3.86,musky,woody,powdery
unisex,3.86,fresh spicy,citrus,woody
unisex,3.86,white floral,aromatic,tuberose
unisex,3.86,aromatic,woody,ozonic
men,3.86,amber,fresh spicy,warm spicy
unisex,3.86,oud,rose,amber
women,3.86,fruity,sweet,fresh
men,3.86,herbal,patchouli,woody
women,3.86,aromatic,powdery,floral
women,3.86,powdery,vanilla,violet
men,3.86,amber,leather,smoky
unisex,3.86,floral,clay,green
women,3.86,white floral,tuberose,green
women,3.86,floral,white floral,tropical
women,3.86,white floral,yellow floral,sweet
unisex,3.86,woody,amber,musky
unisex,3.86,woody,fresh spicy,aromatic
men,3.86,white floral,sweet,fresh spicy
men,3.86,warm spicy,aromatic,woody
women,3.86,sweet,fruity,floral
unisex,3.86,rose,woody,fruity
unisex,3.86,vanilla,fresh spicy,powdery
women,3.86,citrus,woody,green
women,3.86,white floral,floral,green
women,3.86,rose,powdery,floral
unisex,3.86,woody,amber,balsamic
women,3.86,rose,musky,floral
men,3.87,citrus,aromatic,earthy
women,3.87,vanilla,white floral,powdery
men,3.87,woody,warm spicy,fruity
women,3.87,woody,aromatic,amber
women,3.87,vanilla,white floral,powdery
women,3.87,fruity,powdery,citrus
women,3.87,tropical,ozonic,fruity
women,3.87,aromatic,aquatic,fresh spicy
women,3.87,citrus,woody,fruity
unisex,3.87,citrus,floral,aromatic
men,3.87,aromatic,woody,amber
men,3.87,warm spicy,aromatic,citrus
men,3.87,woody,aromatic,citrus
women,3.87,green,woody,floral
unisex,3.87,citrus,powdery,woody
women,3.87,floral,citrus,powdery
women,3.87,floral,white floral,musky
unisex,3.87,green,aromatic,woody
men,3.87,soft spicy,aromatic,woody
women,3.87,floral,aquatic,fresh
women,3.87,floral,woody,fresh
women,3.87,citrus,floral,fresh spicy
women,3.87,vanilla,rum,sweet
women,3.87,citrus,fresh,woody
women,3.87,floral,citrus,green
unisex,3.87,citrus,aromatic,earthy
unisex,3.87,sweet,woody,lactonic
women,3.87,citrus,fresh spicy,white floral
unisex,3.87,aromatic,woody,fresh spicy
women,3.87,white floral,tuberose,green
women,3.87,rose,woody,citrus
men,3.87,aromatic,citrus,marine
men,3.87,citrus,fresh spicy,woody
women,3.87,rose,citrus,woody
women,3.87,citrus,floral,white floral
women,3.87,woody,fruity,amber
women,3.87,musky,iris,powdery
men,3.87,citrus,fresh spicy,woody
women,3.87,vanilla,coconut,sweet
women,3.87,citrus,floral,sweet
women,3.87,floral,amber,vanilla
women,3.87,floral,sweet,amber
women,3.87,citrus,vanilla,sweet
women,3.87,rose,floral,fruity
women,3.87,floral,citrus,woody
women,3.87,rose,floral,citrus
men,3.87,woody,aromatic,green
women,3.87,warm spicy,vanilla,powdery
women,3.87,tropical,woody,floral
women,3.87,fruity,floral,white floral
unisex,3.87,marine,aromatic,woody
women,3.87,citrus,floral,fresh
men,3.87,citrus,white floral,lavender
unisex,3.87,white floral,fresh,floral
women,3.87,fruity,sweet,rose
men,3.87,warm spicy,fresh spicy,cinnamon
men,3.87,white floral,oud,amber
men,3.87,woody,aromatic,citrus
men,3.87,warm spicy,fresh spicy,citrus
men,3.87,green,aromatic,fresh spicy
men,3.87,aquatic,fresh,aromatic
women,3.87,aquatic,floral,fresh
men,3.87,woody,aromatic,marine
unisex,3.87,oud,rose,sweet
women,3.87,powdery,iris,almond
unisex,3.87,sweet,vanilla,warm spicy
unisex,3.87,sweet,woody,vanilla
women,3.87,fruity,sweet,powdery
women,3.87,fruity,sweet,violet
women,3.87,fruity,sweet,caramel
women,3.87,floral,fresh,green
unisex,3.87,citrus,green,leather
unisex,3.87,fruity,amber,floral
women,3.87,fruity,sweet,woody
men,3.87,aromatic,woody,green
women,3.87,floral,woody,rose
women,3.87,fruity,powdery,floral
unisex,3.87,citrus,musky,lavender
women,3.87,musky,sweet,powdery
unisex,3.87,fresh spicy,oud,fruity
unisex,3.87,fruity,white floral,woody
unisex,3.87,rose,vanilla,warm spicy
women,3.87,white floral,tuberose,fruity
unisex,3.87,white floral,green,sweet
women,3.87,floral,rose,fresh
women,3.87,fruity,fresh,floral
women,3.87,aquatic,ozonic,floral
women,3.87,floral,woody,sweet
unisex,3.87,woody,powdery,musky
unisex,3.87,warm spicy,oud,aromatic
unisex,3.87,citrus,white floral,vanilla
women,3.87,white floral,citrus,fresh
men,3.87,aromatic,fresh spicy,woody
unisex,3.87,citrus,green,fruity
women,3.87,citrus,sweet,powdery
women,3.87,floral,powdery,fresh
women,3.87,floral,rose,white floral
women,3.87,sweet,vanilla,floral
women,3.87,sweet,fruity,caramel
unisex,3.87,citrus,white floral,sweet
women,3.87,fruity,citrus,sweet
women,3.87,fruity,sweet,
women,3.87,warm spicy,fruity,woody
unisex,3.87,floral,citrus,aromatic
men,3.87,woody,aromatic,oud
unisex,3.87,aromatic,woody,warm spicy
unisex,3.87,aromatic,citrus,soft spicy
unisex,3.87,floral,white floral,sweet
men,3.87,citrus,fruity,amber
men,3.87,aromatic,lavender,woody
unisex,3.87,woody,rose,oud
women,3.87,white floral,floral,rose
women,3.87,woody,aromatic,white floral
unisex,3.87,fruity,woody,floral
women,3.87,floral,rose,fresh
women,3.87,floral,rose,fruity
women,3.87,ozonic,fruity,musky
unisex,3.87,citrus,powdery,white floral
unisex,3.87,white floral,musky,aquatic
women,3.87,citrus,floral,white floral
unisex,3.87,aromatic,fresh spicy,woody
women,3.87,vanilla,woody,floral
unisex,3.87,aldehydic,rose,vanilla
women,3.87,fruity,floral,musky
men,3.87,aromatic,vanilla,fresh spicy
women,3.87,amber,warm spicy,white floral
men,3.87,aromatic,fresh,citrus
women,3.87,fruity,sweet,cherry
women,3.87,powdery,floral,vanilla
women,3.87,floral,fresh,green
women,3.87,fruity,rose,sweet
unisex,3.87,woody,citrus,amber
women,3.87,vanilla,white floral,citrus
women,3.87,fruity,powdery,sweet
women,3.87,amber,citrus,marine
unisex,3.87,woody,aromatic,camphor
unisex,3.87,amber,musky,aldehydic
unisex,3.87,citrus,fruity,warm spicy
women,3.87,woody,fresh spicy,aromatic
women,3.87,fruity,white floral,warm spicy
men,3.87,warm spicy,woody,citrus
men,3.87,lavender,amber,aromatic
women,3.87,sweet,vanilla,fruity
women,3.87,fruity,floral,woody
men,3.87,fresh spicy,aromatic,citrus
men,3.87,fresh spicy,woody,amber
women,3.87,citrus,white floral,fresh
unisex,3.87,amber,herbal,woody
unisex,3.87,green,aromatic,woody
women,3.87,white floral,patchouli,floral
women,3.87,white floral,fruity,warm spicy
unisex,3.87,warm spicy,sweet,coffee
women,3.87,aromatic,fresh spicy,citrus
men,3.87,woody,warm spicy,lavender
unisex,3.87,white floral,leather,animalic
women,3.87,aquatic,fresh,citrus
women,3.87,woody,citrus,rose
women,3.87,fresh spicy,fruity,sweet
women,3.87,vanilla,powdery,woody
men,3.87,woody,aromatic,warm spicy
unisex,3.87,musky,woody,vanilla
women,3.87,woody,powdery,aromatic
women,3.87,ozonic,fruity,aquatic
women,3.87,floral,fruity,white floral
women,3.87,powdery,woody,sweet
unisex,3.87,white floral,leather,musky
women,3.87,citrus,fresh,warm spicy
unisex,3.87,citrus,white floral,sweet
women,3.87,fruity,sweet,tropical
men,3.87,fresh spicy,aromatic,lavender
men,3.87,woody,aquatic,fresh spicy
women,3.87,citrus,floral,sweet
unisex,3.87,citrus,white floral,woody
men,3.87,citrus,aromatic,fresh spicy
unisex,3.87,warm spicy,aromatic,iris
men,3.87,citrus,musky,aromatic
unisex,3.87,vanilla,woody,citrus
unisex,3.87,woody,citrus,aromatic
unisex,3.87,woody,green,sweet
unisex,3.87,aromatic,leather,herbal
women,3.87,coconut,fruity,sweet
men,3.87,green,aromatic,fresh spicy
unisex,3.87,citrus,white floral,aromatic
unisex,3.87,vanilla,sweet,caramel
unisex,3.87,woody,amber,aromatic
women,3.87,citrus,aromatic,woody
women,3.87,floral,sweet,powdery
women,3.87,white floral,tuberose,woody
women,3.87,floral,woody,violet
men,3.87,woody,aromatic,citrus
women,3.87,rose,warm spicy,oud
women,3.87,vanilla,amber,sweet
women,3.87,sweet,fruity,cherry
men,3.87,woody,tropical,fresh spicy
men,3.87,amber,warm spicy,powdery
unisex,3.87,citrus,woody,powdery
women,3.87,floral,white floral,green
unisex,3.87,floral,musky,white floral
unisex,3.87,sweet,fruity,tropical
unisex,3.87,white floral,fruity,musky
men,3.87,vanilla,aromatic,warm spicy
women,3.87,sweet,nutty,fruity
women,3.87,iris,powdery,woody
women,3.87,green,aromatic,white floral
unisex,3.87,fruity,sweet,tobacco
men,3.87,citrus,warm spicy,cinnamon
women,3.87,fruity,sweet,tropical
women,3.87,citrus,floral,fruity
men,3.87,aromatic,fresh spicy,woody
women,3.87,white floral,fruity,vanilla
women,3.87,sweet,coffee,warm spicy
women,3.87,sweet,fruity,woody
women,3.87,white floral,citrus,woody
women,3.87,powdery,vanilla,fruity
women,3.87,fruity,powdery,woody
unisex,3.87,woody,amber,warm spicy
women,3.87,fruity,sweet,patchouli
women,3.87,rose,musky,white floral
women,3.87,woody,powdery,fruity
unisex,3.87,fruity,sweet,caramel
women,3.87,fruity,powdery,iris
unisex,3.87,woody,aromatic,fresh spicy
women,3.87,green,woody,earthy
women,3.87,vanilla,balsamic,patchouli
unisex,3.87,floral,aldehydic,violet
women,3.87,sweet,soft spicy,powdery
women,3.87,lactonic,vanilla,soft spicy
women,3.87,warm spicy,rose,amber
women,3.87,lactonic,powdery,savory
women,3.87,floral,musky,citrus
unisex,3.87,amber,smoky,balsamic
men,3.87,woody,warm spicy,musky
women,3.87,citrus,floral,fruity
women,3.87,vanilla,sweet,powdery
women,3.87,floral,fruity,aromatic
women,3.87,vanilla,sweet,tobacco
women,3.87,white floral,vanilla,green
unisex,3.87,cacao,lavender,warm spicy
unisex,3.87,green,woody,aromatic
women,3.87,citrus,white floral,musky
women,3.87,fruity,powdery,sweet
men,3.87,citrus,aromatic,fresh spicy
unisex,3.87,citrus,sweet,fruity
women,3.87,rose,white floral,fresh spicy
women,3.87,floral,citrus,fresh
women,3.87,amber,rose,warm spicy
women,3.87,floral,fresh,green
unisex,3.87,woody,aromatic,amber
women,3.87,powdery,woody,floral
unisex,3.87,citrus,woody,leather
women,3.87,white floral,vanilla,tuberose
women,3.87,fruity,citrus,white floral
women,3.87,white floral,woody,fruity
women,3.87,citrus,powdery,iris
women,3.87,woody,green,earthy
women,3.87,amber,vanilla,warm spicy
unisex,3.87,sweet,fruity,musky
unisex,3.87,citrus,woody,aromatic
men,3.87,warm spicy,aromatic,fresh spicy
women,3.87,fruity,floral,woody
men,3.87,fruity,woody,citrus
men,3.87,aromatic,fresh spicy,woody
women,3.87,powdery,floral,vanilla
unisex,3.87,aromatic,aquatic,woody
unisex,3.87,aromatic,amber,fresh spicy
women,3.87,fruity,woody,earthy
unisex,3.87,lavender,aromatic,musky
women,3.87,floral,white floral,rose
men,3.87,citrus,woody,fresh spicy
women,3.87,citrus,rose,fresh spicy
unisex,3.87,citrus,marine,salty
unisex,3.87,amber,powdery,vanilla
unisex,3.87,white floral,floral,woody
men,3.87,woody,aromatic,warm spicy
women,3.87,citrus,vanilla,musky
unisex,3.87,musky,citrus,amber
unisex,3.87,woody,leather,aromatic
women,3.87,rose,patchouli,citrus
women,3.87,white floral,tuberose,woody
women,3.87,citrus,floral,amber
women,3.87,fruity,sweet,white floral
unisex,3.87,fruity,sweet,oud
unisex,3.87,leather,aromatic,mossy
women,3.87,vanilla,sweet,almond
women,3.87,citrus,floral,woody
women,3.87,vanilla,powdery,woody
women,3.87,powdery,vanilla,rose
men,3.87,aromatic,amber,warm spicy
men,3.87,citrus,fruity,sweet
unisex,3.87,musky,rose,floral
women,3.87,citrus,fresh,white floral
women,3.87,white floral,fruity,green
women,3.87,floral,fresh,
women,3.87,powdery,woody,sweet
men,3.87,citrus,woody,aromatic
women,3.87,white floral,citrus,amber
unisex,3.87,fruity,sweet,citrus
unisex,3.87,woody,aromatic,earthy
women,3.87,white floral,fruity,citrus
women,3.87,citrus,aromatic,fresh spicy
men,3.87,citrus,fresh spicy,aromatic
women,3.87,floral,musky,aquatic
women,3.87,white floral,citrus,floral
women,3.87,powdery,white floral,musky
women,3.87,rose,vanilla,floral
women,3.87,fresh,citrus,floral
women,3.87,floral,white floral,fresh
women,3.87,sweet,fresh,citrus
unisex,3.87,amber,woody,leather
unisex,3.87,musky,citrus,woody
unisex,3.87,iris,lavender,powdery
women,3.87,fruity,white floral,sweet
unisex,3.87,woody,patchouli,cannabis
women,3.87,vanilla,sweet,floral
unisex,3.87,white floral,citrus,sweet
women,3.87,floral,fruity,fresh
women,3.88,floral,fruity,sweet
unisex,3.88,rose,vanilla,floral
women,3.88,fresh spicy,fruity,woody
women,3.88,citrus,fresh spicy,ozonic
women,3.88,citrus,floral,fruity
men,3.88,citrus,lavender,fresh spicy
women,3.88,sweet,fruity,amber
women,3.88,sweet,fruity,chocolate
unisex,3.88,woody,warm spicy,fresh spicy
men,3.88,aromatic,woody,fresh spicy
women,3.88,white floral,fresh,floral
women,3.88,citrus,green,floral
women,3.88,sweet,white floral,vanilla
women,3.88,powdery,floral,citrus
women,3.88,citrus,sweet,white floral
women,3.88,white floral,fresh,floral
men,3.88,aromatic,fresh spicy,green
unisex,3.88,citrus,green,fresh
unisex,3.88,citrus,green,fresh
unisex,3.88,woody,fruity,fresh spicy
unisex,3.88,rose,mossy,floral
women,3.88,citrus,aromatic,fresh spicy
unisex,3.88,green,citrus,aromatic
women,3.88,white floral,citrus,amber
women,3.88,fruity,musky,citrus
men,3.88,powdery,green,woody
women,3.88,white floral,citrus,musky
women,3.88,sweet,honey,white floral
unisex,3.88,amber,warm spicy,smoky
unisex,3.88,warm spicy,aromatic,citrus
men,3.88,aromatic,green,marine
women,3.88,fruity,floral,aquatic
women,3.88,fresh,white floral,ozonic
men,3.88,woody,earthy,patchouli
women,3.88,fruity,citrus,sweet
women,3.88,woody,yellow floral,rose
men,3.88,fresh spicy,amber,citrus
unisex,3.88,warm spicy,cinnamon,amber
unisex,3.88,sweet,fruity,citrus
women,3.88,citrus,green,aromatic
women,3.88,fruity,aromatic,sweet
women,3.88,citrus,floral,amber
unisex,3.88,woody,earthy,mossy
unisex,3.88,musky,almond,citrus
women,3.88,white floral,citrus,sweet
women,3.88,sweet,fruity,violet
women,3.88,musky,floral,rose
women,3.88,warm spicy,amber,leather
women,3.88,amber,vanilla,sweet
women,3.88,citrus,rose,musky
men,3.88,iris,fruity,sweet
women,3.88,fruity,vanilla,sweet
women,3.88,white floral,tuberose,ozonic
women,3.88,white floral,tuberose,woody
women,3.88,woody,fruity,sweet
women,3.88,floral,rose,fresh
men,3.88,woody,violet,powdery
women,3.88,fruity,sweet,white floral
men,3.88,aromatic,woody,fresh spicy
women,3.88,floral,white floral,ozonic
women,3.88,aquatic,floral,fresh
women,3.88,white floral,citrus,sweet
women,3.88,fruity,sweet,tropical
women,3.88,rose,floral,fresh spicy
unisex,3.88,citrus,woody,aromatic
unisex,3.88,rose,warm spicy,amber
unisex,3.88,rose,fresh spicy,aromatic
women,3.88,aquatic,floral,fresh
unisex,3.88,white floral,vanilla,coconut
women,3.88,citrus,white floral,vanilla
women,3.88,rose,floral,fruity
women,3.88,floral,rose,musky
men,3.88,woody,marine,aromatic
men,3.88,citrus,green,fresh spicy
unisex,3.88,fruity,sweet,woody
women,3.88,sweet,vanilla,fruity
unisex,3.88,woody,amber,warm spicy
unisex,3.88,fruity,woody,powdery
unisex,3.88,fruity,fresh spicy,oud
women,3.88,woody,earthy,rose
unisex,3.88,citrus,aromatic,fresh spicy
women,3.88,powdery,vanilla,patchouli
women,3.88,white floral,tuberose,leather
women,3.88,fruity,powdery,sweet
women,3.88,rose,oud,woody
unisex,3.88,citrus,rose,woody
women,3.88,fruity,sweet,tropical
unisex,3.88,citrus,powdery,warm spicy
women,3.88,fruity,floral,fresh
women,3.88,fruity,citrus,sweet
women,3.88,fruity,sweet,vanilla
men,3.88,amber,fresh spicy,woody
women,3.88,citrus,fresh,woody
women,3.88,aromatic,lavender,fresh spicy
women,3.88,white floral,tuberose,green
women,3.88,sweet,fruity,citrus
women,3.88,citrus,fresh,floral
women,3.88,fruity,sweet,cherry
men,3.88,aromatic,vanilla,woody
unisex,3.88,warm spicy,citrus,aromatic
women,3.88,fruity,woody,fresh
women,3.88,citrus,woody,green
men,3.88,vanilla,aromatic,fresh spicy
men,3.88,aromatic,citrus,woody
unisex,3.88,fruity,rose,floral
women,3.88,sweet,soft spicy,fruity
men,3.88,aromatic,woody,earthy
women,3.88,rose,floral,fresh
men,3.88,amber,warm spicy,powdery
women,3.88,white floral,floral,warm spicy
women,3.88,woody,warm spicy,rose
women,3.88,fruity,vanilla,sweet
women,3.88,woody,warm spicy,powdery
women,3.88,citrus,white floral,fresh
women,3.88,fresh,floral,citrus
women,3.88,fruity,tropical,sweet
women,3.88,citrus,fruity,floral
women,3.88,powdery,floral,musky
unisex,3.88,citrus,amber,woody
unisex,3.88,green,aromatic,fresh spicy
unisex,3.88,powdery,vanilla,soft spicy
unisex,3.88,floral,powdery,vanilla
men,3.88,ozonic,aquatic,citrus
women,3.88,floral,rose,fruity
women,3.88,fruity,sweet,floral
women,3.88,floral,white floral,patchouli
unisex,3.88,woody,aromatic,whiskey
unisex,3.88,rose,fresh spicy,woody
women,3.88,white floral,floral,woody
women,3.88,white floral,floral,woody
women,3.88,rose,citrus,floral
women,3.88,vanilla,woody,fruity
women,3.88,floral,white floral,rose
women,3.88,sweet,fruity,citrus
men,3.88,powdery,violet,woody
women,3.88,white floral,fruity,musky
women,3.88,rose,fruity,musky
women,3.88,almond,vanilla,floral
women,3.88,fruity,green,floral
men,3.88,warm spicy,tobacco,patchouli
women,3.88,floral,citrus,green
men,3.88,white floral,warm spicy,vanilla
women,3.88,amber,warm spicy,patchouli
women,3.88,vanilla,powdery,iris
women,3.88,fruity,sweet,citrus
women,3.88,floral,white floral,fresh
women,3.88,white floral,floral,powdery
men,3.88,citrus,fresh spicy,green
men,3.88,fresh,fruity,green
women,3.88,musky,lactonic,powdery
women,3.88,white floral,woody,powdery
women,3.88,fresh spicy,musky,soft spicy
women,3.88,fruity,sweet,citrus
women,3.88,vanilla,powdery,white floral
men,3.88,woody,fresh spicy,aromatic
women,3.88,white floral,fresh,powdery
unisex,3.88,aromatic,woody,green
men,3.88,amber,marine,woody
men,3.88,woody,citrus,marine
women,3.88,white floral,fresh,floral
women,3.88,citrus,amber,vanilla
women,3.88,citrus,powdery,musky
women,3.88,powdery,vanilla,yellow floral
women,3.88,woody,floral,citrus
unisex,3.88,woody,amber,warm spicy
unisex,3.88,powdery,woody,aromatic
women,3.88,citrus,floral,white floral
men,3.88,citrus,aromatic,woody
unisex,3.88,woody,warm spicy,powdery
women,3.88,aquatic,ozonic,green
women,3.88,rose,sweet,vanilla
women,3.88,warm spicy,sweet,leather
women,3.88,sweet,fruity,floral
men,3.88,fresh spicy,green,woody
unisex,3.88,warm spicy,woody,powdery
women,3.88,powdery,vanilla,warm spicy
men,3.88,amber,aromatic,citrus
women,3.88,leather,rose,warm spicy
women,3.88,fruity,sweet,vanilla
unisex,3.88,amber,warm spicy,aromatic
men,3.88,woody,aromatic,warm spicy
men,3.88,sweet,citrus,aromatic
men,3.88,citrus,amber,fresh spicy
unisex,3.88,citrus,fruity,powdery
unisex,3.88,citrus,white floral,fresh spicy
unisex,3.88,woody,white floral,citrus
unisex,3.88,citrus,green,woody
unisex,3.88,woody,warm spicy,balsamic
men,3.88,warm spicy,woody,fresh spicy
unisex,3.88,citrus,woody,fresh
unisex,3.88,woody,warm spicy,fresh spicy
unisex,3.88,white floral,floral,citrus
unisex,3.88,warm spicy,fresh spicy,woody
unisex,3.88,citrus,white floral,green
women,3.88,white floral,floral,sweet
unisex,3.88,musky,citrus,powdery
unisex,3.88,aquatic,ozonic,white floral
men,3.88,aromatic,fresh spicy,marine
women,3.88,warm spicy,woody,amber
women,3.88,green,aromatic,citrus
men,3.88,amber,citrus,leather
men,3.88,warm spicy,citrus,aromatic
unisex,3.88,woody,citrus,aromatic
unisex,3.88,sweet,citrus,vanilla
women,3.88,floral,fresh,cherry
unisex,3.88,woody,aromatic,fruity
women,3.88,fruity,sweet,tropical
women,3.88,white floral,woody,floral
women,3.88,citrus,white floral,floral
women,3.88,fruity,wine,woody
women,3.88,sweet,patchouli,citrus
women,3.88,powdery,woody,vanilla
unisex,3.88,amber,vanilla,warm spicy
women,3.88,patchouli,sweet,warm spicy
unisex,3.88,woody,floral,lavender
women,3.88,floral,citrus,aquatic
women,3.88,floral,rose,tuberose
men,3.88,aromatic,citrus,fresh spicy
men,3.88,citrus,warm spicy,vanilla
unisex,3.88,vanilla,sweet,amber
men,3.88,warm spicy,aromatic,citrus
women,3.88,citrus,fruity,sweet
women,3.88,vanilla,sweet,woody
women,3.88,fruity,citrus,woody
men,3.88,aromatic,fresh spicy,citrus
men,3.88,oud,woody,citrus
women,3.88,fruity,rose,musky
unisex,3.88,aromatic,fresh spicy,citrus
women,3.88,fruity,rose,sweet
unisex,3.88,vanilla,white floral,coconut
unisex,3.88,woody,aromatic,fresh spicy
men,3.88,fresh spicy,aromatic,vanilla
women,3.88,aldehydic,citrus,soapy
women,3.88,vanilla,sweet,chocolate
unisex,3.88,floral,woody,citrus
men,3.88,aromatic,fresh spicy,herbal
men,3.88,citrus,aromatic,fresh spicy
unisex,3.88,earthy,mossy,woody
unisex,3.88,woody,aromatic,fresh spicy
unisex,3.88,white floral,citrus,floral
unisex,3.88,citrus,green,aromatic
unisex,3.88,citrus,amber,musky
men,3.88,woody,citrus,amber
women,3.88,rose,floral,woody
unisex,3.88,woody,smoky,cherry
women,3.88,floral,fruity,sweet
men,3.88,aromatic,lavender,fresh spicy
women,3.88,fruity,green,white floral
women,3.88,fruity,fresh,sweet
unisex,3.88,earthy,aromatic,green
women,3.88,floral,fresh spicy,fresh
men,3.88,woody,aromatic,fresh spicy
women,3.88,floral,citrus,fruity
unisex,3.88,amber,woody,warm spicy
women,3.88,woody,fresh spicy,aromatic
women,3.88,floral,white floral,citrus
unisex,3.88,woody,fresh spicy,aromatic
unisex,3.88,citrus,aromatic,fresh spicy
women,3.88,floral,citrus,iris
unisex,3.88,amber,woody,warm spicy
unisex,3.88,patchouli,fruity,woody
unisex,3.88,woody,fresh spicy,aromatic
women,3.88,rose,citrus,musky
women,3.88,white floral,sweet,aromatic
women,3.88,rose,floral,vanilla
men,3.88,woody,citrus,aromatic
women,3.88,vanilla,woody,amber
women,3.88,vanilla,sweet,powdery
women,3.88,sweet,fruity,woody
men,3.88,vanilla,amber,mossy
unisex,3.88,amber,citrus,white floral
men,3.88,fresh spicy,aromatic,woody
women,3.88,white floral,sweet,woody
women,3.88,woody,vanilla,sweet
women,3.88,white floral,fruity,aquatic
women,3.88,white floral,amber,vanilla
women,3.88,fruity,citrus,woody
women,3.88,fruity,vanilla,amber
unisex,3.88,citrus,musky,white floral
men,3.88,vanilla,amber,woody
women,3.88,sweet,fruity,caramel
women,3.88,floral,rose,fresh spicy
unisex,3.88,citrus,aromatic,herbal
women,3.88,citrus,floral,green
unisex,3.88,musky,powdery,fruity
women,3.88,powdery,violet,fruity
women,3.88,white floral,woody,powdery
women,3.88,amber,woody,warm spicy
women,3.88,citrus,floral,fresh
unisex,3.88,sweet,warm spicy,vanilla
unisex,3.88,vanilla,woody,aromatic
unisex,3.88,woody,amber,warm spicy
unisex,3.88,vanilla,sweet,caramel
unisex,3.88,woody,oud,leather
unisex,3.88,woody,green,floral
women,3.88,sweet,floral,fruity
women,3.88,amber,woody,fruity
women,3.88,fruity,sweet,woody
women,3.88,white floral,woody,musky
unisex,3.88,aromatic,woody,bitter
women,3.88,fresh spicy,citrus,white floral
unisex,3.88,amber,rose,woody
women,3.88,fruity,aquatic,fresh
men,3.88,citrus,aromatic,woody
women,3.88,floral,powdery,sweet
women,3.88,fruity,sweet,tropical
men,3.88,amber,warm spicy,vanilla
women,3.88,floral,fresh,citrus
unisex,3.88,citrus,amber,powdery
unisex,3.88,iris,warm spicy,cacao
men,3.88,citrus,leather,oud
unisex,3.88,leather,sweet,herbal
unisex,3.88,smoky,woody,leather
unisex,3.88,oud,woody,fresh spicy
unisex,3.88,aromatic,green,woody
unisex,3.88,woody,aromatic,citrus
unisex,3.88,aromatic,leather,iris
men,3.88,woody,citrus,fresh
unisex,3.88,fresh spicy,fruity,citrus
unisex,3.88,sweet,tobacco,amber
unisex,3.88,citrus,aromatic,woody
unisex,3.88,fruity,fresh,floral
unisex,3.88,citrus,white floral,fresh spicy
unisex,3.88,musky,powdery,citrus
unisex,3.88,floral,citrus,musky
unisex,3.88,woody,citrus,musky
women,3.88,warm spicy,citrus,fresh
men,3.88,warm spicy,woody,leather
men,3.88,musky,citrus,floral
unisex,3.88,white floral,powdery,vanilla
men,3.88,powdery,woody,violet
women,3.88,floral,rose,fresh
men,3.88,citrus,fruity,ozonic
women,3.88,floral,citrus,rose
women,3.88,floral,patchouli,rose
women,3.88,woody,powdery,warm spicy
men,3.88,woody,fresh spicy,aromatic
unisex,3.88,woody,citrus,floral
unisex,3.88,rose,oud,earthy
unisex,3.88,floral,rose,fruity
unisex,3.88,woody,fruity,aromatic
men,3.88,aromatic,green,fresh spicy
unisex,3.88,woody,aromatic,green
unisex,3.88,aromatic,citrus,woody
unisex,3.88,powdery,warm spicy,woody
unisex,3.88,amber,powdery,fresh spicy
women,3.89,fruity,sweet,powdery
women,3.89,vanilla,fruity,tropical
women,3.89,sweet,fruity,floral
unisex,3.89,patchouli,rose,fresh spicy
men,3.89,amber,warm spicy,fresh spicy
women,3.89,sweet,fruity,floral
men,3.89,woody,citrus,warm spicy
men,3.89,warm spicy,cacao,citrus
men,3.89,aromatic,fresh spicy,warm spicy
women,3.89,woody,amber,powdery
women,3.89,tropical,sweet,coconut
men,3.89,woody,fresh spicy,aromatic
women,3.89,white floral,powdery,yellow floral
men,3.89,musky,floral,citrus
women,3.89,citrus,white floral,floral
women,3.89,white floral,floral,fresh
women,3.89,floral,rose,fresh
women,3.89,floral,citrus,nutty
women,3.89,fruity,floral,musky
women,3.89,floral,patchouli,sweet
women,3.89,white floral,floral,tuberose
women,3.89,green,white floral,soft spicy
women,3.89,vanilla,powdery,sweet
unisex,3.89,metallic,citrus,mineral
unisex,3.89,citrus,woody,aromatic
unisex,3.89,woody,vanilla,rose
women,3.89,rose,amber,woody
women,3.89,citrus,fruity,musky
unisex,3.89,aromatic,woody,fresh spicy
men,3.89,warm spicy,vanilla,woody
women,3.89,white floral,vanilla,patchouli
men,3.89,aromatic,woody,aquatic
women,3.89,fruity,aromatic,fresh
unisex,3.89,woody,warm spicy,powdery
women,3.89,fresh,citrus,floral
women,3.89,citrus,aromatic,fresh spicy
unisex,3.89,white floral,musky,aldehydic
unisex,3.89,woody,powdery,musky
men,3.89,sweet,vanilla,nutty
women,3.89,floral,fresh,amber
unisex,3.89,woody,amber,citrus
women,3.89,white floral,fruity,sweet
unisex,3.89,amber,vanilla,balsamic
men,3.89,amber,warm spicy,fresh spicy
women,3.89,white floral,sweet,yellow floral
women,3.89,rose,floral,fresh
women,3.89,floral,tropical,rose
women,3.89,floral,white floral,fruity
women,3.89,floral,citrus,white floral
unisex,3.89,woody,citrus,green
women,3.89,fruity,green,rose
women,3.89,citrus,white floral,vanilla
men,3.89,citrus,musky,soft spicy
men,3.89,fresh spicy,aromatic,woody
men,3.89,aromatic,citrus,fresh spicy
men,3.89,vanilla,amber,fresh spicy
women,3.89,citrus,sweet,rose
women,3.89,fruity,sweet,floral
women,3.89,floral,fruity,woody
women,3.89,floral,rose,fresh
unisex,3.89,floral,white floral,sweet
women,3.89,rose,floral,citrus
unisex,3.89,citrus,floral,rose
unisex,3.89,floral,fresh,violet
unisex,3.89,citrus,vanilla,woody
women,3.89,floral,citrus,white floral
women,3.89,citrus,white floral,musky
women,3.89,sweet,fruity,rose
unisex,3.89,musky,powdery,vanilla
unisex,3.89,amber,woody,wine
unisex,3.89,woody,wine,fruity
unisex,3.89,woody,balsamic,aromatic
women,3.89,woody,powdery,citrus
women,3.89,white floral,sweet,fruity
men,3.89,sweet,citrus,green
women,3.89,citrus,sweet,coconut
women,3.89,rose,powdery,fruity
women,3.89,vanilla,marine,aromatic
unisex,3.89,citrus,musky,aromatic
men,3.89,warm spicy,woody,powdery
women,3.89,powdery,woody,green
unisex,3.89,warm spicy,aromatic,woody
unisex,3.89,aromatic,citrus,fresh spicy
unisex,3.89,amber,woody,oud
men,3.89,warm spicy,sweet,amber
women,3.89,white floral,woody,citrus
women,3.89,musky,powdery,floral
women,3.89,white floral,musky,floral
women,3.89,white floral,citrus,floral
women,3.89,citrus,green,white floral
women,3.89,floral,musky,woody
women,3.89,fruity,sweet,soft spicy
women,3.89,fruity,sweet,fresh
unisex,3.89,white floral,powdery,violet
women,3.89,fruity,citrus,fresh
women,3.89,fruity,sweet,vanilla
women,3.89,warm spicy,fresh spicy,woody
women,3.89,fruity,sweet,tropical
women,3.89,amber,woody,green
men,3.89,aromatic,fresh spicy,aquatic
women,3.89,fruity,cacao,warm spicy
men,3.89,marine,amber,woody
women,3.89,violet,powdery,warm spicy
men,3.89,citrus,woody,aromatic
women,3.89,white floral,fresh,green
unisex,3.89,woody,aromatic,musky
women,3.89,powdery,woody,floral
women,3.89,fruity,citrus,fresh
unisex,3.89,amber,warm spicy,floral
women,3.89,green,white floral,citrus
women,3.89,white floral,tuberose,floral
women,3.89,floral,fruity,aquatic
women,3.89,warm spicy,woody,aromatic
unisex,3.89,citrus,amber,woody
men,3.89,amber,oud,aromatic
unisex,3.89,sweet,fruity,oud
women,3.89,white floral,citrus,floral
women,3.89,fruity,violet,powdery
women,3.89,citrus,powdery,violet
women,3.89,powdery,floral,violet
unisex,3.89,white floral,floral,yellow floral
women,3.89,vanilla,sweet,coffee
women,3.89,citrus,fruity,rose
women,3.89,floral,citrus,rose
women,3.89,rose,fruity,tropical
men,3.89,leather,warm spicy,animalic
women,3.89,sweet,white floral,fruity
women,3.89,caramel,woody,powdery
women,3.89,sweet,vanilla,powdery
men,3.89,woody,amber,powdery
women,3.89,tuberose,patchouli,white floral
men,3.89,floral,woody,warm spicy
women,3.89,citrus,fruity,sweet
women,3.89,warm spicy,fresh spicy,rose
women,3.89,floral,fresh,fruity
women,3.89,fruity,vanilla,sweet
women,3.89,woody,white floral,vanilla
women,3.89,woody,amber,powdery
women,3.89,ozonic,aquatic,fruity
women,3.89,vanilla,sweet,powdery
men,3.89,green,citrus,aromatic
men,3.89,green,woody,warm spicy
men,3.89,aromatic,fresh spicy,woody
men,3.89,aromatic,musky,fresh spicy
unisex,3.89,fruity,sweet,powdery
unisex,3.89,white floral,tuberose,musky
men,3.89,aquatic,aromatic,fresh spicy
men,3.89,fresh spicy,aromatic,woody
women,3.89,floral,soft spicy,woody
women,3.89,floral,green,aromatic
women,3.89,citrus,aromatic,woody
women,3.89,aromatic,citrus,woody
men,3.89,aromatic,woody,marine
men,3.89,fresh spicy,aromatic,woody
unisex,3.89,white floral,citrus,fresh
men,3.89,woody,warm spicy,citrus
men,3.89,woody,fresh spicy,lavender
women,3.89,white floral,rose,musky
women,3.89,ozonic,aquatic,fruity
men,3.89,aromatic,fresh spicy,musky
women,3.89,floral,musky,tobacco
men,3.89,fresh spicy,aromatic,marine
men,3.89,woody,aromatic,citrus
women,3.89,vanilla,sweet,tropical
women,3.89,citrus,powdery,musky
unisex,3.89,floral,citrus,aquatic
women,3.89,aromatic,woody,citrus
unisex,3.89,woody,powdery,musky
women,3.89,floral,fruity,fresh
women,3.89,amber,sweet,woody
women,3.89,white floral,fruity,sweet
unisex,3.89,woody,warm spicy,earthy
men,3.89,woody,aromatic,citrus
unisex,3.89,aromatic,powdery,leather
men,3.89,fresh spicy,aromatic,woody
men,3.89,woody,aromatic,citrus
women,3.89,white floral,green,citrus
unisex,3.89,warm spicy,fruity,woody
unisex,3.89,white floral,woody,vanilla
unisex,3.89,amber,woody,balsamic
unisex,3.89,leather,powdery,woody
men,3.89,aromatic,fresh spicy,woody
men,3.89,fruity,aromatic,sweet
women,3.89,fruity,sweet,rose
women,3.89,warm spicy,patchouli,citrus
unisex,3.89,amber,woody,aromatic
unisex,3.89,citrus,amber,iris
men,3.89,lavender,aromatic,fresh spicy
unisex,3.89,oud,woody,rose
unisex,3.89,aromatic,woody,warm spicy
men,3.89,aromatic,fresh spicy,lavender
women,3.89,vanilla,woody,sweet
women,3.89,fruity,sweet,powdery
men,3.89,woody,citrus,floral
men,3.89,aromatic,woody,aquatic
women,3.89,sweet,fruity,vanilla
women,3.89,citrus,fruity,rose
women,3.89,vanilla,powdery,aromatic
women,3.89,fruity,white floral,woody
women,3.89,fruity,woody,sweet
women,3.89,citrus,aromatic,green
women,3.89,citrus,sweet,tropical
women,3.89,citrus,sweet,fresh spicy
women,3.89,vanilla,powdery,woody
women,3.89,woody,sweet,nutty
unisex,3.89,woody,mossy,fresh spicy
unisex,3.89,green,fresh,white floral
women,3.89,white floral,citrus,fresh
unisex,3.89,woody,warm spicy,cannabis
women,3.89,fruity,sweet,vanilla
women,3.89,white floral,floral,citrus
women,3.89,white floral,floral,green
women,3.89,rose,fruity,woody
women,3.89,sweet,fruity,violet
unisex,3.89,fruity,floral,sweet
unisex,3.89,leather,smoky,amber
women,3.89,fruity,sweet,nutty
women,3.89,warm spicy,citrus,vanilla
unisex,3.89,aromatic,earthy,woody
women,3.89,powdery,iris,fruity
women,3.89,floral,woody,sweet
men,3.89,fresh spicy,green,woody
men,3.89,aromatic,woody,fresh spicy
unisex,3.89,herbal,leather,aromatic
women,3.89,sweet,caramel,lactonic
men,3.89,sweet,fruity,aromatic
women,3.89,woody,sweet,powdery
women,3.89,vanilla,powdery,almond
women,3.89,vanilla,sweet,coconut
women,3.89,woody,fruity,citrus
men,3.89,powdery,musky,lavender
unisex,3.89,warm spicy,aromatic,floral
women,3.89,floral,fruity,citrus
unisex,3.89,citrus,fresh spicy,woody
women,3.89,amber,woody,balsamic
unisex,3.89,warm spicy,iris,amber
unisex,3.89,amber,oud,warm spicy
men,3.89,aquatic,aromatic,ozonic
unisex,3.89,citrus,aromatic,fresh spicy
women,3.89,fruity,sweet,cherry
unisex,3.89,amber,warm spicy,citrus
unisex,3.89,lavender,aromatic,green
women,3.89,ozonic,green,aquatic
women,3.89,warm spicy,leather,amber
women,3.89,warm spicy,rose,woody
men,3.89,aromatic,citrus,earthy
unisex,3.89,aromatic,woody,leather
unisex,3.89,aromatic,green,metallic
unisex,3.89,tuberose,powdery,amber
unisex,3.89,citrus,aromatic,woody
unisex,3.89,woody,powdery,leather
unisex,3.89,woody,vanilla,sweet
women,3.89,woody,floral,aquatic
men,3.89,aromatic,warm spicy,woody
men,3.89,woody,aromatic,musky
women,3.89,citrus,musky,sweet
unisex,3.89,aromatic,citrus,green
women,3.89,fruity,floral,musky
women,3.89,woody,aromatic,fresh spicy
women,3.89,tropical,fruity,floral
women,3.89,warm spicy,citrus,fresh spicy
women,3.89,fresh,aquatic,woody
women,3.89,floral,musky,sweet
women,3.89,coconut,sweet,tropical
men,3.89,woody,citrus,aromatic
women,3.89,citrus,white floral,patchouli
unisex,3.89,warm spicy,floral,fresh spicy
men,3.89,amber,fruity,woody
unisex,3.89,woody,amber,warm spicy
unisex,3.89,woody,cherry,sweet
women,3.89,floral,aromatic,rose
women,3.89,vanilla,powdery,white floral
women,3.89,fruity,vanilla,woody
women,3.89,vanilla,sweet,powdery
women,3.89,musky,fruity,tropical
women,3.89,fruity,sweet,floral
women,3.89,rose,citrus,fruity
unisex,3.89,citrus,aromatic,aquatic
unisex,3.89,fresh spicy,vanilla,powdery
unisex,3.89,aromatic,fresh spicy,woody
unisex,3.89,green,citrus,fresh spicy
unisex,3.89,woody,powdery,amber
women,3.89,fruity,powdery,patchouli
women,3.89,green,citrus,fresh
unisex,3.89,fruity,sweet,caramel
women,3.89,musky,floral,fruity
unisex,3.89,citrus,musky,powdery
men,3.89,aromatic,fresh spicy,vanilla
women,3.89,fruity,floral,rose
unisex,3.89,citrus,white floral,floral
women,3.89,woody,powdery,violet
women,3.89,fruity,powdery,woody
women,3.89,amber,woody,warm spicy
women,3.89,citrus,sweet,vanilla
unisex,3.89,aromatic,woody,earthy
unisex,3.89,woody,fruity,green
unisex,3.89,mineral,metallic,rose
women,3.89,citrus,floral,fresh
men,3.89,citrus,aromatic,fresh spicy
women,3.89,citrus,white floral,patchouli
unisex,3.89,powdery,violet,woody
unisex,3.89,white floral,citrus,tuberose
unisex,3.89,white floral,musky,woody
men,3.89,aromatic,citrus,fresh spicy
men,3.89,woody,aromatic,white floral
unisex,3.89,rose,fresh spicy,aromatic
unisex,3.89,aromatic,woody,fresh spicy
women,3.89,white floral,woody,sweet
women,3.89,white floral,citrus,musky
unisex,3.89,vanilla,sweet,tobacco
unisex,3.89,white floral,powdery,vanilla
unisex,3.89,citrus,woody,aromatic
women,3.89,white floral,woody,citrus
unisex,3.89,aromatic,green,rose
men,3.89,warm spicy,aromatic,citrus
women,3.89,powdery,fruity,violet
women,3.89,fruity,sweet,floral
unisex,3.89,woody,fruity,fresh spicy
men,3.89,citrus,woody,mossy
unisex,3.89,citrus,floral,musky
unisex,3.89,amber,warm spicy,balsamic
unisex,3.89,herbal,white floral,citrus
unisex,3.89,citrus,vanilla,sweet
men,3.89,citrus,aromatic,fresh spicy
men,3.89,citrus,woody,aromatic
unisex,3.89,amber,warm spicy,aromatic
men,3.89,woody,,
women,3.89,white floral,aquatic,ozonic
women,3.89,woody,nutty,sweet
women,3.89,powdery,vanilla,soft spicy
unisex,3.89,aromatic,woody,green
women,3.89,white floral,citrus,woody
women,3.89,white floral,musky,green
women,3.89,fruity,vanilla,powdery
women,3.89,vanilla,sweet,coconut
unisex,3.89,citrus,woody,fruity
women,3.89,floral,warm spicy,fresh spicy
women,3.89,powdery,woody,green
men,3.89,aromatic,fresh spicy,woody
women,3.89,rose,fresh,aldehydic
women,3.89,floral,rose,fresh
men,3.89,woody,amber,balsamic
unisex,3.89,woody,vanilla,aromatic
women,3.89,fruity,sweet,woody
women,3.89,woody,citrus,amber
unisex,3.89,aromatic,citrus,fresh spicy
women,3.89,vanilla,white floral,tuberose
women,3.89,white floral,citrus,amber
women,3.89,fruity,vanilla,sweet
unisex,3.89,sweet,fruity,white floral
women,3.9,citrus,white floral,musky
men,3.9,fresh spicy,woody,aromatic
men,3.9,citrus,musky,aromatic
men,3.9,citrus,aquatic,woody
men,3.9,sweet,fresh spicy,woody
women,3.9,vanilla,sweet,white floral
women,3.9,citrus,woody,aquatic
women,3.9,white floral,floral,fruity
men,3.9,aromatic,woody,fresh spicy
men,3.9,fresh spicy,woody,citrus
women,3.9,floral,fresh,fruity
women,3.9,ozonic,aquatic,citrus
unisex,3.9,yellow floral,sweet,green
women,3.9,citrus,fresh,fruity
women,3.9,fruity,sweet,woody
women,3.9,fruity,tropical,sweet
unisex,3.9,woody,amber,leather
men,3.9,aromatic,fresh spicy,woody
women,3.9,fruity,floral,sweet
women,3.9,citrus,white floral,powdery
women,3.9,vanilla,musky,white floral
unisex,3.9,citrus,oud,fresh spicy
women,3.9,floral,rose,ozonic
women,3.9,citrus,rose,woody
women,3.9,floral,white floral,citrus
women,3.9,fruity,woody,sweet
women,3.9,white floral,fruity,green
women,3.9,fruity,floral,citrus
women,3.9,fruity,musky,rose
unisex,3.9,green,aromatic,fresh
men,3.9,amber,vanilla,woody
women,3.9,woody,powdery,earthy
unisex,3.9,aromatic,fresh spicy,lavender
women,3.9,floral,powdery,musky
women,3.9,fruity,green,citrus
women,3.9,woody,rose,aromatic
women,3.9,yellow floral,amber,sweet
men,3.9,citrus,fresh spicy,warm spicy
women,3.9,white floral,floral,fresh
women,3.9,powdery,vanilla,woody
unisex,3.9,yellow floral,sweet,white floral
women,3.9,aromatic,citrus,green
women,3.9,rose,floral,fresh
women,3.9,amber,violet,powdery
women,3.9,white floral,tuberose,citrus
women,3.9,woody,fruity,musky
women,3.9,white floral,warm spicy,fruity
unisex,3.9,aromatic,citrus,fresh spicy
unisex,3.9,woody,amber,fruity
women,3.9,floral,citrus,fresh
women,3.9,sweet,fruity,musky
women,3.9,citrus,floral,fresh
women,3.9,green,floral,citrus
women,3.9,yellow floral,white floral,sweet
men,3.9,citrus,fresh spicy,warm spicy
men,3.9,citrus,woody,amber
women,3.9,citrus,floral,fresh
women,3.9,white floral,floral,sweet
women,3.9,fruity,sweet,white floral
women,3.9,floral,soft spicy,fruity
women,3.9,fruity,musky,white floral
unisex,3.9,citrus,sweet,green
women,3.9,violet,floral,powdery
unisex,3.9,citrus,green,woody
unisex,3.9,yellow floral,woody,sweet
women,3.9,white floral,citrus,powdery
unisex,3.9,amber,smoky,green
women,3.9,floral,woody,tropical
women,3.9,rose,green,woody
men,3.9,aromatic,fresh spicy,warm spicy
men,3.9,woody,warm spicy,amber
women,3.9,rose,woody,musky
men,3.9,citrus,woody,fresh spicy
women,3.9,white floral,rose,sweet
women,3.9,yellow floral,white floral,citrus
unisex,3.9,white floral,musky,rose
unisex,3.9,citrus,floral,aromatic
unisex,3.9,warm spicy,aromatic,amber
unisex,3.9,powdery,ozonic,iris
unisex,3.9,sweet,fruity,vanilla
unisex,3.9,powdery,floral,musky
women,3.9,fruity,powdery,woody
women,3.9,floral,fresh spicy,rose
men,3.9,citrus,fresh spicy,aromatic
unisex,3.9,rose,amber,musky
women,3.9,rose,fruity,musky
women,3.9,fresh spicy,woody,citrus
women,3.9,soft spicy,powdery,violet
women,3.9,sweet,fruity,musky
unisex,3.9,sweet,vanilla,caramel
unisex,3.9,green,aromatic,fresh spicy
unisex,3.9,oud,woody,rose
unisex,3.9,green,woody,fresh
unisex,3.9,fruity,fresh spicy,sweet
unisex,3.9,amber,warm spicy,woody
unisex,3.9,amber,balsamic,warm spicy
unisex,3.9,warm spicy,rose,oud
unisex,3.9,sweet,soft spicy,musky
unisex,3.9,vanilla,powdery,amber
women,3.9,white floral,powdery,fruity
women,3.9,fruity,floral,sweet
women,3.9,fruity,floral,fresh
women,3.9,floral,aromatic,fruity
unisex,3.9,aromatic,warm spicy,oud
men,3.9,warm spicy,aromatic,ozonic
women,3.9,floral,fruity,rose
women,3.9,floral,soft spicy,sweet
women,3.9,fruity,sweet,vanilla
men,3.9,leather,sweet,warm spicy
men,3.9,woody,aquatic,mineral
unisex,3.9,aromatic,fresh spicy,green
women,3.9,white floral,fresh,floral
unisex,3.9,green,fresh spicy,aromatic
men,3.9,fresh spicy,citrus,aromatic
women,3.9,fruity,sweet,fresh
women,3.9,white floral,citrus,woody
unisex,3.9,citrus,aromatic,woody
women,3.9,vanilla,fruity,sweet
men,3.9,warm spicy,vanilla,sweet
unisex,3.9,fresh spicy,aromatic,warm spicy
women,3.9,citrus,fruity,woody
women,3.9,warm spicy,powdery,white floral
women,3.9,woody,rose,oud
women,3.9,musky,amber,caramel
women,3.9,sweet,cherry,almond
men,3.9,fresh spicy,aromatic,green
unisex,3.9,rose,woody,citrus
women,3.9,white floral,fruity,patchouli
women,3.9,white floral,citrus,ozonic
women,3.9,fruity,patchouli,floral
women,3.9,rose,musky,sweet
men,3.9,aromatic,woody,warm spicy
men,3.9,woody,aromatic,fresh spicy
women,3.9,woody,white floral,warm spicy
women,3.9,floral,citrus,vanilla
women,3.9,floral,fruity,fresh
women,3.9,floral,musky,fruity
women,3.9,floral,fresh,fruity
unisex,3.9,woody,powdery,citrus
women,3.9,citrus,green,rose
women,3.9,fruity,sweet,fresh
women,3.9,citrus,sweet,white floral
women,3.9,amber,balsamic,sweet
women,3.9,fruity,floral,citrus
women,3.9,rose,woody,soft spicy
women,3.9,vanilla,floral,sweet
women,3.9,fruity,sweet,vanilla
men,3.9,fresh spicy,woody,warm spicy
women,3.9,floral,fresh,fruity
men,3.9,vanilla,lavender,powdery
women,3.9,sweet,cherry,almond
women,3.9,citrus,fruity,white floral
women,3.9,amber,woody,musky
men,3.9,citrus,aromatic,warm spicy
men,3.9,aromatic,citrus,fresh spicy
women,3.9,fresh,white floral,sweet
women,3.9,floral,sweet,fresh
men,3.9,powdery,fresh spicy,sweet
women,3.9,floral,citrus,tropical
women,3.9,aromatic,marine,citrus
men,3.9,aromatic,vanilla,citrus
women,3.9,white floral,citrus,mossy
women,3.9,white floral,fresh spicy,green
women,3.9,fruity,sweet,cherry
women,3.9,tropical,fruity,rose
women,3.9,powdery,vanilla,woody
women,3.9,fruity,powdery,sweet
women,3.9,floral,fresh,cinnamon
unisex,3.9,warm spicy,lavender,cinnamon
unisex,3.9,musky,vanilla,rose
women,3.9,amber,warm spicy,powdery
women,3.9,citrus,white floral,floral
women,3.9,fruity,sweet,powdery
unisex,3.9,citrus,white floral,green
men,3.9,aromatic,woody,fresh spicy
unisex,3.9,fresh spicy,woody,citrus
men,3.9,citrus,warm spicy,woody
women,3.9,fruity,floral,fresh
unisex,3.9,woody,warm spicy,powdery
men,3.9,citrus,amber,aldehydic
men,3.9,aromatic,citrus,fresh spicy
women,3.9,white floral,sweet,green
women,3.9,lactonic,musky,sweet
women,3.9,fruity,citrus,sweet
unisex,3.9,citrus,green,fresh spicy
men,3.9,woody,aromatic,amber
women,3.9,aromatic,woody,warm spicy
women,3.9,rose,musky,floral
unisex,3.9,amber,white floral,floral
unisex,3.9,anis,soft spicy,fresh spicy
unisex,3.9,warm spicy,oud,coffee
men,3.9,aromatic,fruity,fresh spicy
women,3.9,white floral,woody,fresh
unisex,3.9,woody,warm spicy,citrus
women,3.9,amber,tuberose,balsamic
unisex,3.9,white floral,tuberose,tropical
unisex,3.9,citrus,fresh spicy,woody
women,3.9,lactonic,caramel,sweet
unisex,3.9,floral,salty,citrus
unisex,3.9,amber,fresh spicy,aromatic
unisex,3.9,citrus,aromatic,woody
unisex,3.9,floral,white floral,musky
unisex,3.9,woody,green,warm spicy
unisex,3.9,amber,fresh spicy,warm spicy
unisex,3.9,amber,rose,warm spicy
men,3.9,citrus,aromatic,fresh spicy
men,3.9,woody,citrus,warm spicy
women,3.9,warm spicy,cinnamon,amber
unisex,3.9,citrus,vanilla,green
women,3.9,marine,aquatic,aromatic
unisex,3.9,woody,aromatic,lavender
unisex,3.9,woody,patchouli,aromatic
unisex,3.9,fruity,tropical,sweet
women,3.9,fruity,fresh,sweet
women,3.9,woody,fruity,amber
women,3.9,citrus,floral,woody
women,3.9,floral,woody,warm spicy
women,3.9,soft spicy,rose,musky
men,3.9,aldehydic,fresh,woody
unisex,3.9,woody,sweet,amber
women,3.9,sweet,floral,caramel
women,3.9,white floral,citrus,fresh
men,3.9,aromatic,woody,citrus
men,3.9,aromatic,fresh spicy,lavender
women,3.9,soft spicy,fruity,powdery
women,3.9,floral,fresh,green
women,3.9,rose,white floral,floral
men,3.9,aromatic,woody,citrus
women,3.9,vanilla,aldehydic,powdery
women,3.9,vanilla,fruity,sweet
women,3.9,citrus,white floral,woody
women,3.9,powdery,violet,woody
women,3.9,citrus,vanilla,almond
unisex,3.9,rose,citrus,fruity
unisex,3.9,warm spicy,woody,aromatic
unisex,3.9,honey,lactonic,woody
men,3.9,citrus,fresh spicy,woody
unisex,3.9,citrus,woody,white floral
women,3.9,aromatic,green,balsamic
unisex,3.9,amber,woody,vanilla
women,3.9,warm spicy,floral,powdery
women,3.9,fruity,floral,tropical
unisex,3.9,citrus,warm spicy,white floral
unisex,3.9,citrus,fresh spicy,woody
unisex,3.9,woody,warm spicy,aromatic
women,3.9,fruity,fresh,rose
unisex,3.9,amber,woody,warm spicy
women,3.9,rose,mossy,aldehydic
unisex,3.9,woody,amber,musky
men,3.9,powdery,almond,vanilla
men,3.9,woody,fresh spicy,patchouli
women,3.9,fruity,sweet,amber
women,3.9,fruity,vanilla,powdery
women,3.9,citrus,woody,
men,3.9,aromatic,woody,citrus
women,3.9,fruity,sweet,
women,3.9,floral,white floral,citrus
women,3.9,floral,fruity,sweet
unisex,3.9,leather,woody,warm spicy
women,3.9,sweet,almond,fruity
women,3.9,amber,balsamic,iris
women,3.9,fruity,floral,citrus
women,3.9,powdery,woody,fruity
men,3.9,citrus,fresh spicy,woody
women,3.9,citrus,sweet,woody
women,3.9,white floral,aromatic,fruity
women,3.9,floral,rose,fresh
unisex,3.9,amber,warm spicy,patchouli
women,3.9,fruity,citrus,floral
unisex,3.9,vanilla,sweet,amber
women,3.9,floral,ozonic,aquatic
unisex,3.9,citrus,aromatic,woody
men,3.9,woody,sweet,aromatic
men,3.9,warm spicy,woody,aromatic
unisex,3.9,vanilla,almond,sweet
unisex,3.9,citrus,aromatic,woody
women,3.9,floral,powdery,warm spicy
unisex,3.9,woody,warm spicy,amber
women,3.9,floral,white floral,citrus
men,3.9,woody,aromatic,floral
men,3.9,white floral,citrus,fresh spicy
unisex,3.9,fresh spicy,woody,warm spicy
unisex,3.9,fresh spicy,woody,aromatic
men,3.9,aromatic,woody,fresh spicy
unisex,3.9,woody,aromatic,citrus
men,3.9,woody,aromatic,earthy
unisex,3.9,aromatic,woody,amber
unisex,3.9,floral,rose,fresh
unisex,3.9,musky,citrus,powdery
women,3.9,powdery,floral,citrus
men,3.9,aromatic,green,fresh spicy
men,3.9,woody,aromatic,fresh spicy
women,3.9,woody,white floral,sweet
men,3.9,citrus,aromatic,amber
women,3.9,powdery,fruity,sweet
women,3.9,white floral,sweet,fruity
unisex,3.9,powdery,aldehydic,vanilla
men,3.9,powdery,violet,woody
women,3.9,floral,citrus,yellow floral
women,3.9,white floral,sweet,vanilla
men,3.9,citrus,warm spicy,amber
men,3.9,aromatic,vanilla,powdery
women,3.9,warm spicy,fruity,woody
men,3.9,fresh spicy,aromatic,lavender
women,3.9,vanilla,fresh spicy,citrus
women,3.9,sweet,coconut,vanilla
women,3.9,citrus,sweet,aromatic
women,3.9,fruity,sweet,tropical
women,3.9,woody,musky,white floral
women,3.9,floral,sweet,citrus
men,3.9,aromatic,amber,lavender
women,3.9,citrus,fresh spicy,powdery
women,3.9,citrus,aromatic,woody
unisex,3.9,woody,aromatic,earthy
women,3.9,fruity,fresh,floral
women,3.9,white floral,amber,fruity
women,3.9,aromatic,green,fruity
women,3.9,woody,powdery,soft spicy
unisex,3.9,citrus,aromatic,green
women,3.9,citrus,floral,fruity
men,3.9,woody,mossy,earthy
women,3.9,woody,powdery,amber
men,3.9,woody,fresh spicy,citrus
unisex,3.9,powdery,green,ozonic
men,3.9,woody,aromatic,amber
women,3.9,citrus,floral,fruity
women,3.9,rose,fresh spicy,herbal
women,3.9,fresh spicy,amber,floral
women,3.9,white floral,tuberose,musky
women,3.9,white floral,floral,powdery
unisex,3.9,citrus,woody,aromatic
women,3.9,powdery,violet,iris
unisex,3.9,woody,aromatic,marine
women,3.9,aquatic,floral,fresh
men,3.9,aromatic,vanilla,woody
women,3.9,violet,powdery,iris
men,3.9,amber,leather,citrus
women,3.9,woody,floral,sweet
men,3.9,warm spicy,woody,fresh spicy
women,3.9,musky,white floral,woody
women,3.9,white floral,floral,citrus
women,3.9,powdery,sweet,musky
unisex,3.91,citrus,woody,aromatic
women,3.91,fruity,woody,powdery
women,3.91,sweet,lavender,powdery
women,3.91,sweet,vanilla,amber
women,3.91,iris,tropical,fruity
women,3.91,rose,oud,sweet
women,3.91,floral,citrus,violet
men,3.91,woody,aromatic,fresh spicy
women,3.91,sweet,white floral,fruity
women,3.91,powdery,iris,floral
women,3.91,powdery,woody,amber
women,3.91,fruity,floral,citrus
unisex,3.91,floral,powdery,musky
women,3.91,woody,powdery,fresh
women,3.91,floral,powdery,sweet
women,3.91,floral,musky,honey
men,3.91,woody,aromatic,citrus
unisex,3.91,marine,citrus,patchouli
women,3.91,fruity,sweet,fresh
men,3.91,aromatic,musky,woody
women,3.91,fruity,aquatic,rose
men,3.91,aromatic,citrus,fresh spicy
women,3.91,floral,citrus,fresh
women,3.91,aquatic,ozonic,floral
women,3.91,fruity,rose,fresh spicy
women,3.91,rose,green,musky
unisex,3.91,woody,powdery,fruity
women,3.91,sweet,fruity,vanilla
women,3.91,coca-cola,vanilla,citrus
unisex,3.91,mineral,fresh spicy,ozonic
men,3.91,citrus,warm spicy,cacao
women,3.91,floral,powdery,fruity
women,3.91,sweet,white floral,warm spicy
women,3.91,white floral,fruity,sweet
women,3.91,citrus,aromatic,fresh spicy
men,3.91,amber,fresh spicy,woody
men,3.91,woody,aromatic,ozonic
men,3.91,aromatic,citrus,woody
unisex,3.91,powdery,violet,woody
men,3.91,citrus,fresh spicy,aromatic
women,3.91,rose,musky,white floral
men,3.91,fresh spicy,warm spicy,vanilla
women,3.91,white floral,sweet,fruity
unisex,3.91,rose,woody,fresh spicy
unisex,3.91,fresh spicy,warm spicy,rose
women,3.91,white floral,citrus,sweet
unisex,3.91,white floral,amber,woody
women,3.91,white floral,citrus,amber
men,3.91,fresh spicy,citrus,aromatic
women,3.91,citrus,white floral,tuberose
women,3.91,white floral,yellow floral,vanilla
men,3.91,aromatic,citrus,marine
unisex,3.91,floral,tropical,white floral
women,3.91,musky,floral,powdery
women,3.91,floral,powdery,citrus
men,3.91,aquatic,almond,woody
women,3.91,sweet,fruity,woody
women,3.91,almond,fruity,sweet
women,3.91,floral,yellow floral,woody
unisex,3.91,citrus,amber,fruity
men,3.91,green,fruity,sweet
women,3.91,floral,white floral,citrus
women,3.91,fruity,floral,fresh
unisex,3.91,citrus,soft spicy,vanilla
women,3.91,citrus,floral,tropical
women,3.91,citrus,white floral,floral
women,3.91,floral,fruity,musky
unisex,3.91,citrus,woody,aromatic
unisex,3.91,marine,aromatic,aquatic
women,3.91,fruity,sweet,aquatic
women,3.91,citrus,white floral,floral
women,3.91,floral,vanilla,citrus
women,3.91,violet,powdery,floral
men,3.91,aromatic,citrus,warm spicy
unisex,3.91,yellow floral,citrus,sweet
men,3.91,lavender,white floral,aromatic
women,3.91,floral,sweet,aquatic
women,3.91,woody,white floral,green
women,3.91,rose,citrus,musky
unisex,3.91,woody,warm spicy,leather
women,3.91,floral,fresh,fruity
unisex,3.91,vanilla,sweet,coconut
unisex,3.91,powdery,woody,vanilla
women,3.91,musky,powdery,aldehydic
women,3.91,floral,white floral,citrus
women,3.91,fruity,woody,white floral
women,3.91,leather,animalic,musky
unisex,3.91,mossy,earthy,fruity
women,3.91,aromatic,green,fresh spicy
women,3.91,fruity,sweet,yellow floral
men,3.91,aromatic,fresh spicy,woody
women,3.91,amber,yellow floral,iris
unisex,3.91,tuberose,white floral,floral
unisex,3.91,green,citrus,aromatic
unisex,3.91,citrus,warm spicy,woody
women,3.91,sweet,fruity,honey
unisex,3.91,citrus,musky,fresh
women,3.91,powdery,woody,musky
unisex,3.91,musky,woody,powdery
unisex,3.91,animalic,fruity,leather
men,3.91,green,amber,warm spicy
women,3.91,floral,violet,powdery
women,3.91,fresh,fruity,white floral
women,3.91,citrus,green,white floral
unisex,3.91,citrus,fruity,tropical
men,3.91,aromatic,woody,patchouli
women,3.91,floral,sweet,woody
women,3.91,white floral,lactonic,sweet
women,3.91,sweet,fruity,fresh
unisex,3.91,white floral,woody,balsamic
women,3.91,citrus,powdery,woody
women,3.91,fruity,sweet,citrus
men,3.91,woody,amber,warm spicy
men,3.91,citrus,aromatic,fresh spicy
men,3.91,citrus,floral,musky
women,3.91,warm spicy,cacao,vanilla
men,3.91,warm spicy,rose,cinnamon
unisex,3.91,woody,patchouli,earthy
unisex,3.91,warm spicy,citrus,fresh
women,3.91,amber,warm spicy,leather
women,3.91,fresh spicy,rose,warm spicy
men,3.91,aromatic,fresh spicy,citrus
women,3.91,fruity,sweet,powdery
women,3.91,floral,rose,citrus
unisex,3.91,white floral,citrus,musky
unisex,3.91,amber,sweet,powdery
unisex,3.91,leather,woody,animalic
unisex,3.91,fruity,sweet,vanilla
women,3.91,warm spicy,earthy,woody
men,3.91,citrus,aromatic,woody
women,3.91,aquatic,fresh,fruity
women,3.91,citrus,floral,fresh
women,3.91,white floral,citrus,vanilla
women,3.91,floral,fruity,fresh
men,3.91,citrus,warm spicy,aromatic
women,3.91,powdery,citrus,woody
unisex,3.91,citrus,woody,powdery
unisex,3.91,woody,patchouli,tobacco
women,3.91,floral,citrus,rose
women,3.91,floral,green,fresh
men,3.91,powdery,violet,vanilla
women,3.91,fruity,fresh,powdery
women,3.91,white floral,citrus,lavender
women,3.91,violet,powdery,rose
women,3.91,citrus,floral,powdery
men,3.91,vanilla,fresh spicy,fruity
women,3.91,powdery,green,yellow floral
women,3.91,sweet,fruity,coconut
unisex,3.91,amber,woody,vanilla
men,3.91,citrus,fresh,woody
women,3.91,citrus,aromatic,fruity
men,3.91,sweet,aromatic,rum
women,3.91,woody,aromatic,metallic
women,3.91,warm spicy,cacao,sweet
men,3.91,fresh spicy,aromatic,citrus
women,3.91,sweet,woody,musky
men,3.91,aromatic,citrus,fresh spicy
unisex,3.91,animalic,musky,oud
unisex,3.91,rose,warm spicy,oud
unisex,3.91,citrus,woody,powdery
women,3.91,citrus,white floral,aromatic
women,3.91,fruity,rose,floral
women,3.91,citrus,floral,fresh spicy
women,3.91,fruity,woody,white floral
men,3.91,citrus,woody,fresh
women,3.91,woody,rose,violet
men,3.91,aromatic,woody,vanilla
men,3.91,citrus,aromatic,woody
unisex,3.91,woody,citrus,patchouli
women,3.91,amber,warm spicy,cherry
women,3.91,woody,balsamic,amber
unisex,3.91,woody,warm spicy,leather
women,3.91,floral,fresh,aquatic
women,3.91,marine,aromatic,white floral
women,3.91,woody,amber,warm spicy
women,3.91,powdery,vanilla,fruity
women,3.91,caramel,woody,sweet
unisex,3.91,aromatic,green,fresh spicy
women,3.91,sweet,floral,vanilla
women,3.91,amber,sweet,floral
unisex,3.91,citrus,aromatic,fresh spicy
unisex,3.91,marine,aromatic,salty
unisex,3.91,warm spicy,amber,floral
women,3.91,soft spicy,vanilla,warm spicy
unisex,3.91,aromatic,woody,citrus
unisex,3.91,woody,amber,warm spicy
women,3.91,citrus,white floral,aromatic
unisex,3.91,citrus,woody,fresh spicy
women,3.91,woody,rose,warm spicy
men,3.91,warm spicy,cinnamon,vanilla
unisex,3.91,oud,rose,cacao
women,3.91,powdery,woody,musky
unisex,3.91,warm spicy,woody,amber
unisex,3.91,woody,citrus,sweet
unisex,3.91,woody,aromatic,powdery
women,3.91,rose,powdery,musky
unisex,3.91,white floral,citrus,yellow floral
women,3.91,citrus,aromatic,white floral
men,3.91,fresh spicy,aromatic,warm spicy
men,3.91,citrus,aromatic,woody
men,3.91,woody,citrus,ozonic
unisex,3.91,almond,warm spicy,woody
men,3.91,sweet,warm spicy,soft spicy
unisex,3.91,amber,warm spicy,powdery
women,3.91,floral,fresh,powdery
women,3.91,citrus,fruity,woody
women,3.91,citrus,aromatic,white floral
men,3.91,fruity,sweet,anis
women,3.91,sweet,fruity,powdery
women,3.91,fruity,sweet,aromatic
unisex,3.91,citrus,woody,fresh spicy
unisex,3.91,vanilla,woody,amber
women,3.91,rose,aromatic,warm spicy
women,3.91,white floral,tuberose,woody
women,3.91,citrus,vanilla,fruity
women,3.91,floral,fruity,fresh
men,3.91,aromatic,fresh spicy,citrus
women,3.91,floral,citrus,rose
women,3.91,floral,powdery,sweet
women,3.91,fruity,powdery,iris
women,3.91,powdery,violet,iris
women,3.91,powdery,yellow floral,floral
men,3.91,warm spicy,leather,woody
unisex,3.91,warm spicy,woody,aromatic
women,3.91,sweet,yellow floral,fruity
women,3.91,coconut,tropical,sweet
women,3.91,floral,rose,fresh
women,3.91,fruity,floral,citrus
unisex,3.91,white floral,citrus,amber
women,3.91,fruity,floral,powdery
unisex,3.91,aromatic,green,fruity
unisex,3.91,floral,citrus,fruity
unisex,3.91,white floral,citrus,vanilla
women,3.91,floral,herbal,fruity
unisex,3.91,woody,aromatic,amber
unisex,3.91,citrus,amber,white floral
unisex,3.91,white floral,tuberose,vanilla
women,3.91,floral,rose,fresh
men,3.91,warm spicy,amber,woody
men,3.91,aromatic,woody,fresh spicy
unisex,3.91,fresh spicy,leather,warm spicy
women,3.91,rose,woody,floral
women,3.91,sweet,fruity,floral
men,3.91,woody,sweet,warm spicy
men,3.91,warm spicy,woody,citrus
men,3.91,citrus,aromatic,fresh spicy
men,3.91,woody,white floral,aromatic
unisex,3.91,amber,aromatic,fresh spicy
unisex,3.91,floral,musky,powdery
women,3.91,vanilla,warm spicy,cinnamon
women,3.91,fruity,aquatic,sweet
women,3.91,fruity,white floral,citrus
men,3.91,woody,mossy,fresh spicy
unisex,3.91,amber,woody,vanilla
women,3.91,green,rose,floral
women,3.91,citrus,white floral,floral
unisex,3.91,cacao,warm spicy,sweet
women,3.91,white floral,tuberose,animalic
unisex,3.91,woody,amber,warm spicy
unisex,3.91,fresh spicy,woody,amber
women,3.91,musky,powdery,amber
women,3.91,citrus,woody,aromatic
women,3.91,fruity,sweet,
women,3.91,sweet,rum,fruity
men,3.91,citrus,fresh spicy,aromatic
unisex,3.91,powdery,citrus,musky
women,3.91,floral,vanilla,woody
women,3.91,vanilla,citrus,floral
unisex,3.91,woody,amber,balsamic
men,3.91,rose,patchouli,aldehydic
unisex,3.91,leather,fruity,powdery
unisex,3.91,woody,warm spicy,cinnamon
women,3.91,amber,fresh spicy,warm spicy
unisex,3.91,fruity,woody,sweet
unisex,3.91,woody,powdery,vanilla
unisex,3.91,floral,amber,musky
unisex,3.91,fruity,amber,warm spicy
men,3.91,warm spicy,cinnamon,citrus
unisex,3.91,white floral,yellow floral,sweet
unisex,3.91,citrus,fresh spicy,
women,3.91,sweet,vanilla,woody
women,3.91,fruity,citrus,sweet
men,3.91,warm spicy,woody,fresh spicy
men,3.91,white floral,musky,powdery
women,3.91,vanilla,sweet,woody
women,3.91,vanilla,sweet,coconut
men,3.91,citrus,woody,marine
unisex,3.91,citrus,powdery,woody
unisex,3.91,woody,aromatic,fresh spicy
unisex,3.91,green,woody,oud
unisex,3.91,white floral,sweet,animalic
women,3.91,white floral,sweet,tropical
men,3.91,warm spicy,citrus,leather
unisex,3.91,warm spicy,cacao,woody
women,3.91,green,white floral,fresh spicy
unisex,3.91,sweet,almond,floral
unisex,3.91,green,aromatic,iris
women,3.91,sweet,powdery,citrus
unisex,3.91,rose,musky,powdery
unisex,3.91,sweet,vanilla,powdery
unisex,3.91,sweet,woody,powdery
men,3.91,fresh spicy,aromatic,woody
unisex,3.91,woody,aromatic,earthy
women,3.91,fruity,vanilla,woody
unisex,3.91,floral,sweet,vanilla
women,3.91,sweet,fruity,powdery
unisex,3.91,floral,warm spicy,sweet
women,3.91,vanilla,powdery,fruity
unisex,3.91,amber,aldehydic,fresh
women,3.91,white floral,yellow floral,sweet
unisex,3.91,fresh spicy,woody,sweet
women,3.91,powdery,violet,woody
unisex,3.91,powdery,floral,yellow floral
women,3.91,warm spicy,woody,powdery
unisex,3.91,citrus,honey,sweet
women,3.91,floral,white floral,fresh
unisex,3.91,woody,patchouli,amber
women,3.91,sweet,white floral,yellow floral
women,3.91,vanilla,powdery,floral
unisex,3.91,fruity,sweet,citrus
unisex,3.91,woody,aromatic,citrus
unisex,3.91,leather,musky,balsamic
unisex,3.91,aromatic,fresh spicy,woody
unisex,3.91,musky,woody,powdery
unisex,3.91,floral,aromatic,green
women,3.91,white floral,woody,powdery
women,3.91,powdery,woody,vanilla
unisex,3.91,floral,citrus,tropical
women,3.91,fruity,citrus,aromatic
unisex,3.91,fruity,citrus,sweet
unisex,3.91,herbal,aromatic,fresh spicy
women,3.91,fruity,sweet,fresh
women,3.91,sweet,vanilla,rose
men,3.91,green,aromatic,soft spicy
women,3.91,vanilla,sweet,floral
women,3.91,white floral,vanilla,powdery
women,3.91,citrus,floral,rose
women,3.91,citrus,woody,patchouli
women,3.91,vanilla,woody,powdery
unisex,3.91,fresh spicy,powdery,vanilla
women,3.91,green,aromatic,iris
women,3.91,powdery,floral,vanilla
unisex,3.91,whiskey,woody,coca-cola
unisex,3.91,citrus,aromatic,woody
women,3.91,earthy,woody,soft spicy
women,3.91,aldehydic,fresh,woody
women,3.91,white floral,fruity,floral
unisex,3.91,citrus,white floral,aromatic
women,3.91,vanilla,musky,green
women,3.91,fresh,white floral,rose
women,3.91,floral,fresh,fruity
women,3.91,fruity,woody,floral
unisex,3.91,powdery,woody,musky
unisex,3.91,white floral,citrus,fresh spicy
unisex,3.91,woody,amber,musky
unisex,3.91,powdery,aromatic,amber
women,3.91,white floral,floral,powdery
unisex,3.91,patchouli,woody,warm spicy
men,3.91,citrus,aromatic,
men,3.92,warm spicy,woody,oud
unisex,3.92,woody,tobacco,fresh spicy
women,3.92,rose,musky,amber
men,3.92,aromatic,green,powdery
men,3.92,fresh spicy,rose,warm spicy
men,3.92,aromatic,woody,herbal
men,3.92,green,citrus,fresh spicy
men,3.92,woody,aromatic,citrus
women,3.92,white floral,amber,citrus
women,3.92,tropical,sweet,coconut
women,3.92,fruity,cacao,alcohol
women,3.92,rose,fruity,musky
women,3.92,amber,citrus,warm spicy
women,3.92,citrus,fresh spicy,green
women,3.92,chocolate,vanilla,sweet
women,3.92,white floral,floral,green
women,3.92,fruity,sweet,vanilla
men,3.92,aromatic,fresh spicy,green
women,3.92,sweet,lactonic,white floral
women,3.92,fruity,citrus,sweet
women,3.92,sweet,fruity,lavender
women,3.92,floral,sweet,vanilla
women,3.92,fruity,sweet,powdery
women,3.92,citrus,floral,fresh
men,3.92,woody,aquatic,aromatic
women,3.92,woody,floral,fruity
unisex,3.92,citrus,white floral,sweet
unisex,3.92,musky,rose,floral
women,3.92,citrus,powdery,fruity
men,3.92,ozonic,green,aquatic
men,3.92,marine,woody,aromatic
men,3.92,aquatic,sweet,amber
women,3.92,fruity,white floral,sweet
men,3.92,earthy,fresh spicy,vanilla
unisex,3.92,amber,warm spicy,woody
women,3.92,woody,warm spicy,patchouli
women,3.92,rose,warm spicy,woody
unisex,3.92,citrus,white floral,aromatic
unisex,3.92,lavender,sweet,fruity
unisex,3.92,floral,citrus,aromatic
unisex,3.92,aromatic,lavender,musky
women,3.92,fruity,sweet,cherry
women,3.92,citrus,floral,fresh spicy
unisex,3.92,citrus,aromatic,woody
unisex,3.92,amber,warm spicy,woody
men,3.92,aquatic,fresh,aromatic
men,3.92,citrus,fresh spicy,aromatic
women,3.92,amber,floral,white floral
women,3.92,rose,floral,fresh
women,3.92,floral,white floral,woody
women,3.92,floral,green,white floral
women,3.92,fruity,floral,powdery
women,3.92,warm spicy,woody,floral
women,3.92,powdery,floral,iris
women,3.92,rose,citrus,fruity
women,3.92,rose,floral,fresh
unisex,3.92,citrus,aromatic,woody
unisex,3.92,iris,woody,powdery
women,3.92,floral,rose,musky
unisex,3.92,woody,amber,musky
women,3.92,sweet,fruity,white floral
women,3.92,white floral,tuberose,rose
women,3.92,floral,patchouli,soft spicy
women,3.92,green,white floral,floral
women,3.92,powdery,floral,sweet
unisex,3.92,warm spicy,white floral,citrus
women,3.92,white floral,fruity,green
women,3.92,green,aromatic,floral
men,3.92,aromatic,warm spicy,green
women,3.92,floral,amber,soft spicy
women,3.92,white floral,sweet,powdery
women,3.92,citrus,white floral,sweet
women,3.92,fruity,floral,tropical
unisex,3.92,woody,fruity,soft spicy
unisex,3.92,fruity,floral,white floral
unisex,3.92,rose,floral,woody
unisex,3.92,citrus,green,woody
unisex,3.92,rose,sweet,vanilla
unisex,3.92,powdery,soft spicy,violet
women,3.92,white floral,tuberose,floral
women,3.92,white floral,citrus,tuberose
women,3.92,warm spicy,fresh spicy,vanilla
women,3.92,floral,powdery,woody
men,3.92,citrus,warm spicy,woody
men,3.92,marine,citrus,aromatic
unisex,3.92,warm spicy,sweet,amber
men,3.92,woody,aromatic,tobacco
women,3.92,floral,fresh,rose
women,3.92,iris,fruity,woody
women,3.92,citrus,floral,rose
women,3.92,fruity,floral,powdery
unisex,3.92,sweet,warm spicy,coffee
women,3.92,green,rose,aromatic
women,3.92,rose,aromatic,floral
men,3.92,fresh spicy,citrus,aromatic
women,3.92,sweet,soft spicy,powdery
unisex,3.92,woody,warm spicy,powdery
unisex,3.92,herbal,earthy,fresh spicy
women,3.92,white floral,powdery,tuberose
unisex,3.92,vanilla,woody,white floral
unisex,3.92,fruity,sweet,honey
unisex,3.92,woody,amber,green
unisex,3.92,vanilla,powdery,fruity
unisex,3.92,sweet,fruity,white floral
unisex,3.92,fresh spicy,citrus,woody
unisex,3.92,rose,sweet,powdery
women,3.92,citrus,sweet,aromatic
women,3.92,rose,fruity,floral
men,3.92,green,woody,fresh spicy
women,3.92,fruity,sweet,caramel
women,3.92,sweet,fruity,floral
women,3.92,aromatic,woody,citrus
men,3.92,fresh spicy,warm spicy,woody
women,3.92,white floral,floral,musky
women,3.92,sweet,marine,caramel
women,3.92,floral,fresh,citrus
women,3.92,sweet,fruity,coconut
unisex,3.92,amber,musky,animalic
men,3.92,woody,patchouli,aromatic
women,3.92,sweet,fruity,coffee
women,3.92,fruity,sweet,floral
unisex,3.92,fruity,powdery,vanilla
women,3.92,citrus,floral,fruity
women,3.92,citrus,white floral,sweet
women,3.92,white floral,woody,amber
women,3.92,fruity,sweet,powdery
unisex,3.92,citrus,aromatic,woody
unisex,3.92,aromatic,fresh spicy,woody
women,3.92,sweet,citrus,fruity
unisex,3.92,warm spicy,musky,rose
women,3.92,floral,citrus,green
women,3.92,fruity,floral,fresh
unisex,3.92,woody,floral,powdery
unisex,3.92,lavender,woody,citrus
women,3.92,aromatic,fresh spicy,rose
women,3.92,woody,honey,sweet
women,3.92,amber,warm spicy,white floral
men,3.92,aromatic,citrus,earthy
women,3.92,white floral,fruity,tropical
unisex,3.92,amber,woody,patchouli
women,3.92,amber,vanilla,warm spicy
unisex,3.92,woody,sweet,cherry
unisex,3.92,woody,amber,vanilla
unisex,3.92,amber,fresh spicy,green
men,3.92,citrus,aromatic,woody
men,3.92,citrus,vanilla,woody
unisex,3.92,citrus,aromatic,fresh spicy
women,3.92,powdery,white floral,rose
women,3.92,floral,green,white floral
unisex,3.92,patchouli,woody,aldehydic
unisex,3.92,green,woody,citrus
women,3.92,warm spicy,white floral,coconut
women,3.92,green,fruity,powdery
women,3.92,floral,patchouli,white floral
women,3.92,powdery,musky,iris
women,3.92,amber,patchouli,warm spicy
women,3.92,aldehydic,white floral,woody
women,3.92,citrus,vanilla,white floral
women,3.92,rose,white floral,patchouli
women,3.92,caramel,powdery,vanilla
women,3.92,rose,citrus,woody
men,3.92,fruity,white floral,fresh
men,3.92,aromatic,woody,fresh spicy
men,3.92,citrus,white floral,woody
unisex,3.92,rose,musky,sweet
men,3.92,aquatic,fresh,green
women,3.92,white floral,violet,floral
women,3.92,citrus,woody,musky
women,3.92,citrus,white floral,rose
unisex,3.92,white floral,citrus,vanilla
men,3.92,woody,citrus,aromatic
unisex,3.92,aromatic,fresh spicy,woody
women,3.92,amber,balsamic,sweet
women,3.92,woody,citrus,leather
men,3.92,citrus,woody,white floral
men,3.92,aromatic,citrus,woody
women,3.92,floral,fruity,citrus
men,3.92,aromatic,green,citrus
men,3.92,citrus,fresh spicy,woody
women,3.92,floral,fruity,woody
women,3.92,sweet,nutty,citrus
men,3.92,citrus,aromatic,woody
men,3.92,citrus,woody,aromatic
women,3.92,vanilla,cherry,tuberose
unisex,3.92,powdery,sweet,woody
men,3.92,aromatic,woody,fresh spicy
women,3.92,vanilla,coconut,citrus
women,3.92,aromatic,citrus,green
women,3.92,floral,rose,fresh
women,3.92,fruity,floral,white floral
women,3.92,woody,fruity,green
men,3.92,fresh spicy,lavender,fruity
unisex,3.92,vanilla,sweet,fruity
women,3.92,white floral,citrus,fresh
women,3.92,citrus,green,fresh
women,3.92,amber,musky,rose
unisex,3.92,warm spicy,fresh spicy,amber
women,3.92,vanilla,coconut,sweet
women,3.92,woody,white floral,fresh
unisex,3.92,sweet,aromatic,tropical
men,3.92,woody,amber,tobacco
unisex,3.92,citrus,fruity,musky
unisex,3.92,fruity,sweet,green
men,3.92,citrus,leather,aromatic
men,3.92,leather,oud,fresh spicy
unisex,3.92,warm spicy,sweet,amber
unisex,3.92,floral,leather,powdery
women,3.92,patchouli,woody,floral
men,3.92,fresh spicy,aromatic,amber
unisex,3.92,vanilla,powdery,balsamic
unisex,3.92,green,woody,honey
unisex,3.92,citrus,fresh spicy,aromatic
unisex,3.92,woody,warm spicy,aromatic
women,3.92,floral,fruity,rose
unisex,3.92,warm spicy,aromatic,musky
women,3.92,powdery,floral,iris
women,3.92,floral,fresh spicy,citrus
unisex,3.92,amber,woody,earthy
men,3.92,citrus,warm spicy,vanilla
women,3.92,sweet,vanilla,fruity
women,3.92,warm spicy,amber,woody
women,3.92,floral,fruity,citrus
men,3.92,anis,soft spicy,fresh
women,3.92,fruity,white floral,rose
women,3.92,white floral,citrus,tuberose
unisex,3.92,woody,earthy,patchouli
women,3.92,white floral,yellow floral,cacao
unisex,3.92,woody,amber,warm spicy
women,3.92,citrus,fruity,floral
women,3.92,sweet,vanilla,floral
unisex,3.92,woody,warm spicy,whiskey
men,3.92,fruity,sweet,vanilla
men,3.92,white floral,warm spicy,fresh
women,3.92,white floral,powdery,sweet
women,3.92,sweet,fruity,vanilla
women,3.92,powdery,citrus,vanilla
women,3.92,floral,citrus,powdery
women,3.92,almond,fruity,sweet
women,3.92,fruity,sweet,musky
unisex,3.92,aromatic,green,woody
men,3.92,woody,powdery,amber
women,3.92,floral,fresh,fruity
women,3.92,citrus,white floral,sweet
women,3.92,aromatic,fresh spicy,rose
unisex,3.92,citrus,green,musky
men,3.92,woody,leather,amber
unisex,3.92,amber,powdery,vanilla
unisex,3.92,citrus,amber,vanilla
unisex,3.92,rose,vanilla,sweet
women,3.92,woody,earthy,amber
women,3.92,rose,fruity,powdery
men,3.92,woody,warm spicy,citrus
women,3.92,floral,vanilla,rose
unisex,3.92,patchouli,woody,warm spicy
men,3.92,aromatic,fresh spicy,warm spicy
women,3.92,tropical,white floral,fruity
unisex,3.92,powdery,floral,musky
unisex,3.92,woody,marine,coconut
women,3.92,vanilla,sweet,fruity
men,3.92,citrus,woody,warm spicy
unisex,3.92,warm spicy,woody,rose
women,3.92,woody,fruity,powdery
men,3.92,warm spicy,citrus,aromatic
unisex,3.92,ozonic,powdery,iris
women,3.92,citrus,woody,aromatic
unisex,3.92,vanilla,sweet,floral
unisex,3.92,woody,fruity,amber
unisex,3.92,vanilla,cacao,powdery
women,3.92,fruity,sweet,citrus
women,3.92,fruity,floral,fresh
unisex,3.92,rose,amber,floral
men,3.92,aromatic,fresh spicy,woody
women,3.92,floral,fresh,green
women,3.92,floral,fresh,green
unisex,3.92,aromatic,fresh spicy,lavender
women,3.92,citrus,amber,powdery
unisex,3.92,aromatic,fruity,fresh spicy
women,3.92,citrus,sweet,fresh spicy
unisex,3.92,citrus,fruity,woody
women,3.92,patchouli,musky,woody
women,3.92,citrus,floral,white floral
women,3.92,fruity,sweet,powdery
women,3.92,white floral,citrus,sweet
women,3.92,vanilla,white floral,floral
women,3.92,white floral,vanilla,fruity
unisex,3.92,green,aromatic,fresh
unisex,3.92,vanilla,powdery,cinnamon
women,3.92,vanilla,almond,powdery
women,3.92,powdery,musky,woody
women,3.92,citrus,rose,aromatic
unisex,3.92,sweet,vanilla,caramel
women,3.92,musky,lavender,floral
women,3.92,fruity,fresh,sweet
unisex,3.92,woody,warm spicy,iris
women,3.92,soft spicy,caramel,sweet
women,3.92,floral,fruity,aquatic
women,3.92,rose,floral,woody
women,3.92,citrus,aromatic,white floral
unisex,3.92,woody,citrus,white floral
unisex,3.92,woody,floral,rose
women,3.92,woody,fruity,citrus
women,3.92,vanilla,amber,warm spicy
women,3.92,white floral,yellow floral,vanilla
women,3.92,white floral,warm spicy,amber
unisex,3.92,powdery,vanilla,amber
unisex,3.92,woody,fruity,sweet
women,3.92,sweet,fruity,warm spicy
unisex,3.92,woody,warm spicy,citrus
women,3.92,citrus,green,rose
women,3.92,white floral,tuberose,citrus
women,3.92,soft spicy,powdery,musky
unisex,3.92,fruity,sweet,aromatic
men,3.92,aromatic,woody,fresh spicy
unisex,3.92,woody,aromatic,green
women,3.92,vanilla,amber,leather
unisex,3.92,fruity,green,floral
men,3.92,aromatic,green,woody
women,3.92,floral,fruity,woody
unisex,3.92,powdery,musky,vanilla
women,3.92,citrus,floral,woody
women,3.92,citrus,musky,fresh
unisex,3.92,white floral,citrus,sweet
unisex,3.92,white floral,vanilla,sweet
unisex,3.92,amber,warm spicy,cinnamon
women,3.92,white floral,powdery,yellow floral
women,3.92,white floral,marine,floral
men,3.92,citrus,green,white floral
men,3.92,woody,aromatic,iris
unisex,3.92,sweet,fruity,honey
women,3.92,white floral,caramel,vanilla
men,3.92,warm spicy,woody,aromatic
women,3.92,woody,green,fresh spicy
women,3.92,sweet,caramel,fruity
unisex,3.92,green,citrus,aromatic
women,3.92,warm spicy,powdery,fruity
women,3.92,white floral,fruity,citrus
women,3.92,floral,tropical,fruity
men,3.92,fresh spicy,aromatic,tobacco
unisex,3.92,amber,aromatic,warm spicy
unisex,3.92,rose,amber,fresh
women,3.92,oud,rose,floral
unisex,3.92,rose,citrus,floral
women,3.92,vanilla,white floral,sweet
women,3.92,vanilla,citrus,powdery
women,3.92,citrus,fresh spicy,aromatic
women,3.92,citrus,fruity,aquatic
unisex,3.92,aromatic,fresh spicy,floral
men,3.92,musky,warm spicy,amber
unisex,3.93,sweet,fruity,warm spicy
unisex,3.93,citrus,vanilla,green
women,3.93,citrus,fresh spicy,vanilla
unisex,3.93,fresh spicy,warm spicy,oud
men,3.93,aromatic,fresh spicy,green
men,3.93,aromatic,lavender,fruity
men,3.93,woody,aquatic,aromatic
men,3.93,white floral,vanilla,citrus
women,3.93,woody,green,citrus
men,3.93,citrus,aromatic,woody
men,3.93,aromatic,soft spicy,woody
women,3.93,citrus,white floral,floral
unisex,3.93,citrus,white floral,green
unisex,3.93,green,floral,fresh
women,3.93,white floral,tuberose,citrus
women,3.93,sweet,fruity,tropical
women,3.93,fruity,citrus,fresh
men,3.93,woody,leather,aromatic
unisex,3.93,leather,fruity,woody
unisex,3.93,woody,powdery,aromatic
women,3.93,citrus,coca-cola,rose
women,3.93,sweet,warm spicy,vanilla
women,3.93,citrus,aromatic,vanilla
men,3.93,fresh,sweet,warm spicy
women,3.93,sweet,fruity,caramel
men,3.93,vanilla,coconut,sweet
women,3.93,warm spicy,coconut,musky
women,3.93,powdery,white floral,floral
men,3.93,coffee,warm spicy,aromatic
women,3.93,amber,leather,warm spicy
men,3.93,aromatic,woody,fresh spicy
women,3.93,white floral,green,citrus
women,3.93,patchouli,woody,sweet
women,3.93,floral,citrus,rose
women,3.93,woody,citrus,fruity
unisex,3.93,musky,leather,fresh spicy
women,3.93,vanilla,coconut,sweet
women,3.93,white floral,floral,powdery
women,3.93,warm spicy,woody,amber
women,3.93,rose,musky,amber
women,3.93,tuberose,amber,animalic
unisex,3.93,woody,powdery,coconut
men,3.93,aromatic,citrus,fresh spicy
women,3.93,floral,sweet,fresh
women,3.93,citrus,rose,patchouli
women,3.93,vanilla,sweet,almond
women,3.93,floral,coconut,vanilla
women,3.93,caramel,vanilla,white floral
unisex,3.93,warm spicy,woody,musky
unisex,3.93,woody,amber,rose
women,3.93,white floral,warm spicy,fruity
women,3.93,woody,honey,amber
unisex,3.93,warm spicy,citrus,woody
unisex,3.93,white floral,woody,aromatic
unisex,3.93,sweet,fruity,lavender
women,3.93,citrus,fresh,fruity
unisex,3.93,woody,aromatic,citrus
unisex,3.93,vanilla,floral,salty
women,3.93,amber,woody,rose
women,3.93,warm spicy,amber,herbal
women,3.93,floral,white floral,aquatic
unisex,3.93,citrus,white floral,green
women,3.93,rose,floral,patchouli
unisex,3.93,leather,woody,animalic
unisex,3.93,warm spicy,almond,sweet
women,3.93,floral,citrus,fresh
women,3.93,citrus,fruity,sweet
women,3.93,fruity,rose,citrus
men,3.93,vanilla,woody,fruity
women,3.93,citrus,white floral,sweet
women,3.93,woody,rose,musky
unisex,3.93,fresh spicy,aromatic,green
unisex,3.93,fruity,sweet,green
women,3.93,amber,woody,musky
unisex,3.93,fruity,sweet,vanilla
women,3.93,rose,musky,powdery
men,3.93,aquatic,citrus,ozonic
women,3.93,floral,soft spicy,aromatic
women,3.93,citrus,vanilla,sweet
women,3.93,fruity,rose,sweet
women,3.93,fruity,powdery,floral
men,3.93,woody,green,anis
women,3.93,fruity,floral,rose
men,3.93,warm spicy,woody,fresh spicy
women,3.93,warm spicy,fresh spicy,woody
women,3.93,musky,sweet,woody
women,3.93,woody,aromatic,citrus
women,3.93,green,lactonic,fresh spicy
unisex,3.93,woody,citrus,amber
women,3.93,sweet,lactonic,cherry
women,3.93,white floral,vanilla,sweet
unisex,3.93,woody,vanilla,animalic
women,3.93,warm spicy,sweet,fruity
women,3.93,soft spicy,fruity,sweet
women,3.93,musky,warm spicy,powdery
women,3.93,sweet,fruity,warm spicy
men,3.93,woody,warm spicy,fresh spicy
women,3.93,woody,powdery,citrus
unisex,3.93,woody,marine,ozonic
women,3.93,sweet,almond,fruity
unisex,3.93,fresh spicy,warm spicy,woody
men,3.93,green,woody,fruity
men,3.93,aromatic,citrus,woody
women,3.93,floral,woody,rose
men,3.93,aromatic,woody,fresh spicy
unisex,3.93,fruity,sweet,tropical
women,3.93,amber,vanilla,sweet
women,3.93,white floral,woody,citrus
unisex,3.93,woody,leather,warm spicy
unisex,3.93,fresh spicy,woody,powdery
unisex,3.93,floral,sweet,musky
unisex,3.93,floral,green,fresh
unisex,3.93,leather,animalic,amber
unisex,3.93,citrus,white floral,sweet
women,3.93,floral,tuberose,beeswax
unisex,3.93,white floral,powdery,citrus
men,3.93,citrus,mineral,salty
women,3.93,floral,warm spicy,rose
men,3.93,citrus,warm spicy,fruity
women,3.93,floral,rose,iris
women,3.93,powdery,green,woody
women,3.93,floral,white floral,citrus
women,3.93,citrus,aromatic,fresh spicy
women,3.93,powdery,woody,vanilla
men,3.93,aromatic,citrus,fresh spicy
women,3.93,fruity,woody,sweet
women,3.93,fruity,white floral,powdery
women,3.93,tropical,fruity,sweet
unisex,3.93,amber,powdery,woody
unisex,3.93,citrus,sweet,fruity
unisex,3.93,animalic,woody,leather
unisex,3.93,amber,warm spicy,rose
unisex,3.93,citrus,white floral,aromatic
women,3.93,citrus,sweet,fruity
unisex,3.93,amber,woody,nutty
women,3.93,white floral,earthy,sweet
women,3.93,white floral,citrus,musky
women,3.93,sweet,fruity,iris
women,3.93,citrus,fresh spicy,fruity
women,3.93,vanilla,white floral,woody
unisex,3.93,tobacco,rose,warm spicy
women,3.93,vanilla,coffee,sweet
men,3.93,woody,aromatic,ozonic
women,3.93,white floral,citrus,lavender
women,3.93,fruity,powdery,vanilla
women,3.93,floral,rose,fresh
men,3.93,warm spicy,woody,fresh spicy
men,3.93,iris,powdery,citrus
women,3.93,fruity,sweet,musky
men,3.93,warm spicy,cinnamon,woody
women,3.93,fruity,fresh,citrus
women,3.93,caramel,vanilla,sweet
women,3.93,white floral,sweet,fruity
women,3.93,fruity,floral,white floral
women,3.93,citrus,fresh spicy,aromatic
women,3.93,amber,vanilla,powdery
women,3.93,woody,aromatic,fresh spicy
unisex,3.93,floral,citrus,white floral
women,3.93,green,white floral,citrus
unisex,3.93,floral,woody,warm spicy
women,3.93,sweet,caramel,fruity
men,3.93,sweet,citrus,fruity
women,3.93,powdery,iris,almond
women,3.93,woody,powdery,sweet
women,3.93,fruity,sweet,woody
unisex,3.93,green,woody,white floral
women,3.93,white floral,woody,fruity
women,3.93,citrus,floral,white floral
women,3.93,powdery,aquatic,floral
women,3.93,vanilla,powdery,sweet
women,3.93,citrus,yellow floral,floral
women,3.93,aromatic,woody,citrus
women,3.93,woody,citrus,white floral
unisex,3.93,woody,ozonic,powdery
men,3.93,green,fresh spicy,citrus
women,3.93,floral,fruity,citrus
unisex,3.93,citrus,patchouli,woody
men,3.93,warm spicy,fresh spicy,white floral
unisex,3.93,amber,iris,green
unisex,3.93,green,citrus,aromatic
women,3.93,warm spicy,sweet,amber
men,3.93,woody,amber,citrus
men,3.93,citrus,woody,fresh spicy
women,3.93,floral,white floral,fruity
women,3.93,powdery,fruity,vanilla
unisex,3.93,woody,leather,fresh
men,3.93,fresh spicy,woody,warm spicy
women,3.93,white floral,citrus,fresh spicy
unisex,3.93,fruity,sweet,fresh
unisex,3.93,citrus,fruity,musky
men,3.93,woody,amber,citrus
unisex,3.93,woody,warm spicy,amber
men,3.93,smoky,warm spicy,leather
women,3.93,vanilla,sweet,patchouli
men,3.93,aromatic,citrus,woody
unisex,3.93,woody,citrus,aromatic
unisex,3.93,rose,vanilla,musky
women,3.93,white floral,citrus,woody
men,3.93,aromatic,fresh spicy,citrus
women,3.93,fruity,sweet,rose
women,3.93,vanilla,citrus,woody
women,3.93,white floral,green,fresh
men,3.93,woody,warm spicy,cinnamon
unisex,3.93,sweet,fruity,
women,3.93,almond,citrus,woody
women,3.93,sweet,white floral,floral
unisex,3.93,warm spicy,amber,sweet
women,3.93,musky,powdery,amber
men,3.93,amber,aromatic,woody
women,3.93,yellow floral,green,powdery
women,3.93,white floral,floral,sweet
men,3.93,aromatic,warm spicy,woody
unisex,3.93,citrus,warm spicy,fresh
unisex,3.93,sweet,vanilla,fruity
unisex,3.93,rose,woody,warm spicy
men,3.93,sweet,soft spicy,anis
men,3.93,woody,citrus,aromatic
men,3.93,woody,citrus,ozonic
women,3.93,green,fresh spicy,woody
women,3.93,fruity,sweet,citrus
women,3.93,lactonic,vanilla,sweet
women,3.93,woody,aromatic,earthy
women,3.93,coconut,musky,sweet
women,3.93,amber,white floral,musky
women,3.93,white floral,fruity,sweet
men,3.93,woody,warm spicy,oud
women,3.93,floral,fruity,fresh
women,3.93,rose,powdery,vanilla
men,3.93,powdery,iris,woody
women,3.93,citrus,floral,fresh
women,3.93,citrus,woody,fruity
women,3.93,fruity,citrus,sweet
unisex,3.93,aromatic,woody,earthy
unisex,3.93,fruity,aquatic,ozonic
women,3.93,floral,fresh,musky
women,3.93,floral,woody,white floral
women,3.93,white floral,tuberose,vanilla
women,3.93,vanilla,powdery,citrus
women,3.93,sweet,floral,citrus
women,3.93,fruity,sweet,powdery
unisex,3.93,citrus,marine,aromatic
unisex,3.93,woody,fresh spicy,floral
unisex,3.93,vanilla,sweet,amber
men,3.93,warm spicy,marine,woody
women,3.93,sweet,rose,cherry
unisex,3.93,fruity,floral,vanilla
unisex,3.93,white floral,woody,yellow floral
women,3.93,citrus,aromatic,white floral
women,3.93,woody,fruity,citrus
men,3.93,aromatic,fresh spicy,woody
women,3.93,fruity,woody,musky
women,3.93,white floral,tuberose,green
women,3.93,sweet,citrus,white floral
men,3.93,aromatic,fresh spicy,green
unisex,3.93,woody,powdery,amber
unisex,3.93,citrus,aromatic,fresh spicy
women,3.93,white floral,warm spicy,tuberose
unisex,3.93,citrus,white floral,sweet
unisex,3.93,warm spicy,vanilla,woody
unisex,3.93,amber,musky,aromatic
unisex,3.93,woody,caramel,citrus
men,3.93,aromatic,leather,fresh spicy
unisex,3.93,warm spicy,sweet,coffee
women,3.93,fruity,musky,rose
women,3.93,citrus,sweet,powdery
unisex,3.93,sweet,green,vanilla
unisex,3.93,fruity,leather,woody
men,3.93,green,aromatic,
unisex,3.93,amber,aromatic,earthy
women,3.93,sweet,nutty,white floral
women,3.93,woody,citrus,green
unisex,3.93,citrus,aromatic,fresh spicy
unisex,3.93,amber,smoky,warm spicy
women,3.93,woody,white floral,amber
women,3.93,fruity,woody,sweet
unisex,3.93,white floral,musky,fresh
unisex,3.93,rose,mossy,earthy
unisex,3.93,white floral,vanilla,woody
men,3.93,fruity,woody,leather
unisex,3.93,woody,aromatic,fresh spicy
women,3.93,green,citrus,fresh spicy
women,3.93,citrus,rose,fruity
women,3.93,sweet,fruity,vanilla
women,3.93,citrus,floral,lavender
women,3.93,vanilla,fruity,powdery
unisex,3.93,chocolate,sweet,nutty
women,3.93,white floral,citrus,powdery
unisex,3.93,amber,woody,balsamic
women,3.93,amber,sweet,floral
women,3.93,citrus,sweet,fruity
unisex,3.93,floral,citrus,vanilla
unisex,3.93,powdery,vanilla,musky
men,3.93,citrus,sweet,fruity
women,3.93,floral,powdery,white floral
unisex,3.93,coconut,sweet,woody
women,3.93,floral,vanilla,sweet
unisex,3.93,citrus,warm spicy,aromatic
men,3.93,fresh spicy,aromatic,powdery
men,3.93,amber,leather,citrus
men,3.93,warm spicy,aromatic,woody
women,3.93,woody,citrus,patchouli
men,3.93,aromatic,fresh spicy,green
women,3.93,fruity,citrus,fresh
women,3.93,fruity,white floral,sweet
women,3.93,fruity,sweet,citrus
women,3.93,woody,rose,warm spicy
unisex,3.93,citrus,aromatic,mossy
women,3.93,fruity,floral,green
women,3.93,white floral,green,floral
women,3.93,white floral,aromatic,woody
women,3.93,floral,fresh,citrus
unisex,3.93,amber,vanilla,warm spicy
unisex,3.93,citrus,aromatic,woody
unisex,3.93,warm spicy,woody,leather
women,3.93,woody,fruity,warm spicy
men,3.93,fruity,woody,sweet
unisex,3.93,tobacco,warm spicy,sweet
unisex,3.93,white floral,vanilla,lavender
unisex,3.93,citrus,fruity,aromatic
women,3.93,floral,white floral,amber
women,3.93,white floral,tuberose,green
men,3.93,caramel,woody,amber
unisex,3.93,woody,green,honey
women,3.93,white floral,citrus,sweet
unisex,3.93,citrus,floral,woody
men,3.93,aromatic,warm spicy,fresh spicy
women,3.93,fruity,floral,woody
unisex,3.93,amber,warm spicy,aldehydic
unisex,3.93,woody,white floral,oud
men,3.93,woody,aromatic,powdery
unisex,3.93,fruity,aromatic,fresh
unisex,3.93,rose,citrus,woody
women,3.93,powdery,floral,vanilla
unisex,3.93,powdery,woody,white floral
women,3.93,sweet,white floral,woody
women,3.93,floral,aquatic,powdery
women,3.93,citrus,green,fresh spicy
women,3.93,powdery,vanilla,citrus
unisex,3.93,floral,white floral,yellow floral
women,3.93,floral,fresh,green
unisex,3.93,woody,amber,warm spicy
women,3.93,warm spicy,rose,woody
unisex,3.93,woody,aromatic,cannabis
women,3.93,white floral,animalic,tuberose
women,3.93,floral,powdery,violet
unisex,3.93,fruity,woody,floral
men,3.93,aromatic,citrus,woody
women,3.93,floral,fruity,sweet
women,3.93,fruity,woody,aromatic
women,3.93,powdery,almond,vanilla
unisex,3.93,woody,iris,aromatic
unisex,3.93,sweet,caramel,fruity
unisex,3.93,sweet,fruity,caramel
women,3.93,fruity,white floral,sweet
unisex,3.93,woody,citrus,powdery
men,3.93,vanilla,warm spicy,cinnamon
unisex,3.93,warm spicy,fresh spicy,woody
unisex,3.93,citrus,sweet,vanilla
unisex,3.93,smoky,woody,amber
women,3.93,floral,musky,fruity
women,3.93,fruity,sweet,citrus
unisex,3.93,white floral,fresh,citrus
men,3.93,citrus,aromatic,lavender
men,3.93,warm spicy,aromatic,vodka
unisex,3.93,leather,violet,tobacco
unisex,3.94,aromatic,powdery,musky
men,3.94,lavender,woody,vanilla
women,3.94,floral,citrus,white floral
women,3.94,woody,white floral,citrus
women,3.94,white floral,warm spicy,sweet
women,3.94,sweet,fruity,coconut
women,3.94,vanilla,woody,cherry
women,3.94,fruity,vanilla,powdery
women,3.94,sweet,fruity,tropical
women,3.94,vanilla,white floral,aromatic
men,3.94,citrus,warm spicy,fresh spicy
unisex,3.94,aromatic,woody,fresh spicy
unisex,3.94,fruity,aromatic,sweet
men,3.94,warm spicy,rose,woody
women,3.94,floral,fruity,fresh
men,3.94,woody,aromatic,earthy
women,3.94,white floral,sweet,woody
women,3.94,rose,floral,woody
unisex,3.94,floral,woody,powdery
women,3.94,vanilla,fruity,coffee
men,3.94,woody,warm spicy,amber
women,3.94,fresh,fruity,floral
men,3.94,woody,aromatic,fresh spicy
women,3.94,amber,sweet,honey
women,3.94,warm spicy,woody,cinnamon
men,3.94,vanilla,woody,powdery
women,3.94,fruity,marine,woody
women,3.94,white floral,vanilla,sweet
unisex,3.94,citrus,woody,fresh spicy
women,3.94,fruity,white floral,sweet
women,3.94,aldehydic,powdery,woody
women,3.94,citrus,rose,floral
women,3.94,white floral,musky,floral
women,3.94,woody,amber,iris
women,3.94,fresh,floral,fruity
unisex,3.94,warm spicy,amber,aromatic
unisex,3.94,aromatic,cannabis,fresh spicy
unisex,3.94,white floral,woody,fresh
unisex,3.94,woody,amber,vanilla
men,3.94,citrus,fresh spicy,aromatic
unisex,3.94,citrus,aromatic,green
women,3.94,citrus,powdery,musky
men,3.94,aromatic,woody,green
men,3.94,woody,aromatic,citrus
men,3.94,aromatic,citrus,fresh spicy
men,3.94,aromatic,marine,fresh spicy
women,3.94,white floral,citrus,vanilla
women,3.94,citrus,woody,rose
women,3.94,fruity,sweet,amber
unisex,3.94,citrus,white floral,woody
women,3.94,citrus,woody,fruity
women,3.94,caramel,sweet,powdery
women,3.94,white floral,citrus,fruity
women,3.94,white floral,green,citrus
women,3.94,fruity,citrus,floral
women,3.94,citrus,warm spicy,floral
women,3.94,aquatic,ozonic,fruity
women,3.94,white floral,floral,woody
women,3.94,sweet,cherry,vinyl
women,3.94,woody,powdery,vanilla
unisex,3.94,iris,powdery,warm spicy
unisex,3.94,white floral,yellow floral,musky
women,3.94,white floral,citrus,aquatic
women,3.94,fruity,sweet,vanilla
unisex,3.94,warm spicy,citrus,white floral
men,3.94,woody,aromatic,citrus
unisex,3.94,woody,warm spicy,white floral
men,3.94,aromatic,amber,white floral
women,3.94,fruity,vanilla,floral
women,3.94,fruity,sweet,fresh
women,3.94,powdery,violet,iris
women,3.94,floral,violet,citrus
unisex,3.94,woody,fresh spicy,leather
women,3.94,aquatic,musky,powdery
unisex,3.94,citrus,aromatic,fresh spicy
women,3.94,sweet,fruity,soft spicy
women,3.94,sweet,fruity,rose
women,3.94,green,woody,sweet
women,3.94,leather,rose,citrus
women,3.94,white floral,woody,fruity
men,3.94,green,aromatic,fresh spicy
women,3.94,citrus,floral,rose
men,3.94,citrus,woody,salty
women,3.94,white floral,citrus,sweet
women,3.94,vanilla,sweet,fruity
unisex,3.94,floral,citrus,tropical
women,3.94,white floral,tuberose,woody
women,3.94,fruity,floral,sweet
women,3.94,marine,floral,salty
women,3.94,fruity,sweet,vanilla
unisex,3.94,woody,sweet,amber
women,3.94,floral,green,fresh
unisex,3.94,aromatic,woody,fruity
unisex,3.94,woody,patchouli,warm spicy
unisex,3.94,white floral,amber,citrus
women,3.94,rose,citrus,musky
women,3.94,sweet,vanilla,caramel
women,3.94,floral,citrus,warm spicy
unisex,3.94,woody,powdery,musky
women,3.94,woody,warm spicy,amber
unisex,3.94,floral,rose,musky
unisex,3.94,white floral,citrus,woody
men,3.94,citrus,fresh spicy,fruity
women,3.94,sweet,powdery,vanilla
men,3.94,aromatic,vanilla,fresh spicy
unisex,3.94,oud,rose,warm spicy
women,3.94,fruity,leather,sweet
unisex,3.94,amber,woody,warm spicy
unisex,3.94,powdery,nutty,violet
unisex,3.94,tobacco,sweet,warm spicy
unisex,3.94,floral,rose,sweet
unisex,3.94,rose,warm spicy,oud
women,3.94,fruity,white floral,floral
women,3.94,fruity,sweet,citrus
women,3.94,sweet,fruity,violet
women,3.94,white floral,citrus,fresh
men,3.94,woody,fresh spicy,aromatic
men,3.94,citrus,aromatic,fresh spicy
women,3.94,sweet,fruity,citrus
women,3.94,fruity,citrus,sweet
women,3.94,vanilla,amber,powdery
women,3.94,sweet,fruity,vanilla
unisex,3.94,aromatic,woody,white floral
men,3.94,leather,amber,warm spicy
men,3.94,aromatic,citrus,green
unisex,3.94,floral,citrus,sweet
unisex,3.94,citrus,woody,aromatic
women,3.94,tropical,vanilla,fruity
unisex,3.94,leather,yellow floral,oud
unisex,3.94,warm spicy,woody,oud
women,3.94,white floral,citrus,tuberose
women,3.94,white floral,vanilla,mossy
women,3.94,vanilla,powdery,musky
men,3.94,musky,woody,powdery
men,3.94,woody,amber,fresh spicy
unisex,3.94,lactonic,woody,sweet
unisex,3.94,warm spicy,amber,leather
women,3.94,fruity,musky,powdery
unisex,3.94,sweet,fruity,aromatic
unisex,3.94,sweet,woody,aromatic
unisex,3.94,citrus,floral,white floral
women,3.94,fruity,sweet,citrus
women,3.94,floral,citrus,fruity
women,3.94,leather,oud,warm spicy
women,3.94,woody,yellow floral,powdery
women,3.94,floral,fresh,fruity
unisex,3.94,white floral,citrus,sweet
unisex,3.94,warm spicy,woody,sweet
women,3.94,white floral,mossy,fresh
women,3.94,rose,citrus,vanilla
women,3.94,vanilla,coffee,white floral
women,3.94,amber,warm spicy,balsamic
women,3.94,fruity,rose,musky
women,3.94,fruity,woody,sweet
women,3.94,musky,salty,powdery
women,3.94,white floral,citrus,vanilla
women,3.94,white floral,fruity,patchouli
women,3.94,fruity,white floral,sweet
women,3.94,green,woody,iris
women,3.94,fruity,sweet,vanilla
women,3.94,almond,sweet,floral
men,3.94,citrus,amber,sweet
men,3.94,warm spicy,fruity,patchouli
unisex,3.94,powdery,yellow floral,floral
women,3.94,floral,musky,aromatic
women,3.94,floral,fruity,fresh
women,3.94,woody,fruity,sweet
women,3.94,fruity,sweet,white floral
women,3.94,rose,floral,citrus
women,3.94,rose,caramel,sweet
women,3.94,floral,citrus,white floral
men,3.94,woody,warm spicy,aromatic
men,3.94,amber,green,woody
unisex,3.94,woody,aromatic,lavender
women,3.94,white floral,powdery,citrus
men,3.94,aromatic,citrus,marine
men,3.94,green,aromatic,fresh spicy
women,3.94,white floral,tuberose,amber
women,3.94,amber,woody,citrus
men,3.94,aromatic,warm spicy,woody
women,3.94,rose,fruity,citrus
women,3.94,white floral,woody,green
men,3.94,aromatic,fresh spicy,herbal
women,3.94,white floral,tuberose,yellow floral
women,3.94,citrus,fresh spicy,warm spicy
women,3.94,citrus,woody,rose
men,3.94,warm spicy,citrus,woody
men,3.94,aromatic,warm spicy,marine
men,3.94,woody,green,aromatic
men,3.94,aromatic,citrus,fresh spicy
women,3.94,warm spicy,white floral,powdery
men,3.94,woody,fresh spicy,fruity
women,3.94,fruity,powdery,sweet
women,3.94,floral,sweet,fruity
women,3.94,musky,powdery,ozonic
unisex,3.94,aromatic,citrus,amber
women,3.94,fruity,fresh,sweet
women,3.94,woody,citrus,aromatic
women,3.94,white floral,citrus,woody
women,3.94,floral,citrus,fruity
women,3.94,amber,warm spicy,woody
unisex,3.94,sweet,citrus,tropical
men,3.94,citrus,woody,warm spicy
unisex,3.94,tobacco,sweet,smoky
unisex,3.94,woody,fresh spicy,aromatic
men,3.94,aromatic,fresh spicy,citrus
unisex,3.94,amber,woody,warm spicy
unisex,3.94,powdery,iris,fruity
unisex,3.94,woody,sweet,aromatic
unisex,3.94,green,fresh spicy,warm spicy
women,3.94,white floral,woody,yellow floral
women,3.94,vanilla,powdery,musky
unisex,3.94,amber,aromatic,cannabis
women,3.94,fruity,sweet,vanilla
unisex,3.94,aromatic,amber,woody
unisex,3.94,woody,fruity,warm spicy
women,3.94,woody,sweet,vanilla
women,3.94,powdery,violet,floral
women,3.94,citrus,floral,fresh
women,3.94,fruity,sweet,white floral
women,3.94,sweet,vanilla,fruity
women,3.94,floral,white floral,rose
women,3.94,rose,oud,vanilla
unisex,3.94,woody,marine,aromatic
unisex,3.94,green,citrus,warm spicy
women,3.94,floral,fresh,white floral
unisex,3.94,woody,aromatic,powdery
women,3.94,cherry,amber,sweet
women,3.94,citrus,fruity,sweet
women,3.94,fresh,aquatic,floral
unisex,3.94,floral,white floral,musky
women,3.94,rose,floral,citrus
men,3.94,amber,honey,oud
men,3.94,aromatic,vanilla,warm spicy
women,3.94,white floral,marine,citrus
women,3.94,fruity,sweet,musky
unisex,3.94,sweet,citrus,cacao
women,3.94,fruity,sweet,vanilla
women,3.94,rose,musky,floral
unisex,3.94,woody,iris,earthy
unisex,3.94,green,aromatic,fruity
women,3.94,amber,white floral,fresh
unisex,3.94,citrus,white floral,vanilla
unisex,3.94,vanilla,balsamic,aromatic
men,3.94,aromatic,woody,citrus
women,3.94,floral,fruity,white floral
men,3.94,woody,citrus,fresh spicy
women,3.94,powdery,vanilla,woody
women,3.94,sweet,fruity,powdery
unisex,3.94,aromatic,green,citrus
unisex,3.94,citrus,warm spicy,fresh spicy
women,3.94,citrus,white floral,
unisex,3.94,amber,woody,balsamic
unisex,3.94,sweet,powdery,white floral
unisex,3.94,sweet,fruity,vanilla
women,3.94,powdery,violet,floral
unisex,3.94,woody,fruity,rose
women,3.94,vanilla,almond,sweet
unisex,3.94,rose,woody,floral
men,3.94,vanilla,almond,powdery
unisex,3.94,aromatic,fresh spicy,green
unisex,3.94,fruity,musky,sweet
women,3.94,woody,vanilla,powdery
unisex,3.94,warm spicy,woody,patchouli
women,3.94,powdery,fresh spicy,musky
women,3.94,aromatic,amber,sweet
unisex,3.94,powdery,violet,fruity
unisex,3.94,white floral,floral,fresh
unisex,3.94,tobacco,sweet,vanilla
men,3.94,amber,vanilla,leather
men,3.94,fresh spicy,leather,amber
men,3.94,woody,aromatic,citrus
unisex,3.94,white floral,citrus,green
unisex,3.94,fruity,woody,sweet
unisex,3.94,citrus,white floral,aromatic
women,3.94,amber,fruity,sweet
unisex,3.94,vanilla,amber,powdery
unisex,3.94,warm spicy,woody,musky
women,3.94,sweet,fruity,caramel
unisex,3.94,citrus,aquatic,floral
women,3.94,aromatic,citrus,musky
unisex,3.94,vanilla,sweet,floral
women,3.94,fruity,woody,vanilla
unisex,3.94,aromatic,woody,fruity
unisex,3.94,fruity,powdery,ozonic
women,3.94,white floral,citrus,green
unisex,3.94,woody,powdery,citrus
unisex,3.94,powdery,leather,rose
unisex,3.94,coffee,warm spicy,lactonic
women,3.94,vanilla,aquatic,fresh
unisex,3.94,sweet,rose,fruity
women,3.94,citrus,white floral,sweet
unisex,3.94,floral,vanilla,powdery
women,3.94,floral,citrus,powdery
unisex,3.94,citrus,green,fresh
unisex,3.94,sweet,vanilla,amber
unisex,3.94,sweet,powdery,vanilla
unisex,3.94,aromatic,woody,warm spicy
women,3.94,white floral,powdery,floral
women,3.94,powdery,floral,white floral
women,3.94,fruity,sweet,
women,3.94,woody,white floral,sweet
unisex,3.94,sweet,honey,tobacco
women,3.94,white floral,woody,vanilla
women,3.94,vanilla,green,fruity
women,3.94,vanilla,powdery,amber
women,3.94,sweet,fruity,rose
women,3.94,powdery,iris,floral
women,3.94,floral,green,herbal
unisex,3.94,green,aromatic,fruity
women,3.94,sweet,floral,vanilla
unisex,3.94,musky,powdery,floral
men,3.94,leather,floral,citrus
unisex,3.94,woody,white floral,rose
women,3.94,fruity,powdery,sweet
women,3.94,fruity,citrus,aromatic
women,3.94,white floral,rose,floral
unisex,3.94,warm spicy,oud,amber
women,3.94,fruity,sweet,floral
women,3.94,floral,powdery,violet
women,3.94,musky,powdery,vanilla
unisex,3.94,powdery,iris,woody
unisex,3.94,powdery,iris,yellow floral
unisex,3.94,amber,woody,vanilla
women,3.94,sweet,amber,fruity
men,3.94,fresh,fruity,aromatic
unisex,3.94,fruity,citrus,sweet
women,3.94,floral,vanilla,sweet
women,3.94,fruity,fresh,floral
women,3.94,sweet,fruity,vanilla
unisex,3.94,leather,herbal,animalic
women,3.94,musky,amber,powdery
unisex,3.94,oud,woody,amber
women,3.94,vanilla,powdery,fruity
men,3.94,fresh spicy,woody,aromatic
women,3.94,citrus,white floral,rose
women,3.94,citrus,green,woody
women,3.94,fruity,sweet,floral
women,3.94,fresh spicy,citrus,floral
unisex,3.94,rose,musky,fresh spicy
women,3.94,fruity,vanilla,sweet
men,3.94,woody,fruity,powdery
men,3.94,aromatic,aquatic,marine
unisex,3.94,citrus,earthy,aromatic
unisex,3.94,coconut,marine,aromatic
women,3.94,fruity,green,white floral
women,3.94,citrus,aromatic,floral
women,3.94,musky,leather,soft spicy
women,3.94,green,rose,floral
women,3.94,fruity,sweet,warm spicy
women,3.94,aromatic,woody,fresh spicy
unisex,3.94,warm spicy,rose,amber
unisex,3.94,citrus,fresh spicy,
unisex,3.94,woody,earthy,citrus
women,3.94,floral,powdery,woody
women,3.94,woody,warm spicy,white floral
women,3.94,warm spicy,woody,citrus
unisex,3.94,fruity,rose,citrus
women,3.94,oud,caramel,woody
men,3.95,musky,powdery,
women,3.95,fruity,floral,rose
men,3.95,almond,vanilla,powdery
unisex,3.95,warm spicy,amber,aromatic
unisex,3.95,citrus,woody,musky
men,3.95,warm spicy,fresh spicy,amber
men,3.95,fresh spicy,tobacco,warm spicy
women,3.95,fruity,sweet,citrus
women,3.95,white floral,vanilla,citrus
women,3.95,fruity,floral,powdery
women,3.95,cacao,fruity,woody
women,3.95,floral,vanilla,woody
women,3.95,fruity,amber,yellow floral
women,3.95,fruity,marine,citrus
men,3.95,fresh spicy,aromatic,warm spicy
men,3.95,woody,aromatic,lavender
unisex,3.95,fruity,citrus,green
unisex,3.95,musky,powdery,leather
women,3.95,floral,fruity,fresh
women,3.95,tropical,sweet,fruity
unisex,3.95,woody,fresh spicy,fruity
women,3.95,white floral,citrus,floral
women,3.95,fruity,citrus,woody
women,3.95,citrus,musky,powdery
women,3.95,floral,warm spicy,powdery
women,3.95,powdery,iris,vanilla
women,3.95,patchouli,powdery,iris
women,3.95,tuberose,vanilla,white floral
unisex,3.95,amber,oud,white floral
women,3.95,green,rose,woody
unisex,3.95,white floral,aromatic,herbal
unisex,3.95,aromatic,woody,sand
women,3.95,fruity,floral,citrus
women,3.95,floral,white floral,green
women,3.95,woody,musky,citrus
women,3.95,citrus,warm spicy,white floral
men,3.95,citrus,aromatic,woody
women,3.95,citrus,woody,floral
women,3.95,sweet,vanilla,warm spicy
women,3.95,floral,rose,fresh
men,3.95,woody,leather,smoky
men,3.95,citrus,woody,amber
men,3.95,aromatic,fresh spicy,green
unisex,3.95,white floral,musky,floral
women,3.95,floral,citrus,fresh spicy
women,3.95,white floral,rose,fruity
women,3.95,floral,rose,fresh
women,3.95,citrus,white floral,rose
women,3.95,vanilla,citrus,warm spicy
women,3.95,woody,leather,patchouli
women,3.95,aromatic,green,marine
women,3.95,fruity,sweet,citrus
women,3.95,fruity,sweet,tropical
women,3.95,citrus,white floral,marine
women,3.95,earthy,mossy,woody
women,3.95,warm spicy,white floral,woody
unisex,3.95,iris,citrus,green
women,3.95,vanilla,amber,aromatic
unisex,3.95,powdery,woody,iris
unisex,3.95,citrus,floral,woody
unisex,3.95,fruity,sweet,woody
unisex,3.95,white floral,sweet,vanilla
men,3.95,citrus,amber,vanilla
unisex,3.95,amber,warm spicy,patchouli
women,3.95,vanilla,fruity,rose
women,3.95,white floral,citrus,cherry
women,3.95,citrus,floral,white floral
unisex,3.95,floral,citrus,musky
men,3.95,amber,woody,warm spicy
women,3.95,citrus,white floral,fruity
women,3.95,fruity,citrus,woody
women,3.95,citrus,aromatic,white floral
women,3.95,white floral,fresh spicy,woody
men,3.95,citrus,aromatic,lavender
women,3.95,rose,fruity,musky
women,3.95,sweet,vanilla,floral
unisex,3.95,warm spicy,vanilla,amber
women,3.95,white floral,citrus,floral
men,3.95,woody,aromatic,conifer
women,3.95,floral,white floral,vanilla
men,3.95,aromatic,warm spicy,lavender
women,3.95,fruity,sweet,rose
unisex,3.95,green,woody,fresh
women,3.95,fruity,sweet,fresh
women,3.95,floral,sweet,fruity
women,3.95,sweet,vanilla,woody
women,3.95,sweet,fruity,amber
unisex,3.95,tuberose,musky,white floral
unisex,3.95,leather,smoky,warm spicy
women,3.95,floral,citrus,fresh
women,3.95,almond,sweet,cherry
women,3.95,white floral,citrus,vanilla
women,3.95,sweet,rose,vanilla
women,3.95,fruity,rose,sweet
unisex,3.95,powdery,musky,
women,3.95,citrus,floral,aromatic
unisex,3.95,citrus,white floral,fresh
women,3.95,citrus,woody,fresh spicy
women,3.95,powdery,floral,almond
women,3.95,floral,citrus,tropical
women,3.95,aquatic,fruity,fresh
unisex,3.95,woody,fruity,aromatic
men,3.95,citrus,amber,sweet
women,3.95,sweet,patchouli,caramel
unisex,3.95,woody,rose,warm spicy
unisex,3.95,white floral,tuberose,vanilla
unisex,3.95,woody,citrus,aromatic
women,3.95,yellow floral,powdery,fruity
unisex,3.95,rose,musky,citrus
unisex,3.95,white floral,floral,honey
unisex,3.95,citrus,floral,aromatic
unisex,3.95,woody,leather,amber
men,3.95,fruity,sweet,aromatic
women,3.95,rose,musky,woody
women,3.95,white floral,woody,fruity
women,3.95,sweet,warm spicy,cinnamon
women,3.95,fruity,vanilla,amber
women,3.95,lavender,musky,powdery
women,3.95,warm spicy,floral,woody
women,3.95,woody,fresh spicy,warm spicy
men,3.95,woody,aromatic,fruity
women,3.95,cinnamon,warm spicy,vanilla
women,3.95,green,floral,citrus
men,3.95,citrus,fresh spicy,tropical
men,3.95,woody,citrus,aromatic
unisex,3.95,woody,aromatic,warm spicy
women,3.95,fruity,floral,woody
unisex,3.95,rose,warm spicy,oud
unisex,3.95,citrus,musky,powdery
men,3.95,citrus,honey,leather
women,3.95,vanilla,white floral,sweet
unisex,3.95,floral,rose,sweet
women,3.95,citrus,white floral,floral
women,3.95,woody,sweet,fruity
women,3.95,white floral,tuberose,fruity
women,3.95,fresh spicy,aromatic,warm spicy
unisex,3.95,citrus,aromatic,white floral
women,3.95,floral,sweet,woody
men,3.95,woody,aromatic,warm spicy
women,3.95,citrus,white floral,fruity
women,3.95,citrus,fruity,fresh spicy
women,3.95,musky,powdery,vanilla
unisex,3.95,citrus,aromatic,fresh spicy
unisex,3.95,aromatic,woody,marine
unisex,3.95,citrus,white floral,fresh spicy
men,3.95,green,fresh spicy,citrus
women,3.95,lactonic,floral,powdery
men,3.95,woody,citrus,fruity
men,3.95,citrus,musky,soft spicy
women,3.95,sweet,vanilla,woody
unisex,3.95,citrus,leather,green
women,3.95,powdery,woody,iris
unisex,3.95,fruity,amber,sweet
women,3.95,yellow floral,amber,vanilla
women,3.95,coffee,aromatic,vanilla
women,3.95,warm spicy,amber,citrus
women,3.95,amber,sweet,vanilla
women,3.95,floral,citrus,tropical
men,3.95,warm spicy,citrus,aromatic
women,3.95,floral,rose,fresh
men,3.95,aquatic,fruity,woody
men,3.95,iris,musky,floral
men,3.95,aquatic,citrus,green
men,3.95,coconut,woody,fruity
men,3.95,citrus,cinnamon,woody
women,3.95,floral,fresh,powdery
women,3.95,citrus,fresh,floral
women,3.95,powdery,musky,white floral
women,3.95,floral,woody,fruity
women,3.95,aromatic,woody,earthy
men,3.95,green,woody,citrus
unisex,3.95,citrus,green,amber
women,3.95,floral,citrus,powdery
men,3.95,green,fruity,floral
women,3.95,citrus,warm spicy,amber
women,3.95,warm spicy,woody,patchouli
men,3.95,woody,aromatic,citrus
unisex,3.95,fruity,leather,tropical
unisex,3.95,sweet,warm spicy,vanilla
women,3.95,citrus,green,fresh spicy
women,3.95,fruity,sweet,floral
unisex,3.95,woody,fresh spicy,green
unisex,3.95,powdery,floral,iris
women,3.95,warm spicy,woody,cinnamon
women,3.95,sweet,fruity,citrus
women,3.95,woody,sweet,warm spicy
women,3.95,fruity,sweet,floral
women,3.95,sweet,floral,fruity
men,3.95,woody,fruity,green
women,3.95,citrus,floral,fresh
unisex,3.95,vanilla,fresh spicy,amber
men,3.95,fresh spicy,citrus,leather
unisex,3.95,woody,musky,floral
men,3.95,citrus,woody,amber
unisex,3.95,citrus,marine,salty
men,3.95,citrus,marine,aromatic
unisex,3.95,soft spicy,aromatic,woody
women,3.95,fruity,warm spicy,rose
unisex,3.95,leather,woody,fruity
unisex,3.95,rose,aromatic,fresh spicy
women,3.95,fruity,tropical,sweet
women,3.95,fruity,sweet,tropical
unisex,3.95,woody,aromatic,oud
women,3.95,powdery,violet,soft spicy
unisex,3.95,amber,woody,patchouli
women,3.95,powdery,violet,floral
unisex,3.95,chocolate,lactonic,vanilla
unisex,3.95,fresh spicy,aromatic,warm spicy
unisex,3.95,citrus,aromatic,green
women,3.95,vanilla,white floral,sweet
men,3.95,warm spicy,patchouli,coffee
women,3.95,floral,white floral,fruity
men,3.95,aromatic,woody,fresh spicy
women,3.95,rose,white floral,citrus
women,3.95,sweet,lactonic,citrus
men,3.95,leather,citrus,vanilla
women,3.95,woody,sweet,patchouli
men,3.95,citrus,aromatic,woody
women,3.95,powdery,floral,green
women,3.95,rose,patchouli,warm spicy
unisex,3.95,honey,floral,sweet
women,3.95,white floral,floral,green
women,3.95,warm spicy,amber,vanilla
women,3.95,woody,white floral,floral
women,3.95,sweet,white floral,vanilla
women,3.95,fruity,sweet,rose
men,3.95,musky,white floral,powdery
women,3.95,amber,floral,balsamic
unisex,3.95,amber,leather,vanilla
men,3.95,woody,powdery,vanilla
women,3.95,fruity,sweet,powdery
women,3.95,almond,sweet,nutty
men,3.95,warm spicy,woody,amber
men,3.95,amber,aromatic,citrus
women,3.95,woody,amber,white floral
women,3.95,vanilla,sweet,patchouli
unisex,3.95,citrus,green,musky
women,3.95,sweet,floral,honey
unisex,3.95,citrus,warm spicy,fresh spicy
women,3.95,vanilla,white floral,powdery
unisex,3.95,floral,citrus,white floral
men,3.95,aquatic,citrus,fresh
unisex,3.95,amber,warm spicy,woody
unisex,3.95,white floral,musky,powdery
men,3.95,aromatic,warm spicy,fresh spicy
women,3.95,fruity,sweet,white floral
unisex,3.95,citrus,woody,warm spicy
men,3.95,aromatic,citrus,green
women,3.95,fruity,woody,powdery
unisex,3.95,fruity,rose,floral
unisex,3.95,almond,vanilla,nutty
women,3.95,floral,citrus,fruity
women,3.95,aquatic,citrus,ozonic
women,3.95,citrus,aromatic,fresh spicy
unisex,3.95,soft spicy,sweet,anis
men,3.95,woody,warm spicy,cinnamon
women,3.95,white floral,amber,citrus
unisex,3.95,fruity,sweet,white floral
women,3.95,fresh,floral,aquatic
women,3.95,white floral,tuberose,
unisex,3.95,vanilla,woody,aromatic
unisex,3.95,leather,warm spicy,metallic
women,3.95,sweet,white floral,vanilla
women,3.95,white floral,green,citrus
women,3.95,aromatic,lavender,fresh spicy
women,3.95,green,fruity,rose
men,3.95,citrus,woody,ozonic
women,3.95,fruity,sweet,floral
unisex,3.95,fresh spicy,aromatic,warm spicy
unisex,3.95,sweet,citrus,white floral
women,3.95,woody,floral,powdery
unisex,3.95,chocolate,warm spicy,citrus
women,3.95,ozonic,aquatic,fruity
women,3.95,vanilla,powdery,amber
men,3.95,aromatic,vanilla,soft spicy
unisex,3.95,amber,warm spicy,sweet
women,3.95,amber,woody,warm spicy
women,3.95,floral,fresh,rose
women,3.95,white floral,honey,patchouli
unisex,3.95,fruity,amber,sweet
women,3.95,vanilla,musky,sweet
men,3.95,fresh,fruity,woody
women,3.95,citrus,amber,fresh
women,3.95,white floral,citrus,musky
unisex,3.95,aromatic,fresh spicy,vanilla
men,3.95,aromatic,woody,fresh spicy
unisex,3.95,woody,iris,earthy
women,3.95,white floral,amber,sweet
unisex,3.95,amber,woody,warm spicy
unisex,3.95,amber,woody,vanilla
men,3.95,aromatic,woody,citrus
women,3.95,rose,fruity,warm spicy
women,3.95,sweet,white floral,fruity
women,3.95,floral,white floral,fruity
women,3.95,rose,floral,fresh
women,3.95,white floral,tuberose,citrus
unisex,3.95,woody,aromatic,leather
unisex,3.95,aquatic,ozonic,fresh
unisex,3.95,warm spicy,amber,white floral
unisex,3.95,citrus,warm spicy,fresh spicy
unisex,3.95,aromatic,green,woody
men,3.95,fresh spicy,aromatic,citrus
women,3.95,white floral,citrus,tuberose
women,3.95,white floral,honey,tuberose
unisex,3.95,amber,warm spicy,earthy
unisex,3.95,fresh,ozonic,sweet
women,3.95,vanilla,fruity,sweet
women,3.95,fruity,powdery,woody
women,3.95,powdery,ozonic,vanilla
unisex,3.95,amber,warm spicy,balsamic
unisex,3.95,citrus,green,fresh spicy
unisex,3.95,citrus,aromatic,woody
men,3.95,amber,warm spicy,fresh spicy
women,3.95,citrus,aromatic,green
women,3.95,fruity,sweet,white floral
unisex,3.95,green,vanilla,nutty
unisex,3.95,rose,fresh spicy,aromatic
unisex,3.95,white floral,aromatic,floral
women,3.95,floral,white floral,green
unisex,3.95,citrus,aromatic,warm spicy
women,3.95,floral,powdery,fruity
men,3.95,woody,citrus,aromatic
women,3.95,green,white floral,musky
men,3.95,vanilla,amber,warm spicy
unisex,3.95,woody,aromatic,citrus
men,3.95,warm spicy,woody,musky
women,3.95,citrus,aromatic,fresh spicy
women,3.95,citrus,woody,aromatic
unisex,3.95,woody,aromatic,amber
women,3.95,citrus,aromatic,green
unisex,3.95,citrus,fresh spicy,aromatic
women,3.95,fresh,green,fruity
men,3.95,warm spicy,aromatic,tobacco
women,3.95,sweet,fruity,vanilla
unisex,3.95,leather,animalic,amber
men,3.95,citrus,aromatic,white floral
men,3.95,citrus,aromatic,fresh spicy
women,3.95,fruity,sweet,fresh spicy
women,3.95,fruity,almond,amber
unisex,3.95,warm spicy,oud,amber
unisex,3.95,woody,warm spicy,powdery
unisex,3.95,fruity,sweet,almond
unisex,3.95,woody,white floral,citrus
women,3.95,vanilla,fruity,sweet
women,3.95,amber,woody,patchouli
men,3.95,woody,aromatic,green
unisex,3.95,citrus,sweet,vanilla
unisex,3.95,citrus,woody,warm spicy
women,3.95,sweet,aldehydic,fresh
unisex,3.95,sweet,citrus,fruity
unisex,3.95,citrus,white floral,fresh spicy
unisex,3.96,citrus,floral,fresh
women,3.96,fruity,woody,sweet
women,3.96,white floral,green,floral
women,3.96,patchouli,sweet,woody
men,3.96,fruity,sweet,woody
men,3.96,powdery,woody,cherry
men,3.96,aromatic,lavender,green
women,3.96,vanilla,woody,sweet
women,3.96,patchouli,iris,woody
women,3.96,rose,woody,iris
women,3.96,floral,sweet,vanilla
women,3.96,sweet,fruity,cherry
women,3.96,aromatic,floral,amber
men,3.96,warm spicy,citrus,woody
women,3.96,vanilla,sweet,powdery
unisex,3.96,green,fresh,woody
unisex,3.96,sweet,warm spicy,woody
women,3.96,white floral,ozonic,aquatic
women,3.96,citrus,sweet,ozonic
women,3.96,sweet,fruity,cherry
women,3.96,rose,aromatic,fruity
women,3.96,fruity,amber,sweet
women,3.96,floral,woody,fresh spicy
women,3.96,powdery,iris,green
unisex,3.96,powdery,leather,violet
unisex,3.96,amber,vanilla,woody
women,3.96,coconut,citrus,rum
unisex,3.96,citrus,fresh,woody
unisex,3.96,aquatic,fresh,green
men,3.96,aquatic,green,citrus
women,3.96,sweet,caramel,iris
women,3.96,citrus,woody,leather
unisex,3.96,woody,fresh spicy,aromatic
women,3.96,white floral,floral,fresh spicy
women,3.96,rose,patchouli,vanilla
women,3.96,floral,vanilla,powdery
unisex,3.96,floral,aquatic,ozonic
men,3.96,citrus,ozonic,aromatic
women,3.96,sweet,aquatic,floral
men,3.96,woody,citrus,aquatic
women,3.96,powdery,iris,woody
unisex,3.96,oud,warm spicy,woody
unisex,3.96,citrus,sweet,iris
women,3.96,violet,powdery,fruity
women,3.96,rose,aromatic,woody
men,3.96,sweet,aromatic,fruity
women,3.96,iris,powdery,musky
women,3.96,white floral,tuberose,animalic
women,3.96,woody,musky,citrus
women,3.96,fruity,sweet,white floral
unisex,3.96,woody,aromatic,fresh spicy
women,3.96,fruity,green,floral
unisex,3.96,iris,sweet,powdery
men,3.96,woody,vanilla,citrus
women,3.96,floral,woody,fruity
men,3.96,aromatic,fresh spicy,citrus
women,3.96,citrus,woody,floral
unisex,3.96,aromatic,woody,fresh spicy
women,3.96,woody,patchouli,musky
women,3.96,amber,white floral,powdery
women,3.96,woody,fruity,aldehydic
women,3.96,vanilla,floral,powdery
unisex,3.96,animalic,white floral,amber
men,3.96,aromatic,green,fresh spicy
women,3.96,woody,fruity,patchouli
women,3.96,iris,almond,amber
women,3.96,white floral,tuberose,sweet
women,3.96,floral,rose,fresh
unisex,3.96,citrus,lavender,yellow floral
women,3.96,citrus,aromatic,fresh spicy
women,3.96,floral,fresh,powdery
women,3.96,rose,citrus,vanilla
men,3.96,woody,aromatic,lavender
men,3.96,aromatic,leather,floral
men,3.96,vanilla,aromatic,lavender
women,3.96,warm spicy,woody,leather
women,3.96,floral,citrus,sweet
women,3.96,rose,oud,floral
women,3.96,floral,fresh spicy,fruity
unisex,3.96,woody,yellow floral,sweet
women,3.96,rose,musky,woody
unisex,3.96,woody,warm spicy,leather
women,3.96,musky,fruity,sweet
women,3.96,fruity,rose,sweet
unisex,3.96,woody,amber,citrus
unisex,3.96,tuberose,vanilla,floral
women,3.96,tropical,sweet,vanilla
women,3.96,warm spicy,rose,cacao
women,3.96,soft spicy,sweet,powdery
women,3.96,sweet,soft spicy,powdery
unisex,3.96,white floral,tuberose,woody
women,3.96,rose,floral,musky
women,3.96,sweet,caramel,fruity
women,3.96,citrus,cherry,fruity
unisex,3.96,white floral,fruity,woody
women,3.96,citrus,white floral,fresh
women,3.96,sweet,fruity,vanilla
unisex,3.96,citrus,aromatic,woody
men,3.96,powdery,woody,rose
unisex,3.96,floral,fruity,citrus
women,3.96,citrus,floral,tuberose
unisex,3.96,powdery,rose,fruity
women,3.96,caramel,sweet,amber
women,3.96,floral,fruity,citrus
women,3.96,rose,woody,fresh spicy
women,3.96,amber,woody,fresh spicy
women,3.96,fruity,sweet,citrus
women,3.96,citrus,woody,aromatic
women,3.96,white floral,floral,vanilla
unisex,3.96,rose,fresh spicy,aromatic
unisex,3.96,woody,musky,fresh spicy
men,3.96,woody,fresh spicy,fruity
women,3.96,amber,warm spicy,floral
women,3.96,floral,powdery,almond
unisex,3.96,amber,woody,powdery
women,3.96,fruity,patchouli,floral
men,3.96,amber,woody,citrus
men,3.96,aromatic,citrus,woody
men,3.96,woody,warm spicy,aromatic
women,3.96,white floral,floral,fruity
unisex,3.96,fruity,green,fresh
unisex,3.96,vanilla,powdery,woody
unisex,3.96,vanilla,caramel,fresh spicy
unisex,3.96,aromatic,woody,citrus
men,3.96,warm spicy,woody,citrus
men,3.96,warm spicy,aromatic,woody
women,3.96,fruity,floral,white floral
men,3.96,aromatic,warm spicy,woody
women,3.96,powdery,fruity,sweet
women,3.96,fruity,violet,powdery
women,3.96,citrus,fresh spicy,sweet
women,3.96,citrus,woody,fresh spicy
women,3.96,caramel,sweet,citrus
women,3.96,powdery,violet,iris
men,3.96,green,aromatic,ozonic
women,3.96,citrus,white floral,fruity
women,3.96,amber,woody,balsamic
women,3.96,sweet,vanilla,fruity
women,3.96,warm spicy,amber,woody
women,3.96,sweet,cherry,fruity
men,3.96,woody,fresh spicy,warm spicy
women,3.96,citrus,floral,woody
women,3.96,tuberose,sweet,vanilla
men,3.96,fresh spicy,white floral,woody
women,3.96,floral,sweet,fruity
women,3.96,sweet,vanilla,tuberose
women,3.96,sweet,woody,warm spicy
women,3.96,fruity,vanilla,sweet
men,3.96,amber,fresh spicy,aromatic
men,3.96,woody,aromatic,fresh spicy
men,3.96,aquatic,warm spicy,patchouli
unisex,3.96,leather,fresh spicy,warm spicy
women,3.96,white floral,citrus,floral
women,3.96,vanilla,fruity,sweet
women,3.96,white floral,fruity,fresh
unisex,3.96,ozonic,musky,woody
women,3.96,vanilla,woody,powdery
women,3.96,fruity,sweet,almond
women,3.96,citrus,aromatic,fresh spicy
women,3.96,fruity,floral,citrus
men,3.96,fruity,fresh spicy,warm spicy
men,3.96,citrus,aromatic,fresh spicy
women,3.96,white floral,sweet,powdery
women,3.96,fruity,sweet,floral
women,3.96,white floral,fruity,woody
women,3.96,amber,woody,soft spicy
unisex,3.96,floral,marine,salty
men,3.96,citrus,aldehydic,fresh
women,3.96,sweet,aromatic,soft spicy
men,3.96,woody,aromatic,citrus
men,3.96,fresh spicy,citrus,woody
men,3.96,warm spicy,aromatic,citrus
unisex,3.96,citrus,amber,powdery
men,3.96,fresh spicy,citrus,warm spicy
men,3.96,citrus,aromatic,
unisex,3.96,amber,balsamic,woody
men,3.96,aromatic,citrus,woody
men,3.96,fresh spicy,woody,leather
women,3.96,aromatic,soft spicy,woody
men,3.96,citrus,fruity,sweet
women,3.96,woody,powdery,violet
unisex,3.96,herbal,aromatic,soft spicy
unisex,3.96,woody,fruity,aromatic
women,3.96,tropical,floral,woody
women,3.96,citrus,white floral,musky
men,3.96,woody,tobacco,amber
women,3.96,floral,fresh,fruity
men,3.96,citrus,aromatic,woody
women,3.96,citrus,white floral,sweet
unisex,3.96,leather,fruity,white floral
women,3.96,vanilla,powdery,citrus
unisex,3.96,warm spicy,vanilla,sweet
unisex,3.96,white floral,citrus,aromatic
women,3.96,warm spicy,woody,amber
unisex,3.96,white floral,aromatic,amber
unisex,3.96,woody,aromatic,fresh spicy
unisex,3.96,woody,warm spicy,powdery
women,3.96,citrus,fruity,white floral
men,3.96,green,warm spicy,powdery
men,3.96,aromatic,citrus,marine
unisex,3.96,fresh spicy,woody,amber
unisex,3.96,vanilla,sweet,coconut
unisex,3.96,warm spicy,woody,aromatic
women,3.96,vanilla,powdery,sweet
women,3.96,rose,amber,floral
unisex,3.96,woody,warm spicy,vanilla
women,3.96,citrus,fresh spicy,fruity
unisex,3.96,fruity,sweet,aromatic
unisex,3.96,fresh spicy,citrus,soft spicy
men,3.96,warm spicy,fresh spicy,powdery
women,3.96,green,floral,white floral
women,3.96,fruity,woody,sweet
women,3.96,fruity,floral,aromatic
women,3.96,citrus,floral,woody
women,3.96,rose,floral,musky
women,3.96,sweet,musky,citrus
women,3.96,citrus,floral,white floral
women,3.96,citrus,floral,sweet
unisex,3.96,fresh spicy,aromatic,woody
unisex,3.96,fruity,aromatic,woody
women,3.96,powdery,vanilla,floral
men,3.96,citrus,white floral,sweet
unisex,3.96,floral,citrus,woody
unisex,3.96,amber,soft spicy,leather
men,3.96,warm spicy,aromatic,sweet
unisex,3.96,citrus,white floral,woody
women,3.96,floral,musky,iris
women,3.96,rose,musky,floral
women,3.96,floral,rose,fresh
unisex,3.96,leather,animalic,yellow floral
unisex,3.96,warm spicy,woody,whiskey
unisex,3.96,floral,warm spicy,rose
unisex,3.96,aldehydic,musky,powdery
unisex,3.96,citrus,aromatic,woody
unisex,3.96,woody,caramel,aromatic
women,3.96,woody,warm spicy,patchouli
women,3.96,powdery,white floral,citrus
women,3.96,floral,woody,powdery
women,3.96,fruity,sweet,floral
men,3.96,fresh spicy,aromatic,sweet
men,3.96,warm spicy,aromatic,ozonic
men,3.96,woody,patchouli,white floral
women,3.96,sweet,musky,woody
unisex,3.96,powdery,floral,violet
unisex,3.96,fruity,floral,vanilla
women,3.96,green,fruity,aromatic
unisex,3.96,amber,tobacco,warm spicy
men,3.96,leather,ozonic,aquatic
men,3.96,aromatic,fresh spicy,sweet
women,3.96,citrus,aromatic,fresh spicy
unisex,3.96,powdery,lactonic,vanilla
unisex,3.96,aromatic,citrus,woody
unisex,3.96,amber,leather,woody
unisex,3.96,vanilla,anis,soft spicy
women,3.96,floral,fruity,powdery
women,3.96,fruity,sweet,champagne
women,3.96,woody,warm spicy,rose
women,3.96,amber,rose,woody
women,3.96,lavender,aromatic,fresh spicy
unisex,3.96,green,aromatic,earthy
men,3.96,amber,woody,warm spicy
men,3.96,amber,sweet,fruity
women,3.96,fruity,tuberose,amber
women,3.96,woody,powdery,amber
men,3.96,citrus,fresh spicy,aromatic
women,3.96,floral,rose,fresh
women,3.96,green,floral,rose
women,3.96,citrus,vanilla,floral
women,3.96,musky,citrus,white floral
unisex,3.96,woody,aromatic,amber
unisex,3.96,floral,warm spicy,powdery
women,3.96,leather,smoky,woody
unisex,3.96,white floral,tuberose,woody
unisex,3.96,rose,floral,citrus
unisex,3.96,citrus,green,aromatic
unisex,3.96,woody,amber,aromatic
women,3.96,floral,musky,powdery
men,3.96,aromatic,fresh spicy,citrus
unisex,3.96,woody,floral,white floral
women,3.96,white floral,citrus,sweet
women,3.96,citrus,floral,aquatic
unisex,3.96,green,aromatic,fresh spicy
men,3.96,fresh spicy,aromatic,citrus
unisex,3.96,green,floral,aromatic
women,3.96,powdery,violet,iris
unisex,3.96,aromatic,aquatic,fresh spicy
women,3.96,white floral,fruity,floral
unisex,3.96,tropical,fruity,coconut
unisex,3.96,citrus,fruity,sweet
unisex,3.96,sweet,honey,warm spicy
unisex,3.96,fruity,sweet,amber
women,3.96,warm spicy,woody,fresh spicy
unisex,3.96,woody,amber,warm spicy
unisex,3.96,woody,powdery,rose
unisex,3.96,fruity,sweet,vanilla
men,3.96,aromatic,fresh spicy,citrus
men,3.96,warm spicy,aromatic,fresh spicy
unisex,3.96,fruity,iris,powdery
unisex,3.96,woody,warm spicy,fresh spicy
unisex,3.96,fresh spicy,amber,aromatic
men,3.96,citrus,aromatic,fresh spicy
women,3.96,rose,floral,fresh spicy
men,3.96,aromatic,woody,fresh spicy
men,3.96,citrus,woody,aromatic
women,3.96,earthy,white floral,woody
unisex,3.96,aromatic,fresh,fruity
women,3.96,fruity,sweet,fresh
unisex,3.96,woody,warm spicy,aromatic
women,3.96,woody,amber,iris
women,3.96,floral,sweet,powdery
women,3.96,citrus,floral,tropical
unisex,3.96,warm spicy,leather,white floral
unisex,3.96,amber,warm spicy,vanilla
men,3.96,aromatic,citrus,marine
women,3.96,rose,floral,patchouli
unisex,3.96,sweet,fruity,citrus
unisex,3.96,oud,woody,sweet
women,3.96,fruity,powdery,woody
women,3.96,fruity,citrus,white floral
women,3.96,floral,citrus,rose
women,3.96,powdery,white floral,woody
unisex,3.96,citrus,fruity,sweet
unisex,3.96,floral,fruity,green
men,3.96,amber,citrus,white floral
unisex,3.96,amber,balsamic,vanilla
unisex,3.96,woody,powdery,musky
unisex,3.96,aromatic,woody,savory
women,3.96,floral,aquatic,fresh spicy
women,3.96,citrus,fruity,sweet
women,3.96,floral,fruity,rose
unisex,3.96,white floral,green,aromatic
unisex,3.96,citrus,woody,aromatic
unisex,3.96,fruity,musky,fresh
men,3.96,warm spicy,sweet,woody
women,3.96,aromatic,lavender,green
women,3.96,fruity,musky,floral
unisex,3.96,warm spicy,amber,fresh spicy
unisex,3.96,musky,powdery,floral
unisex,3.96,citrus,woody,powdery
women,3.96,woody,violet,powdery
unisex,3.96,warm spicy,cacao,amber
unisex,3.96,vanilla,fresh spicy,powdery
unisex,3.96,aromatic,citrus,fresh spicy
women,3.97,fruity,citrus,musky
unisex,3.97,powdery,iris,musky
women,3.97,fruity,powdery,musky
men,3.97,warm spicy,aromatic,citrus
men,3.97,warm spicy,citrus,amber
women,3.97,fruity,tropical,sweet
men,3.97,woody,aromatic,fresh spicy
women,3.97,warm spicy,sweet,chocolate
women,3.97,sweet,fruity,vanilla
women,3.97,sweet,fruity,powdery
unisex,3.97,citrus,floral,fresh spicy
unisex,3.97,warm spicy,vanilla,aromatic
men,3.97,woody,violet,powdery
men,3.97,aromatic,fresh spicy,woody
men,3.97,woody,aromatic,whiskey
women,3.97,floral,fresh,fruity
men,3.97,aromatic,warm spicy,soft spicy
men,3.97,citrus,aromatic,marine
women,3.97,white floral,amber,rose
women,3.97,fruity,citrus,sweet
women,3.97,powdery,sweet,citrus
women,3.97,warm spicy,cinnamon,fruity
women,3.97,sweet,fruity,citrus
unisex,3.97,woody,amber,soft spicy
unisex,3.97,woody,warm spicy,powdery
men,3.97,warm spicy,woody,amber
women,3.97,fruity,warm spicy,woody
women,3.97,floral,white floral,sweet
women,3.97,vanilla,sweet,floral
women,3.97,fresh,floral,fruity
unisex,3.97,fresh spicy,powdery,citrus
women,3.97,white floral,floral,citrus
men,3.97,cacao,sweet,warm spicy
women,3.97,sweet,lactonic,iris
unisex,3.97,citrus,powdery,aromatic
women,3.97,citrus,rose,floral
women,3.97,citrus,white floral,sweet
women,3.97,powdery,floral,iris
women,3.97,white floral,floral,musky
women,3.97,white floral,citrus,soft spicy
women,3.97,citrus,fresh spicy,woody
women,3.97,citrus,fresh,floral
women,3.97,white floral,sweet,citrus
unisex,3.97,woody,powdery,floral
unisex,3.97,woody,yellow floral,powdery
women,3.97,powdery,woody,violet
unisex,3.97,woody,floral,warm spicy
unisex,3.97,warm spicy,cherry,cacao
men,3.97,woody,aromatic,fresh spicy
women,3.97,fruity,green,fresh
men,3.97,citrus,aromatic,green
women,3.97,white floral,green,floral
men,3.97,aromatic,woody,citrus
unisex,3.97,aromatic,woody,citrus
women,3.97,citrus,floral,fresh
women,3.97,woody,floral,fruity
women,3.97,rose,musky,floral
unisex,3.97,leather,musky,sweet
unisex,3.97,aromatic,fresh spicy,citrus
men,3.97,leather,powdery,rose
men,3.97,aromatic,vanilla,woody
unisex,3.97,musky,powdery,
women,3.97,rose,citrus,fruity
men,3.97,woody,smoky,citrus
women,3.97,white floral,yellow floral,sweet
women,3.97,fruity,white floral,sweet
women,3.97,fruity,sweet,fresh
unisex,3.97,woody,patchouli,earthy
women,3.97,violet,powdery,green
women,3.97,rose,floral,white floral
women,3.97,citrus,vanilla,floral
women,3.97,rose,sweet,fruity
unisex,3.97,green,aromatic,citrus
men,3.97,warm spicy,leather,vanilla
women,3.97,fruity,floral,fresh
women,3.97,floral,vanilla,white floral
women,3.97,white floral,sweet,citrus
women,3.97,citrus,white floral,floral
women,3.97,rose,fruity,woody
unisex,3.97,powdery,fruity,floral
unisex,3.97,citrus,floral,white floral
women,3.97,tuberose,amber,white floral
men,3.97,woody,oud,leather
women,3.97,sweet,white floral,caramel
women,3.97,floral,rose,white floral
women,3.97,green,white floral,floral
women,3.97,powdery,floral,yellow floral
women,3.97,floral,citrus,sweet
unisex,3.97,patchouli,rose,woody
women,3.97,vanilla,fruity,floral
women,3.97,musky,sweet,white floral
women,3.97,citrus,white floral,fresh
unisex,3.97,rose,oud,warm spicy
unisex,3.97,citrus,aromatic,fresh spicy
women,3.97,citrus,white floral,floral
women,3.97,soft spicy,sweet,anis
women,3.97,fruity,vanilla,sweet
women,3.97,fruity,rose,sweet
unisex,3.97,citrus,woody,aromatic
unisex,3.97,sweet,vanilla,coconut
unisex,3.97,citrus,fruity,sweet
women,3.97,violet,powdery,white floral
women,3.97,amber,soft spicy,warm spicy
unisex,3.97,floral,fruity,sweet
women,3.97,aromatic,iris,floral
unisex,3.97,citrus,floral,fresh
women,3.97,vanilla,whiskey,yellow floral
unisex,3.97,rose,vanilla,coffee
unisex,3.97,oud,leather,fresh spicy
women,3.97,fresh spicy,warm spicy,floral
women,3.97,musky,rose,powdery
women,3.97,fresh spicy,warm spicy,oud
men,3.97,aromatic,woody,lavender
women,3.97,white floral,musky,citrus
men,3.97,fresh spicy,green,aromatic
women,3.97,woody,aromatic,green
men,3.97,fresh spicy,amber,aromatic
women,3.97,fruity,tropical,sweet
unisex,3.97,citrus,aromatic,floral
unisex,3.97,woody,oud,earthy
women,3.97,sweet,fruity,white floral
men,3.97,green,aromatic,fresh spicy
men,3.97,vanilla,sweet,coffee
unisex,3.97,sweet,fruity,powdery
women,3.97,green,citrus,white floral
unisex,3.97,warm spicy,chocolate,fresh spicy
women,3.97,violet,powdery,woody
women,3.97,woody,powdery,floral
men,3.97,aromatic,citrus,fresh spicy
women,3.97,citrus,fruity,sweet
men,3.97,warm spicy,citrus,aromatic
unisex,3.97,woody,warm spicy,fruity
unisex,3.97,fruity,sweet,powdery
unisex,3.97,powdery,musky,rose
unisex,3.97,oud,amber,rose
women,3.97,sweet,floral,honey
unisex,3.97,yellow floral,green,powdery
unisex,3.97,almond,rose,floral
men,3.97,warm spicy,citrus,aromatic
women,3.97,sweet,vanilla,fruity
unisex,3.97,nutty,vanilla,white floral
women,3.97,fruity,sweet,rose
women,3.97,fruity,musky,sweet
women,3.97,floral,powdery,sweet
women,3.97,amber,fruity,sweet
men,3.97,woody,fresh spicy,aromatic
women,3.97,rose,warm spicy,cinnamon
women,3.97,white floral,floral,amber
women,3.97,rose,floral,sand
women,3.97,white floral,citrus,amber
women,3.97,vanilla,powdery,amber
men,3.97,woody,lavender,powdery
unisex,3.97,citrus,aromatic,white floral
women,3.97,floral,rose,musky
women,3.97,white floral,floral,rose
women,3.97,vanilla,white floral,sweet
women,3.97,fruity,powdery,sweet
men,3.97,vanilla,sweet,warm spicy
women,3.97,rose,amber,warm spicy
women,3.97,white floral,citrus,musky
women,3.97,floral,musky,powdery
women,3.97,floral,tropical,fruity
unisex,3.97,woody,white floral,oud
men,3.97,aromatic,woody,fresh spicy
women,3.97,amber,white floral,woody
women,3.97,fruity,floral,citrus
women,3.97,floral,woody,aromatic
women,3.97,aromatic,woody,fresh spicy
men,3.97,woody,citrus,aromatic
women,3.97,floral,woody,powdery
unisex,3.97,fruity,musky,floral
men,3.97,aromatic,woody,aquatic
unisex,3.97,oud,rose,warm spicy
women,3.97,amber,citrus,green
women,3.97,citrus,white floral,warm spicy
men,3.97,fruity,aromatic,fresh spicy
women,3.97,white floral,amber,citrus
women,3.97,rose,sweet,fruity
women,3.97,fruity,floral,powdery
men,3.97,powdery,aquatic,citrus
women,3.97,white floral,citrus,musky
men,3.97,citrus,aromatic,fresh spicy
women,3.97,floral,fresh,white floral
women,3.97,fruity,tropical,floral
women,3.97,white floral,green,fresh
women,3.97,sweet,tropical,coconut
women,3.97,woody,vanilla,sweet
unisex,3.97,woody,rose,powdery
men,3.97,aromatic,woody,citrus
unisex,3.97,citrus,fresh spicy,woody
unisex,3.97,warm spicy,fresh spicy,woody
women,3.97,woody,rose,patchouli
unisex,3.97,warm spicy,woody,vanilla
unisex,3.97,powdery,iris,musky
unisex,3.97,green,warm spicy,yellow floral
unisex,3.97,woody,fresh spicy,warm spicy
women,3.97,citrus,floral,white floral
women,3.97,fruity,powdery,floral
unisex,3.97,rose,warm spicy,oud
unisex,3.97,white floral,tuberose,amber
men,3.97,woody,aromatic,fresh spicy
women,3.97,amber,rose,warm spicy
men,3.97,woody,amber,tobacco
unisex,3.97,citrus,fruity,ozonic
unisex,3.97,citrus,vanilla,warm spicy
unisex,3.97,aromatic,fresh spicy,woody
women,3.97,citrus,white floral,musky
women,3.97,aldehydic,fruity,sweet
men,3.97,aromatic,woody,citrus
men,3.97,aromatic,fresh spicy,woody
men,3.97,amber,citrus,vanilla
unisex,3.97,amber,warm spicy,vanilla
women,3.97,vanilla,powdery,floral
women,3.97,woody,iris,fruity
women,3.97,green,citrus,tuberose
men,3.97,amber,warm spicy,woody
women,3.97,marine,aromatic,floral
women,3.97,white floral,floral,citrus
women,3.97,white floral,floral,sweet
women,3.97,white floral,floral,fruity
women,3.97,floral,rose,vanilla
women,3.97,sweet,cinnamon,warm spicy
women,3.97,sweet,vanilla,fruity
women,3.97,white floral,green,powdery
unisex,3.97,aromatic,woody,lavender
men,3.97,green,aromatic,fresh spicy
unisex,3.97,coconut,vanilla,sweet
women,3.97,amber,vanilla,sweet
unisex,3.97,floral,green,fresh
unisex,3.97,amber,woody,balsamic
women,3.97,fruity,white floral,floral
unisex,3.97,woody,fruity,aromatic
women,3.97,sweet,citrus,vanilla
men,3.97,amber,musky,woody
women,3.97,citrus,white floral,sweet
women,3.97,white floral,woody,honey
women,3.97,powdery,woody,warm spicy
unisex,3.97,woody,powdery,violet
women,3.97,amber,powdery,musky
unisex,3.97,green,fresh spicy,aromatic
unisex,3.97,tobacco,fresh spicy,woody
unisex,3.97,citrus,green,sweet
unisex,3.97,aromatic,leather,woody
unisex,3.97,aromatic,green,fresh spicy
women,3.97,white floral,cacao,amber
women,3.97,powdery,yellow floral,white floral
women,3.97,citrus,floral,sweet
men,3.97,fresh spicy,aromatic,green
women,3.97,warm spicy,aromatic,fruity
women,3.97,rose,tropical,floral
women,3.97,vanilla,sweet,caramel
men,3.97,citrus,aromatic,woody
women,3.97,fruity,sweet,amber
women,3.97,woody,floral,yellow floral
unisex,3.97,warm spicy,cinnamon,sweet
unisex,3.97,fruity,green,aromatic
women,3.97,sweet,patchouli,woody
unisex,3.97,leather,tobacco,animalic
men,3.97,citrus,woody,amber
women,3.97,aromatic,warm spicy,citrus
unisex,3.97,woody,amber,smoky
unisex,3.97,woody,fresh spicy,warm spicy
men,3.97,citrus,aromatic,fresh spicy
women,3.97,fruity,white floral,sweet
women,3.97,fruity,white floral,aquatic
unisex,3.97,woody,balsamic,patchouli
unisex,3.97,herbal,aromatic,green
women,3.97,citrus,rose,woody
men,3.97,aromatic,woody,green
women,3.97,white floral,woody,aldehydic
women,3.97,tuberose,white floral,floral
unisex,3.97,white floral,tuberose,caramel
unisex,3.97,vanilla,amber,warm spicy
unisex,3.97,musky,powdery,amber
men,3.97,citrus,aromatic,fresh spicy
unisex,3.97,citrus,white floral,floral
unisex,3.97,fresh spicy,aromatic,woody
unisex,3.97,sweet,tropical,woody
women,3.97,woody,nutty,sweet
men,3.97,powdery,woody,vanilla
men,3.97,fresh spicy,woody,aromatic
women,3.97,warm spicy,woody,powdery
unisex,3.97,woody,lavender,yellow floral
men,3.97,green,aromatic,fresh spicy
unisex,3.97,woody,green,aromatic
women,3.97,floral,caramel,sweet
women,3.97,woody,vanilla,powdery
unisex,3.97,warm spicy,oud,sweet
women,3.97,floral,clay,ozonic
women,3.97,vanilla,citrus,powdery
women,3.97,woody,fresh,citrus
women,3.97,citrus,aromatic,green
unisex,3.97,amber,powdery,animalic
unisex,3.97,white floral,marine,aromatic
unisex,3.97,amber,fruity,sweet
unisex,3.97,rose,woody,oud
women,3.97,citrus,white floral,iris
unisex,3.97,woody,iris,powdery
unisex,3.97,vanilla,musky,amber
men,3.97,aromatic,fresh spicy,herbal
unisex,3.97,citrus,powdery,white floral
women,3.97,amber,sweet,balsamic
women,3.97,floral,fresh,woody
unisex,3.97,sweet,floral,fruity
unisex,3.97,woody,aromatic,fruity
men,3.97,citrus,fresh spicy,fruity
women,3.97,sweet,white floral,fruity
unisex,3.97,amber,oud,warm spicy
women,3.97,white floral,sweet,fruity
unisex,3.97,yellow floral,floral,sweet
women,3.97,woody,fruity,sweet
unisex,3.97,sweet,fruity,soft spicy
men,3.97,aromatic,citrus,woody
men,3.97,woody,powdery,fresh spicy
women,3.97,fruity,fresh,musky
men,3.97,sweet,musky,powdery
women,3.97,white floral,woody,powdery
men,3.97,sweet,vanilla,iris
women,3.97,amber,powdery,fresh spicy
women,3.97,vanilla,sweet,fruity
women,3.97,white floral,floral,sweet
unisex,3.97,lactonic,sweet,woody
women,3.97,woody,powdery,earthy
unisex,3.97,warm spicy,woody,patchouli
unisex,3.97,aromatic,fruity,green
unisex,3.97,warm spicy,floral,powdery
women,3.97,citrus,sweet,patchouli
women,3.97,white floral,citrus,soft spicy
unisex,3.97,vanilla,fruity,sweet
women,3.97,rose,floral,woody
men,3.97,fresh spicy,aromatic,citrus
men,3.97,amber,citrus,green
women,3.97,floral,white floral,green
women,3.97,white floral,green,floral
women,3.97,woody,citrus,powdery
unisex,3.97,woody,aromatic,powdery
men,3.97,woody,patchouli,earthy
unisex,3.97,citrus,white floral,musky
unisex,3.97,leather,woody,smoky
unisex,3.97,amber,woody,warm spicy
unisex,3.97,amber,vanilla,musky
women,3.97,sweet,fruity,caramel
women,3.97,white floral,citrus,powdery
unisex,3.97,citrus,aromatic,fresh spicy
unisex,3.97,woody,vanilla,lactonic
women,3.97,powdery,woody,citrus
men,3.97,aromatic,citrus,amber
unisex,3.97,caramel,fruity,fresh
unisex,3.97,aromatic,woody,cannabis
unisex,3.97,white floral,tuberose,powdery
unisex,3.97,sweet,cherry,vanilla
unisex,3.97,woody,metallic,cherry
unisex,3.97,amber,warm spicy,coffee
unisex,3.97,warm spicy,woody,citrus
unisex,3.97,white floral,woody,tuberose
unisex,3.97,floral,powdery,citrus
women,3.97,fruity,musky,sweet
women,3.97,floral,violet,powdery
unisex,3.97,woody,aromatic,green
unisex,3.98,woody,warm spicy,amber
women,3.98,lavender,aromatic,citrus
women,3.98,fruity,sweet,powdery
men,3.98,warm spicy,citrus,fresh spicy
women,3.98,fruity,woody,citrus
women,3.98,fruity,sweet,floral
women,3.98,fresh,musky,warm spicy
women,3.98,fruity,woody,floral
women,3.98,fruity,powdery,vanilla
women,3.98,oud,vanilla,fruity
men,3.98,amber,warm spicy,citrus
women,3.98,sweet,fruity,white floral
women,3.98,woody,sweet,fresh spicy
men,3.98,citrus,fresh,aquatic
men,3.98,citrus,aromatic,warm spicy
unisex,3.98,powdery,vanilla,violet
women,3.98,sweet,floral,powdery
women,3.98,sweet,fruity,warm spicy
women,3.98,citrus,fresh,warm spicy
women,3.98,fresh,sweet,fruity
women,3.98,fruity,sweet,woody
women,3.98,green,floral,fresh
women,3.98,patchouli,woody,sweet
unisex,3.98,warm spicy,cacao,fruity
women,3.98,sweet,vanilla,fruity
women,3.98,white floral,almond,sweet
women,3.98,powdery,herbal,floral
men,3.98,amber,aromatic,aquatic
women,3.98,vanilla,citrus,rose
unisex,3.98,woody,aromatic,fresh spicy
unisex,3.98,woody,fruity,sweet
women,3.98,fruity,fresh,floral
unisex,3.98,citrus,aromatic,fresh spicy
women,3.98,white floral,fresh,green
women,3.98,floral,aquatic,woody
women,3.98,floral,woody,green
men,3.98,aromatic,fresh spicy,green
women,3.98,citrus,woody,violet
women,3.98,musky,green,woody
women,3.98,citrus,white floral,floral
women,3.98,white floral,floral,rose
unisex,3.98,citrus,white floral,sweet
unisex,3.98,citrus,woody,aromatic
women,3.98,vanilla,white floral,amber
women,3.98,sweet,fruity,white floral
unisex,3.98,woody,fruity,sweet
women,3.98,leather,rose,warm spicy
men,3.98,aromatic,fresh spicy,citrus
men,3.98,fresh spicy,oud,rose
women,3.98,citrus,floral,woody
women,3.98,woody,amber,balsamic
women,3.98,citrus,vanilla,white floral
unisex,3.98,citrus,woody,aromatic
women,3.98,white floral,sweet,fruity
women,3.98,white floral,floral,fruity
women,3.98,citrus,floral,aquatic
women,3.98,white floral,yellow floral,sweet
women,3.98,warm spicy,fresh spicy,rose
unisex,3.98,warm spicy,oud,musky
unisex,3.98,powdery,woody,iris
women,3.98,fresh,floral,rose
women,3.98,floral,fresh,white floral
women,3.98,citrus,aquatic,fresh
women,3.98,citrus,white floral,sweet
unisex,3.98,warm spicy,iris,musky
women,3.98,white floral,fresh,
women,3.98,white floral,citrus,vanilla
unisex,3.98,woody,powdery,amber
unisex,3.98,amber,white floral,honey
women,3.98,sweet,woody,amber
women,3.98,white floral,yellow floral,floral
women,3.98,woody,citrus,powdery
women,3.98,citrus,green,fresh
women,3.98,sweet,cherry,almond
women,3.98,citrus,lavender,vanilla
women,3.98,white floral,floral,citrus
women,3.98,citrus,white floral,green
men,3.98,aromatic,woody,fresh spicy
men,3.98,warm spicy,aromatic,fresh spicy
men,3.98,citrus,aromatic,soft spicy
women,3.98,white floral,floral,fruity
women,3.98,floral,almond,musky
men,3.98,aromatic,marine,warm spicy
women,3.98,musky,powdery,green
unisex,3.98,rose,floral,patchouli
men,3.98,citrus,aromatic,woody
men,3.98,citrus,green,aromatic
unisex,3.98,green,sweet,woody
women,3.98,fruity,green,woody
women,3.98,white floral,floral,green
unisex,3.98,amber,aromatic,warm spicy
unisex,3.98,leather,aromatic,woody
men,3.98,citrus,woody,aromatic
men,3.98,musky,powdery,leather
women,3.98,white floral,fruity,fresh
unisex,3.98,woody,sweet,oud
unisex,3.98,sweet,woody,vanilla
women,3.98,fruity,lactonic,floral
unisex,3.98,ozonic,aquatic,green
unisex,3.98,fruity,oud,sweet
men,3.98,fruity,sweet,honey
women,3.98,citrus,floral,warm spicy
women,3.98,woody,patchouli,vanilla
women,3.98,woody,warm spicy,powdery
women,3.98,woody,patchouli,warm spicy
women,3.98,warm spicy,woody,fresh spicy
women,3.98,patchouli,fruity,woody
women,3.98,woody,fruity,earthy
women,3.98,nutty,floral,sweet
women,3.98,sweet,fruity,amber
unisex,3.98,citrus,fresh spicy,aromatic
women,3.98,white floral,fruity,powdery
men,3.98,fresh,aromatic,woody
men,3.98,aromatic,fresh spicy,mossy
women,3.98,white floral,fresh spicy,vanilla
women,3.98,tropical,woody,fruity
women,3.98,powdery,musky,violet
women,3.98,yellow floral,powdery,floral
unisex,3.98,amber,leather,powdery
unisex,3.98,white floral,yellow floral,vanilla
women,3.98,white floral,green,woody
men,3.98,woody,aromatic,warm spicy
men,3.98,green,aromatic,woody
women,3.98,fruity,floral,ozonic
women,3.98,citrus,woody,powdery
women,3.98,white floral,citrus,woody
women,3.98,amber,woody,aromatic
men,3.98,aromatic,vanilla,amber
women,3.98,citrus,yellow floral,rose
unisex,3.98,aromatic,fresh spicy,woody
unisex,3.98,woody,aromatic,iris
unisex,3.98,fruity,sweet,fresh
men,3.98,woody,warm spicy,fresh spicy
men,3.98,woody,citrus,warm spicy
women,3.98,sweet,honey,vanilla
women,3.98,rose,floral,woody
women,3.98,floral,green,aldehydic
men,3.98,mossy,earthy,ozonic
unisex,3.98,woody,vanilla,powdery
men,3.98,fresh spicy,aromatic,warm spicy
women,3.98,white floral,fruity,coffee
unisex,3.98,floral,citrus,fruity
women,3.98,white floral,amber,citrus
men,3.98,aromatic,fresh spicy,citrus
women,3.98,tuberose,white floral,green
men,3.98,warm spicy,citrus,sweet
women,3.98,white floral,vanilla,powdery
men,3.98,yellow floral,amber,sweet
women,3.98,fruity,floral,almond
unisex,3.98,sweet,floral,fruity
women,3.98,citrus,sweet,musky
women,3.98,fresh,green,white floral
women,3.98,citrus,green,woody
women,3.98,patchouli,soft spicy,musky
unisex,3.98,vanilla,caramel,amber
women,3.98,white floral,tuberose,floral
men,3.98,aromatic,woody,green
women,3.98,citrus,woody,white floral
unisex,3.98,fruity,floral,sweet
unisex,3.98,aromatic,citrus,fresh spicy
men,3.98,woody,aromatic,green
women,3.98,leather,fresh spicy,green
men,3.98,aromatic,woody,fresh
men,3.98,woody,citrus,floral
women,3.98,powdery,violet,almond
women,3.98,citrus,fresh spicy,aromatic
women,3.98,fruity,green,floral
unisex,3.98,fruity,sweet,marine
men,3.98,citrus,fresh spicy,aromatic
men,3.98,citrus,aromatic,sweet
men,3.98,fresh spicy,fruity,aromatic
women,3.98,amber,floral,citrus
unisex,3.98,warm spicy,aromatic,fresh spicy
unisex,3.98,white floral,vanilla,sweet
unisex,3.98,woody,warm spicy,oud
women,3.98,woody,floral,fresh
men,3.98,citrus,woody,aromatic
women,3.98,woody,rose,musky
men,3.98,amber,smoky,fresh spicy
unisex,3.98,woody,amber,warm spicy
unisex,3.98,amber,oud,warm spicy
women,3.98,warm spicy,woody,amber
unisex,3.98,rose,woody,fresh
unisex,3.98,green,aromatic,woody
unisex,3.98,warm spicy,vanilla,fruity
unisex,3.98,sweet,woody,nutty
unisex,3.98,citrus,woody,green
unisex,3.98,woody,white floral,patchouli
men,3.98,woody,citrus,warm spicy
unisex,3.98,citrus,coconut,aromatic
women,3.98,floral,woody,powdery
women,3.98,fruity,sweet,tropical
men,3.98,sweet,citrus,aromatic
women,3.98,woody,citrus,mossy
women,3.98,sweet,fruity,vanilla
unisex,3.98,floral,marine,fruity
men,3.98,aromatic,citrus,fresh spicy
women,3.98,green,floral,fresh
women,3.98,white floral,powdery,woody
unisex,3.98,vanilla,green,woody
unisex,3.98,woody,oud,rose
women,3.98,citrus,floral,fruity
unisex,3.98,powdery,musky,amber
unisex,3.98,rose,woody,musky
unisex,3.98,woody,oud,amber
women,3.98,woody,floral,rose
women,3.98,woody,earthy,aromatic
unisex,3.98,citrus,coconut,vanilla
women,3.98,powdery,vanilla,sweet
unisex,3.98,woody,patchouli,amber
women,3.98,iris,powdery,floral
women,3.98,vanilla,powdery,sweet
men,3.98,fresh spicy,woody,warm spicy
men,3.98,citrus,vanilla,woody
unisex,3.98,floral,sweet,woody
women,3.98,sweet,coffee,white floral
women,3.98,marine,fruity,aromatic
women,3.98,sweet,fruity,vanilla
unisex,3.98,vanilla,fruity,powdery
unisex,3.98,floral,citrus,fresh
men,3.98,woody,citrus,honey
women,3.98,floral,rose,fresh
women,3.98,amber,citrus,aromatic
unisex,3.98,fruity,floral,rose
women,3.98,white floral,tuberose,sweet
women,3.98,citrus,fruity,white floral
women,3.98,citrus,woody,yellow floral
men,3.98,aromatic,citrus,woody
men,3.98,woody,citrus,fresh spicy
men,3.98,aromatic,woody,citrus
men,3.98,aromatic,woody,citrus
unisex,3.98,woody,aromatic,amber
women,3.98,fruity,rose,floral
men,3.98,woody,aromatic,earthy
men,3.98,aromatic,fresh spicy,citrus
men,3.98,powdery,warm spicy,aromatic
women,3.98,woody,white floral,vanilla
men,3.98,citrus,aromatic,fresh spicy
women,3.98,white floral,cacao,rose
women,3.98,fruity,sweet,green
women,3.98,citrus,white floral,vanilla
unisex,3.98,fresh spicy,woody,floral
women,3.98,floral,fresh,rose
unisex,3.98,rose,warm spicy,amber
women,3.98,vanilla,white floral,woody
women,3.98,woody,green,earthy
unisex,3.98,white floral,floral,citrus
women,3.98,citrus,woody,iris
women,3.98,fruity,aromatic,woody
unisex,3.98,warm spicy,white floral,sweet
unisex,3.98,citrus,fresh spicy,aromatic
women,3.98,soft spicy,patchouli,iris
women,3.98,white floral,rose,musky
women,3.98,fruity,woody,rum
men,3.98,citrus,sweet,woody
men,3.98,citrus,white floral,aromatic
men,3.98,aromatic,fresh spicy,citrus
men,3.98,aromatic,aquatic,musky
unisex,3.98,woody,citrus,aromatic
unisex,3.98,floral,fruity,green
unisex,3.98,vanilla,sweet,caramel
unisex,3.98,woody,leather,sweet
unisex,3.98,vanilla,powdery,earthy
unisex,3.98,fruity,sweet,cherry
unisex,3.98,citrus,powdery,woody
unisex,3.98,musky,sweet,powdery
women,3.98,fruity,rose,floral
women,3.98,powdery,yellow floral,floral
women,3.98,woody,powdery,vanilla
women,3.98,white floral,fruity,ozonic
women,3.98,fresh spicy,floral,woody
men,3.98,warm spicy,citrus,woody
women,3.98,honey,sweet,white floral
women,3.98,coconut,marine,vanilla
men,3.98,woody,warm spicy,aromatic
men,3.98,citrus,aromatic,warm spicy
women,3.98,citrus,aromatic,fresh spicy
unisex,3.98,marine,amber,aquatic
women,3.98,fruity,vanilla,citrus
unisex,3.98,amber,musky,floral
unisex,3.98,lavender,aromatic,fresh spicy
women,3.98,fruity,woody,floral
women,3.98,rose,floral,white floral
women,3.98,woody,patchouli,warm spicy
unisex,3.98,white floral,sweet,citrus
unisex,3.98,almond,warm spicy,fruity
unisex,3.98,warm spicy,cinnamon,woody
women,3.98,sweet,vanilla,coconut
unisex,3.98,sweet,tobacco,leather
unisex,3.98,woody,earthy,amber
women,3.98,oud,rose,fruity
unisex,3.98,aromatic,woody,fresh spicy
women,3.98,floral,powdery,woody
unisex,3.98,sweet,fruity,warm spicy
women,3.98,white floral,tuberose,coconut
men,3.98,aromatic,warm spicy,woody
men,3.98,aromatic,fresh spicy,citrus
women,3.98,citrus,white floral,floral
men,3.98,woody,amber,aromatic
men,3.98,citrus,woody,fruity
men,3.98,citrus,woody,musky
men,3.98,aromatic,fresh spicy,woody
unisex,3.98,woody,amber,vanilla
unisex,3.98,woody,aromatic,warm spicy
women,3.98,rose,floral,fresh spicy
unisex,3.98,aromatic,woody,fresh spicy
unisex,3.98,woody,rose,powdery
unisex,3.98,sweet,lactonic,fruity
unisex,3.98,rose,white floral,aromatic
women,3.98,white floral,green,tuberose
women,3.98,fruity,sweet,woody
unisex,3.98,woody,rum,smoky
unisex,3.98,mossy,citrus,earthy
men,3.98,warm spicy,woody,oud
women,3.98,warm spicy,rose,amber
women,3.98,sweet,citrus,vanilla
unisex,3.98,amber,woody,fresh spicy
men,3.98,amber,warm spicy,woody
unisex,3.98,woody,powdery,warm spicy
women,3.98,floral,powdery,violet
women,3.98,white floral,citrus,musky
women,3.98,almond,white floral,sweet
unisex,3.98,woody,aromatic,amber
unisex,3.98,vanilla,amber,sweet
unisex,3.98,mossy,earthy,white floral
unisex,3.98,citrus,aromatic,fresh spicy
unisex,3.98,citrus,aromatic,woody
women,3.98,aromatic,woody,citrus
women,3.98,woody,sweet,white floral
unisex,3.98,citrus,amber,white floral
unisex,3.98,woody,aromatic,fresh spicy
unisex,3.98,amber,sweet,fruity
men,3.98,aromatic,citrus,marine
unisex,3.98,aromatic,citrus,fresh spicy
men,3.98,aromatic,fresh spicy,citrus
women,3.98,sweet,fruity,floral
unisex,3.98,soft spicy,citrus,vanilla
women,3.98,woody,musky,powdery
women,3.99,powdery,vanilla,iris
women,3.99,powdery,floral,almond
women,3.99,sweet,lactonic,vanilla
women,3.99,sweet,woody,white floral
men,3.99,citrus,woody,aromatic
unisex,3.99,aquatic,amber,woody
unisex,3.99,amber,fruity,vanilla
women,3.99,woody,sweet,warm spicy
men,3.99,musky,woody,soft spicy
unisex,3.99,warm spicy,vanilla,amber
unisex,3.99,citrus,white floral,aromatic
women,3.99,fruity,patchouli,woody
women,3.99,smoky,warm spicy,powdery
women,3.99,floral,vanilla,citrus
women,3.99,vanilla,warm spicy,sweet
unisex,3.99,aromatic,green,woody
women,3.99,mossy,woody,earthy
unisex,3.99,woody,musky,aromatic
women,3.99,vanilla,citrus,floral
women,3.99,fruity,sweet,white floral
unisex,3.99,leather,aldehydic,woody
unisex,3.99,amber,warm spicy,vanilla
women,3.99,citrus,fruity,woody
women,3.99,floral,tropical,fruity
women,3.99,citrus,floral,rose
women,3.99,rose,floral,citrus
unisex,3.99,powdery,yellow floral,floral
women,3.99,aromatic,floral,fresh
women,3.99,floral,powdery,white floral
men,3.99,citrus,aromatic,woody
women,3.99,white floral,fruity,vanilla
women,3.99,fruity,floral,ozonic
women,3.99,white floral,fruity,green
women,3.99,citrus,fresh,white floral
women,3.99,sweet,tropical,fruity
women,3.99,warm spicy,white floral,amber
unisex,3.99,warm spicy,aromatic,citrus
men,3.99,aromatic,vanilla,sweet
women,3.99,floral,salty,citrus
unisex,3.99,amber,warm spicy,woody
women,3.99,fruity,patchouli,honey
women,3.99,woody,fruity,rose
women,3.99,patchouli,amber,floral
women,3.99,white floral,floral,fresh
women,3.99,rose,fruity,floral
unisex,3.99,woody,amber,aromatic
women,3.99,sweet,cherry,fruity
women,3.99,floral,white floral,honey
unisex,3.99,smoky,leather,aromatic
unisex,3.99,musky,aquatic,amber
unisex,3.99,citrus,musky,aquatic
unisex,3.99,citrus,green,musky
women,3.99,yellow floral,white floral,powdery
unisex,3.99,citrus,fresh spicy,aromatic
unisex,3.99,musky,white floral,sweet
unisex,3.99,woody,aromatic,marine
unisex,3.99,leather,ozonic,woody
unisex,3.99,white floral,musky,citrus
women,3.99,white floral,tuberose,amber
women,3.99,amber,rose,woody
unisex,3.99,rose,sweet,fruity
women,3.99,fruity,amber,rose
women,3.99,floral,vanilla,sweet
unisex,3.99,citrus,fresh,white floral
women,3.99,powdery,woody,amber
women,3.99,woody,warm spicy,balsamic
women,3.99,citrus,fresh,green
women,3.99,sweet,fruity,citrus
men,3.99,citrus,white floral,woody
men,3.99,aquatic,marine,woody
women,3.99,citrus,white floral,warm spicy
women,3.99,fruity,almond,vanilla
unisex,3.99,aromatic,woody,rose
men,3.99,woody,aromatic,powdery
men,3.99,aromatic,green,fresh spicy
women,3.99,tropical,fresh,fruity
women,3.99,fruity,sweet,rose
unisex,3.99,powdery,woody,aromatic
unisex,3.99,musky,marine,fresh
women,3.99,rose,woody,fruity
unisex,3.99,white floral,citrus,floral
unisex,3.99,fruity,aromatic,green
women,3.99,woody,white floral,fruity
women,3.99,fruity,rose,sweet
women,3.99,floral,vanilla,powdery
women,3.99,tropical,fruity,floral
men,3.99,citrus,woody,floral
unisex,3.99,fruity,fresh spicy,aromatic
unisex,3.99,honey,warm spicy,sweet
women,3.99,white floral,tuberose,fruity
men,3.99,aromatic,woody,earthy
men,3.99,aromatic,woody,fresh spicy
women,3.99,fruity,sweet,coconut
women,3.99,warm spicy,white floral,woody
women,3.99,floral,fruity,citrus
women,3.99,sweet,vanilla,floral
women,3.99,aromatic,vanilla,lavender
unisex,3.99,white floral,citrus,yellow floral
unisex,3.99,white floral,green,fruity
women,3.99,white floral,citrus,fruity
women,3.99,vanilla,caramel,sweet
unisex,3.99,vanilla,citrus,aromatic
men,3.99,aromatic,warm spicy,woody
women,3.99,fruity,almond,sweet
women,3.99,fruity,floral,citrus
men,3.99,fruity,amber,sweet
women,3.99,mineral,leather,warm spicy
women,3.99,white floral,citrus,sweet
women,3.99,powdery,iris,violet
unisex,3.99,vanilla,almond,powdery
men,3.99,fruity,citrus,fresh
men,3.99,amber,woody,warm spicy
women,3.99,citrus,vanilla,woody
men,3.99,citrus,amber,fresh spicy
unisex,3.99,amber,balsamic,aromatic
women,3.99,honey,earthy,mossy
women,3.99,fruity,sweet,citrus
women,3.99,white floral,citrus,woody
women,3.99,fruity,sweet,white floral
women,3.99,white floral,amber,sweet
unisex,3.99,warm spicy,aromatic,amber
unisex,3.99,warm spicy,aromatic,patchouli
men,3.99,woody,aromatic,fresh spicy
unisex,3.99,white floral,floral,woody
men,3.99,citrus,aromatic,fresh spicy
men,3.99,citrus,woody,vanilla
men,3.99,woody,aromatic,fruity
unisex,3.99,aromatic,citrus,warm spicy
women,3.99,white floral,tuberose,vanilla
women,3.99,floral,warm spicy,woody
women,3.99,powdery,white floral,violet
women,3.99,white floral,fruity,sweet
men,3.99,woody,citrus,iris
men,3.99,marine,aromatic,citrus
unisex,3.99,woody,vanilla,warm spicy
unisex,3.99,powdery,woody,musky
men,3.99,ozonic,aquatic,citrus
unisex,3.99,warm spicy,amber,vanilla
women,3.99,honey,fruity,vanilla
unisex,3.99,warm spicy,coffee,cacao
unisex,3.99,white floral,aromatic,herbal
unisex,3.99,citrus,woody,fruity
unisex,3.99,woody,smoky,aromatic
unisex,3.99,woody,aromatic,warm spicy
unisex,3.99,amber,citrus,fresh spicy
women,3.99,white floral,aromatic,floral
unisex,3.99,white floral,fresh,citrus
women,3.99,white floral,sweet,citrus
unisex,3.99,floral,fruity,citrus
women,3.99,floral,fruity,amber
unisex,3.99,woody,warm spicy,rum
women,3.99,fruity,floral,fresh
women,3.99,powdery,musky,white floral
women,3.99,vanilla,sweet,coconut
women,3.99,vanilla,powdery,musky
women,3.99,white floral,citrus,amber
men,3.99,aromatic,woody,earthy
women,3.99,citrus,musky,floral
women,3.99,fruity,citrus,white floral
unisex,3.99,citrus,aromatic,woody
women,3.99,woody,amber,powdery
women,3.99,woody,amber,caramel
women,3.99,citrus,floral,fruity
men,3.99,citrus,fresh spicy,aromatic
men,3.99,citrus,white floral,warm spicy
women,3.99,floral,herbal,warm spicy
women,3.99,white floral,floral,powdery
women,3.99,citrus,cherry,floral
unisex,3.99,citrus,fresh spicy,aromatic
unisex,3.99,rose,floral,oud
women,3.99,vanilla,patchouli,sweet
women,3.99,rose,warm spicy,woody
unisex,3.99,amber,fresh spicy,woody
women,3.99,fruity,citrus,sweet
unisex,3.99,citrus,warm spicy,fresh spicy
women,3.99,earthy,citrus,woody
unisex,3.99,rose,warm spicy,fresh spicy
women,3.99,lactonic,ozonic,aquatic
women,3.99,white floral,green,aromatic
unisex,3.99,rose,floral,green
unisex,3.99,citrus,fresh spicy,aromatic
unisex,3.99,citrus,fruity,warm spicy
unisex,3.99,green,sweet,tobacco
unisex,3.99,green,woody,white floral
women,3.99,woody,green,iris
women,3.99,rose,floral,
unisex,3.99,floral,green,citrus
women,3.99,violet,powdery,white floral
women,3.99,aldehydic,rose,mossy
unisex,3.99,amber,woody,powdery
men,3.99,fresh spicy,aromatic,citrus
women,3.99,fruity,woody,warm spicy
unisex,3.99,powdery,floral,violet
unisex,3.99,amber,warm spicy,fresh spicy
unisex,3.99,citrus,woody,aromatic
women,3.99,warm spicy,vanilla,lactonic
women,3.99,sweet,floral,fruity
unisex,3.99,oud,rose,warm spicy
men,3.99,citrus,aromatic,woody
unisex,3.99,citrus,fruity,green
unisex,3.99,warm spicy,herbal,sweet
men,3.99,warm spicy,aromatic,citrus
unisex,3.99,tobacco,mineral,earthy
women,3.99,sweet,fruity,woody
women,3.99,vanilla,warm spicy,powdery
unisex,3.99,woody,aromatic,powdery
women,3.99,aromatic,citrus,yellow floral
women,3.99,white floral,fresh,green
unisex,3.99,leather,warm spicy,oud
men,3.99,musky,aromatic,fresh spicy
unisex,3.99,warm spicy,fresh spicy,tobacco
unisex,3.99,fresh spicy,white floral,woody
women,3.99,sweet,fruity,caramel
women,3.99,floral,citrus,musky
unisex,3.99,woody,aromatic,fresh spicy
women,3.99,fruity,sweet,vanilla
women,3.99,white floral,floral,fresh
women,3.99,citrus,white floral,fresh
men,3.99,woody,fruity,sweet
unisex,3.99,musky,woody,aldehydic
unisex,3.99,woody,honey,amber
women,3.99,fruity,fresh,green
men,3.99,citrus,fresh spicy,woody
women,3.99,sweet,vanilla,fruity
women,3.99,floral,rose,woody
women,3.99,white floral,citrus,fruity
men,3.99,amber,warm spicy,vanilla
women,3.99,fresh,floral,white floral
unisex,3.99,citrus,aromatic,green
men,3.99,woody,herbal,aromatic
men,3.99,powdery,woody,white floral
women,3.99,citrus,floral,vanilla
women,3.99,white floral,floral,fresh
unisex,3.99,leather,ozonic,warm spicy
women,3.99,floral,rose,fresh
women,3.99,citrus,fresh spicy,floral
unisex,3.99,amber,woody,warm spicy
women,3.99,rose,amber,musky
unisex,3.99,woody,aromatic,fresh spicy
women,3.99,woody,musky,floral
women,3.99,woody,fruity,sweet
women,4.0,fruity,musky,amber
unisex,4.0,woody,citrus,warm spicy
women,4.0,woody,rose,powdery
women,4.0,ozonic,fruity,aquatic
unisex,4.0,oud,tobacco,sweet
unisex,4.0,citrus,fresh spicy,white floral
men,4.0,amber,warm spicy,tobacco
women,4.0,fruity,rose,sweet
men,4.0,aquatic,green,woody
men,4.0,citrus,fresh spicy,aromatic
women,4.0,sweet,fruity,vanilla
women,4.0,amber,vanilla,balsamic
women,4.0,woody,floral,citrus
men,4.0,aromatic,citrus,green
unisex,4.0,white floral,tuberose,woody
men,4.0,citrus,woody,aromatic
women,4.0,fruity,sweet,citrus
men,4.0,woody,fruity,whiskey
women,4.0,sweet,vanilla,powdery
women,4.0,fruity,powdery,woody
women,4.0,white floral,rose,fruity
women,4.0,white floral,citrus,fruity
men,4.0,fresh spicy,ozonic,musky
men,4.0,aquatic,aromatic,marine
men,4.0,woody,ozonic,amber
women,4.0,white floral,woody,powdery
unisex,4.0,citrus,musky,fresh spicy
unisex,4.0,sweet,citrus,tropical
unisex,4.0,powdery,amber,musky
women,4.0,powdery,fresh,floral
women,4.0,floral,fruity,powdery
women,4.0,floral,fresh,aquatic
women,4.0,citrus,floral,rose
women,4.0,fruity,musky,woody
women,4.0,fruity,rose,fresh
men,4.0,warm spicy,tobacco,woody
women,4.0,floral,woody,amber
men,4.0,citrus,floral,white floral
women,4.0,white floral,citrus,woody
women,4.0,woody,fruity,sweet
men,4.0,aromatic,fresh spicy,leather
unisex,4.0,woody,powdery,musky
women,4.0,citrus,floral,aromatic
women,4.0,floral,aromatic,rose
unisex,4.0,warm spicy,floral,fresh spicy
unisex,4.0,citrus,aromatic,
unisex,4.0,woody,amber,soft spicy
women,4.0,fruity,floral,sweet
men,4.0,woody,aromatic,green
unisex,4.0,citrus,almond,sweet
men,4.0,citrus,salty,amber
women,4.0,sweet,fruity,floral
women,4.0,citrus,beeswax,honey
women,4.0,aquatic,powdery,violet
unisex,4.0,woody,fresh spicy,aromatic
women,4.0,fruity,sweet,citrus
women,4.0,fruity,sweet,tropical
men,4.0,warm spicy,fresh spicy,aromatic
unisex,4.0,amber,fresh,floral
unisex,4.0,amber,warm spicy,fresh spicy
men,4.0,aromatic,fresh spicy,green
men,4.0,woody,marine,citrus
women,4.0,citrus,white floral,fresh
women,4.0,fruity,floral,woody
women,4.0,white floral,citrus,tuberose
women,4.0,floral,white floral,tropical
unisex,4.0,citrus,woody,floral
unisex,4.0,musky,powdery,mossy
men,4.0,white floral,sweet,citrus
women,4.0,amber,oud,rose
men,4.0,amber,leather,smoky
women,4.0,sweet,fruity,fresh
women,4.0,yellow floral,white floral,woody
unisex,4.0,vanilla,powdery,warm spicy
unisex,4.0,floral,fresh,ozonic
unisex,4.0,citrus,warm spicy,aromatic
women,4.0,floral,vanilla,tropical
women,4.0,citrus,amber,woody
women,4.0,citrus,fruity,woody
men,4.0,woody,leather,powdery
men,4.0,citrus,fresh spicy,warm spicy
men,4.0,citrus,fresh spicy,woody
women,4.0,white floral,rose,tuberose
men,4.0,powdery,aromatic,woody
women,4.0,honey,sweet,fruity
unisex,4.0,green,white floral,floral
unisex,4.0,citrus,,
unisex,4.0,sweet,fruity,floral
women,4.0,rose,floral,fresh
women,4.0,floral,citrus,rose
women,4.0,powdery,floral,musky
unisex,4.0,white floral,sweet,yellow floral
unisex,4.0,white floral,fresh,citrus
women,4.0,vanilla,aromatic,powdery
women,4.0,citrus,rose,woody
women,4.0,white floral,fresh,aldehydic
women,4.0,woody,rose,musky
women,4.0,rose,floral,fresh
unisex,4.0,fruity,tropical,citrus
men,4.0,aromatic,green,fresh spicy
unisex,4.0,sweet,caramel,honey
women,4.0,yellow floral,floral,sweet
women,4.0,fruity,rose,powdery
women,4.0,floral,fruity,fresh
unisex,4.0,oud,rose,woody
men,4.0,sweet,soft spicy,anis
unisex,4.0,amber,balsamic,mineral
unisex,4.0,aromatic,fresh spicy,herbal
unisex,4.0,yellow floral,white floral,woody
women,4.0,woody,oud,amber
unisex,4.0,woody,powdery,ozonic
men,4.0,aromatic,citrus,fresh spicy
unisex,4.0,woody,amber,caramel
unisex,4.0,woody,powdery,rose
women,4.0,floral,fruity,fresh
women,4.0,white floral,fresh,floral
women,4.0,warm spicy,woody,powdery
unisex,4.0,woody,citrus,leather
men,4.0,sweet,fruity,aromatic
men,4.0,aromatic,woody,lavender
women,4.0,white floral,amber,floral
women,4.0,mineral,woody,white floral
women,4.0,green,white floral,warm spicy
women,4.0,powdery,musky,iris
women,4.0,amber,vanilla,powdery
men,4.0,citrus,woody,fresh
men,4.0,warm spicy,green,fresh spicy
men,4.0,aromatic,fresh spicy,woody
men,4.0,powdery,woody,musky
women,4.0,sweet,fruity,cherry
unisex,4.0,fruity,woody,tropical
women,4.0,sweet,fruity,citrus
unisex,4.0,woody,sweet,coconut
men,4.0,citrus,fresh spicy,aromatic
women,4.0,fruity,sweet,white floral
unisex,4.0,powdery,iris,lavender
women,4.0,floral,leather,animalic
men,4.0,fresh spicy,aromatic,lavender
women,4.0,white floral,powdery,soft spicy
women,4.0,woody,fruity,powdery
women,4.0,warm spicy,fruity,cinnamon
men,4.0,citrus,fresh spicy,aromatic
men,4.0,aromatic,fresh spicy,vanilla
unisex,4.0,fruity,green,fresh
unisex,4.0,woody,amber,lactonic
unisex,4.0,citrus,white floral,fresh
men,4.0,amber,fresh spicy,whiskey
unisex,4.0,woody,smoky,oud
unisex,4.0,aromatic,citrus,warm spicy
women,4.0,rose,amber,warm spicy
unisex,4.0,warm spicy,vanilla,woody
women,4.0,citrus,white floral,green
unisex,4.0,woody,fresh spicy,earthy
unisex,4.0,woody,leather,powdery
unisex,4.0,citrus,woody,white floral
unisex,4.0,amber,powdery,smoky
men,4.0,citrus,woody,oud
women,4.0,citrus,woody,amber
unisex,4.0,warm spicy,fresh spicy,amber
men,4.0,citrus,leather,woody
women,4.0,floral,citrus,sweet
women,4.0,white floral,vanilla,powdery
unisex,4.0,warm spicy,yellow floral,woody
women,4.0,fruity,citrus,white floral
women,4.0,vanilla,sweet,powdery
women,4.0,fruity,floral,musky
women,4.0,coconut,vanilla,sweet
women,4.0,citrus,sweet,fruity
unisex,4.0,green,citrus,fresh
unisex,4.0,woody,warm spicy,amber
women,4.0,floral,citrus,aromatic
unisex,4.0,musky,powdery,sweet
unisex,4.0,citrus,warm spicy,sweet
women,4.0,woody,sweet,warm spicy
unisex,4.0,citrus,white floral,aromatic
women,4.0,fruity,rose,floral
women,4.0,white floral,fruity,amber
unisex,4.0,warm spicy,woody,powdery
men,4.0,aromatic,citrus,rose
men,4.0,aromatic,citrus,lavender
women,4.0,white floral,musky,powdery
women,4.0,vanilla,coffee,white floral
men,4.0,marine,fresh spicy,aromatic
men,4.0,fresh spicy,vanilla,white floral
men,4.0,citrus,aromatic,fresh
men,4.0,amber,warm spicy,mossy
men,4.0,ozonic,woody,aquatic
men,4.0,woody,,
men,4.0,woody,powdery,citrus
men,4.0,sweet,warm spicy,citrus
men,4.0,amber,powdery,warm spicy
women,4.0,fruity,coconut,lactonic
unisex,4.0,vanilla,beeswax,honey
unisex,4.0,mossy,earthy,rose
women,4.0,citrus,woody,aromatic
women,4.0,fruity,sweet,woody
unisex,4.0,warm spicy,tobacco,oud
unisex,4.0,rose,oud,floral
men,4.0,aromatic,marine,citrus
women,4.0,amber,rose,sweet
women,4.0,powdery,vanilla,sweet
women,4.0,woody,sweet,fresh spicy
men,4.0,woody,fresh spicy,fruity
women,4.0,vanilla,sweet,nutty
women,4.0,fruity,sweet,citrus
women,4.0,white floral,tuberose,floral
women,4.0,woody,citrus,musky
unisex,4.0,citrus,sweet,green
women,4.0,woody,aldehydic,powdery
men,4.0,fresh spicy,aromatic,woody
men,4.0,woody,aromatic,fresh spicy
women,4.0,floral,citrus,rose
unisex,4.0,citrus,musky,animalic
women,4.0,aromatic,green,rose
men,4.0,lavender,fresh spicy,aromatic
men,4.0,aromatic,marine,fruity
men,4.0,aquatic,aromatic,citrus
men,4.0,woody,aromatic,fresh spicy
unisex,4.0,woody,citrus,aromatic
unisex,4.0,tuberose,fruity,sweet
women,4.0,citrus,fresh spicy,aromatic
women,4.0,floral,woody,warm spicy
women,4.0,fruity,citrus,floral
men,4.0,citrus,green,aromatic
women,4.0,warm spicy,woody,cinnamon
women,4.0,fruity,sweet,tropical
men,4.0,woody,amber,warm spicy
men,4.0,aromatic,woody,fresh spicy
women,4.0,powdery,aromatic,sweet
women,4.0,sweet,citrus,vanilla
men,4.0,fruity,warm spicy,woody
women,4.0,floral,woody,citrus
men,4.0,amber,aromatic,warm spicy
women,4.0,fruity,sweet,citrus
unisex,4.0,vanilla,amber,citrus
unisex,4.0,powdery,musky,amber
men,4.0,warm spicy,aromatic,musky
unisex,4.0,powdery,violet,woody
men,4.0,leather,sweet,fresh spicy
women,4.0,vanilla,sweet,woody
men,4.0,citrus,aromatic,aquatic
women,4.0,white floral,citrus,tuberose
men,4.0,woody,aromatic,fresh spicy
unisex,4.0,rose,vanilla,patchouli
men,4.0,aromatic,woody,fresh spicy
unisex,4.0,citrus,green,fresh spicy
women,4.0,citrus,woody,warm spicy
unisex,4.0,citrus,aromatic,woody
women,4.0,rose,floral,amber
unisex,4.0,fruity,ozonic,woody
unisex,4.0,oud,warm spicy,vanilla
men,4.0,aromatic,woody,powdery
men,4.0,marine,citrus,aromatic
men,4.0,woody,aromatic,warm spicy
men,4.0,citrus,aromatic,fresh spicy
men,4.0,fresh spicy,citrus,aromatic
unisex,4.0,floral,fruity,ozonic
unisex,4.0,tobacco,rose,sweet
women,4.0,white floral,tuberose,woody
unisex,4.0,woody,fresh spicy,aromatic
men,4.0,aromatic,fresh spicy,woody
men,4.0,woody,aromatic,fresh spicy
unisex,4.0,amber,warm spicy,woody
unisex,4.0,warm spicy,vanilla,woody
unisex,4.0,warm spicy,woody,aromatic
unisex,4.0,citrus,rose,woody
unisex,4.0,woody,fruity,sweet
unisex,4.0,woody,amber,fruity
women,4.0,sweet,fruity,floral
women,4.0,earthy,aldehydic,fresh
women,4.0,sweet,powdery,fruity
women,4.0,citrus,vanilla,sweet
unisex,4.0,warm spicy,tobacco,rum
men,4.0,sweet,coconut,vanilla
unisex,4.0,green,fruity,sweet
women,4.0,earthy,patchouli,woody
unisex,4.0,citrus,powdery,woody
unisex,4.0,woody,amber,patchouli
men,4.0,aromatic,fresh spicy,woody
women,4.0,vanilla,fruity,powdery
unisex,4.0,citrus,white floral,sweet
women,4.0,amber,musky,powdery
unisex,4.0,woody,white floral,amber
men,4.0,woody,aromatic,amber
women,4.0,white floral,woody,iris
unisex,4.0,citrus,woody,fresh spicy
women,4.0,tuberose,rose,white floral
unisex,4.0,woody,amber,coffee
unisex,4.0,citrus,aromatic,fresh spicy
women,4.0,white floral,tuberose,floral
women,4.0,floral,sweet,tropical
men,4.0,tobacco,soft spicy,sweet
women,4.0,citrus,sweet,musky
men,4.0,woody,citrus,aromatic
women,4.0,sweet,musky,patchouli
unisex,4.0,citrus,white floral,
unisex,4.0,floral,sweet,aromatic
unisex,4.0,aromatic,woody,lavender
women,4.0,warm spicy,amber,aromatic
men,4.0,warm spicy,woody,aromatic
unisex,4.0,sweet,citrus,warm spicy
men,4.0,citrus,white floral,aromatic
men,4.0,amber,citrus,smoky
men,4.0,citrus,rose,warm spicy
men,4.0,aromatic,woody,citrus
women,4.0,powdery,iris,floral
unisex,4.0,leather,amber,smoky
men,4.0,vanilla,amber,citrus
men,4.0,woody,citrus,patchouli
unisex,4.0,woody,leather,oud
unisex,4.0,aromatic,fresh spicy,lavender
women,4.0,woody,warm spicy,sweet
women,4.0,citrus,musky,rose
women,4.0,powdery,citrus,white floral
men,4.0,warm spicy,patchouli,woody
men,4.0,warm spicy,oud,aromatic
women,4.0,warm spicy,floral,fresh
women,4.0,citrus,white floral,sweet
women,4.0,citrus,warm spicy,aromatic
unisex,4.0,citrus,woody,green
women,4.0,white floral,sweet,vanilla
women,4.0,fruity,floral,aquatic
women,4.0,fresh spicy,vanilla,citrus
unisex,4.0,aromatic,sweet,vanilla
unisex,4.0,fruity,vanilla,sweet
unisex,4.0,citrus,lavender,fruity
unisex,4.0,citrus,vanilla,sweet
unisex,4.0,woody,citrus,fresh spicy
unisex,4.0,aromatic,citrus,woody
unisex,4.0,fresh spicy,woody,warm spicy
unisex,4.0,citrus,white floral,fruity
women,4.0,woody,powdery,vanilla
women,4.0,citrus,white floral,fresh
men,4.0,citrus,woody,green
men,4.0,warm spicy,fruity,wine
women,4.0,woody,earthy,mossy
unisex,4.0,warm spicy,woody,amber
unisex,4.0,citrus,fresh spicy,aromatic
unisex,4.0,fruity,floral,powdery
women,4.0,tropical,sweet,fruity
unisex,4.0,fresh spicy,green,aromatic
women,4.0,white floral,vanilla,powdery
unisex,4.0,fruity,green,floral
women,4.0,violet,powdery,citrus
women,4.0,fruity,woody,amber
unisex,4.0,citrus,aromatic,fresh spicy
men,4.0,aromatic,woody,fresh spicy
men,4.0,woody,aromatic,mossy
unisex,4.0,amber,woody,warm spicy
unisex,4.0,leather,fruity,smoky
unisex,4.0,woody,warm spicy,aromatic
unisex,4.0,woody,warm spicy,citrus
unisex,4.0,amber,leather,animalic
men,4.0,citrus,woody,fresh spicy
women,4.0,vanilla,powdery,almond
women,4.0,floral,yellow floral,white floral
men,4.0,woody,aromatic,citrus
unisex,4.0,citrus,warm spicy,woody
women,4.0,sweet,warm spicy,tobacco
women,4.0,vanilla,woody,floral
unisex,4.0,white floral,floral,amber
unisex,4.0,citrus,aromatic,cannabis
unisex,4.0,tobacco,sweet,warm spicy
women,4.0,sweet,white floral,vanilla
women,4.0,sweet,white floral,citrus
men,4.0,citrus,woody,fresh spicy
women,4.0,citrus,woody,patchouli
women,4.0,white floral,fruity,tuberose
unisex,4.0,aromatic,amber,woody
women,4.0,woody,powdery,fresh spicy
unisex,4.0,tuberose,white floral,aromatic
unisex,4.0,amber,white floral,balsamic
women,4.0,earthy,woody,white floral
women,4.0,fruity,sweet,woody
women,4.0,fruity,rose,floral
women,4.0,musky,powdery,white floral
unisex,4.0,rose,woody,patchouli
women,4.0,floral,citrus,woody
women,4.0,fruity,sweet,tropical
men,4.0,woody,aromatic,citrus
men,4.0,aromatic,citrus,fresh spicy
unisex,4.0,powdery,vanilla,sweet
unisex,4.0,green,aromatic,woody
women,4.0,sweet,floral,fruity
unisex,4.0,white floral,tuberose,animalic
women,4.0,fruity,sweet,fresh
women,4.0,floral,rose,white floral
women,4.0,white floral,fresh,floral
unisex,4.0,sweet,cinnamon,whiskey
women,4.0,woody,fruity,sweet
men,4.0,tuberose,white floral,leather
unisex,4.0,warm spicy,amber,woody
women,4.0,patchouli,woody,vanilla
women,4.0,citrus,fresh,woody
unisex,4.0,citrus,aromatic,fresh spicy
unisex,4.0,floral,white floral,warm spicy
unisex,4.0,fruity,musky,sweet
women,4.0,floral,amber,fresh
women,4.0,fruity,sweet,powdery
women,4.0,vanilla,powdery,fruity
unisex,4.0,woody,warm spicy,sweet
men,4.0,woody,citrus,aromatic
women,4.0,powdery,white floral,warm spicy
women,4.0,powdery,violet,floral
women,4.0,rose,vanilla,woody
men,4.0,ozonic,fruity,aquatic
unisex,4.0,woody,citrus,fresh spicy
men,4.0,woody,aromatic,fresh spicy
women,4.0,sweet,powdery,vanilla
women,4.0,fruity,woody,sweet
women,4.0,white floral,green,floral
women,4.0,floral,citrus,fruity
unisex,4.0,warm spicy,leather,aromatic
unisex,4.0,sweet,vanilla,woody
unisex,4.0,sweet,cacao,citrus
unisex,4.0,citrus,woody,floral
unisex,4.0,amber,woody,warm spicy
women,4.0,sweet,vanilla,powdery
unisex,4.0,rose,oud,leather
women,4.0,green,earthy,iris
unisex,4.0,rose,aromatic,citrus
unisex,4.0,warm spicy,amber,woody
women,4.0,fresh,floral,citrus
men,4.0,fresh spicy,aromatic,citrus
unisex,4.0,caramel,soft spicy,amber
men,4.0,amber,balsamic,citrus
women,4.0,fruity,powdery,citrus
men,4.0,citrus,fresh spicy,aromatic
unisex,4.0,rose,vanilla,musky
women,4.0,sweet,vanilla,fruity
women,4.0,white floral,citrus,yellow floral
unisex,4.0,aromatic,leather,woody
men,4.0,green,fresh spicy,citrus
unisex,4.0,woody,aromatic,smoky
unisex,4.0,aromatic,yellow floral,sweet
unisex,4.0,woody,sweet,whiskey
men,4.0,fruity,citrus,green
women,4.0,white floral,floral,green
unisex,4.0,aromatic,fresh spicy,citrus
unisex,4.0,musky,powdery,fresh
men,4.0,woody,earthy,aromatic
women,4.0,floral,woody,warm spicy
unisex,4.0,woody,powdery,amber
men,4.0,fresh spicy,floral,warm spicy
women,4.0,powdery,almond,musky
men,4.0,white floral,lavender,aromatic
women,4.0,fruity,citrus,rose
unisex,4.0,citrus,aromatic,fresh spicy
unisex,4.0,woody,green,aromatic
unisex,4.0,citrus,floral,fresh spicy
women,4.0,rose,powdery,floral
unisex,4.0,citrus,white floral,warm spicy
unisex,4.0,fruity,sweet,white floral
unisex,4.0,warm spicy,fresh,green
unisex,4.0,woody,smoky,balsamic
men,4.0,woody,amber,leather
women,4.0,amber,cherry,woody
men,4.0,aromatic,fresh spicy,citrus
women,4.0,citrus,iris,powdery
unisex,4.0,woody,fresh spicy,aromatic
women,4.0,powdery,musky,rose
men,4.0,woody,citrus,aromatic
men,4.0,aromatic,citrus,fresh spicy
women,4.0,white floral,citrus,woody
women,4.0,fruity,white floral,woody
women,4.0,powdery,iris,vanilla
women,4.0,leather,woody,rose
women,4.0,white floral,green,musky
women,4.0,woody,citrus,white floral
men,4.0,aromatic,warm spicy,herbal
women,4.0,champagne,sweet,fresh spicy
men,4.0,citrus,soft spicy,amber
women,4.0,white floral,woody,musky
women,4.0,floral,white floral,green
unisex,4.0,citrus,fresh spicy,aromatic
unisex,4.0,floral,rose,musky
women,4.0,cacao,vanilla,sweet
women,4.0,woody,patchouli,warm spicy
unisex,4.0,woody,smoky,fruity
women,4.0,woody,warm spicy,aldehydic
women,4.0,warm spicy,floral,fresh spicy
men,4.0,lavender,vanilla,amber
men,4.0,warm spicy,aromatic,vanilla
unisex,4.0,powdery,woody,musky
men,4.0,fresh spicy,woody,citrus
men,4.0,warm spicy,woody,aromatic
women,4.0,powdery,violet,iris
women,4.0,white floral,coconut,sweet
unisex,4.0,amber,woody,powdery
unisex,4.0,woody,fruity,citrus
unisex,4.0,amber,rose,vanilla
unisex,4.0,woody,amber,balsamic
women,4.0,citrus,fresh spicy,woody
women,4.0,white floral,amber,woody
men,4.0,aromatic,woody,fresh spicy
women,4.0,fruity,white floral,sweet
men,4.0,citrus,aromatic,woody
unisex,4.0,woody,amber,soft spicy
women,4.0,ozonic,rose,aquatic
unisex,4.0,musky,woody,earthy
unisex,4.0,white floral,floral,sweet
women,4.0,musky,powdery,vanilla
women,4.0,floral,fruity,fresh
men,4.0,citrus,woody,warm spicy
unisex,4.01,citrus,patchouli,oud
unisex,4.01,marine,aromatic,woody
women,4.01,white floral,citrus,green
men,4.01,citrus,aromatic,fresh spicy
men,4.01,woody,citrus,floral
men,4.01,woody,fresh spicy,warm spicy
women,4.01,amber,aldehydic,floral
men,4.01,fruity,woody,aromatic
women,4.01,floral,musky,powdery
women,4.01,aquatic,ozonic,green
men,4.01,woody,earthy,aromatic
women,4.01,fruity,floral,fresh
women,4.01,sweet,fruity,powdery
men,4.01,woody,fresh spicy,aromatic
women,4.01,floral,warm spicy,powdery
women,4.01,woody,floral,musky
unisex,4.01,woody,aromatic,soft spicy
unisex,4.01,rose,floral,soft spicy
women,4.01,white floral,vanilla,citrus
women,4.01,white floral,citrus,green
unisex,4.01,aquatic,green,citrus
women,4.01,white floral,fresh,green
women,4.01,sweet,green,alcohol
men,4.01,aromatic,marine,aquatic
women,4.01,sweet,warm spicy,woody
unisex,4.01,aromatic,woody,warm spicy
men,4.01,citrus,aromatic,fresh spicy
women,4.01,woody,powdery,aldehydic
unisex,4.01,woody,aromatic,amber
women,4.01,citrus,rose,woody
unisex,4.01,warm spicy,fresh spicy,amber
men,4.01,citrus,warm spicy,tobacco
men,4.01,ozonic,aquatic,citrus
men,4.01,warm spicy,amber,citrus
women,4.01,sweet,fruity,caramel
women,4.01,floral,fresh,rose
women,4.01,citrus,vanilla,sweet
women,4.01,white floral,floral,green
women,4.01,sweet,powdery,vanilla
women,4.01,citrus,white floral,powdery
women,4.01,green,citrus,white floral
women,4.01,fruity,sweet,green
women,4.01,sweet,fruity,tropical
women,4.01,warm spicy,amber,woody
women,4.01,floral,white floral,fresh
unisex,4.01,amber,rose,aquatic
unisex,4.01,woody,aromatic,lactonic
unisex,4.01,amber,oud,woody
unisex,4.01,rose,amber,oud
unisex,4.01,woody,fruity,floral
women,4.01,fruity,woody,floral
unisex,4.01,citrus,ozonic,aromatic
women,4.01,white floral,powdery,citrus
unisex,4.01,aromatic,citrus,woody
men,4.01,fresh spicy,aromatic,woody
women,4.01,white floral,green,tuberose
women,4.01,amber,warm spicy,sweet
men,4.01,woody,fresh spicy,lavender
women,4.01,fresh spicy,fruity,floral
women,4.01,white floral,tuberose,woody
women,4.01,fresh spicy,citrus,aromatic
women,4.01,rose,leather,almond
women,4.01,sweet,fruity,almond
women,4.01,white floral,yellow floral,woody
women,4.01,aquatic,fresh,floral
women,4.01,white floral,sweet,vanilla
women,4.01,citrus,sweet,fruity
men,4.01,aromatic,vanilla,fresh spicy
women,4.01,white floral,sweet,fruity
women,4.01,powdery,iris,musky
men,4.01,woody,aquatic,marine
unisex,4.01,powdery,violet,rose
unisex,4.01,warm spicy,citrus,fresh spicy
women,4.01,woody,earthy,patchouli
men,4.01,aromatic,woody,fresh spicy
women,4.01,fruity,warm spicy,powdery
women,4.01,citrus,floral,fruity
unisex,4.01,amber,woody,patchouli
women,4.01,white floral,citrus,rose
women,4.01,rose,aldehydic,fresh spicy
women,4.01,powdery,musky,rose
women,4.01,woody,amber,musky
unisex,4.01,woody,green,coconut
unisex,4.01,warm spicy,woody,sweet
men,4.01,oud,warm spicy,rose
unisex,4.01,warm spicy,woody,amber
unisex,4.01,white floral,citrus,musky
unisex,4.01,lavender,vanilla,coffee
women,4.01,citrus,woody,fruity
men,4.01,warm spicy,amber,fresh spicy
unisex,4.01,rose,musky,patchouli
men,4.01,aromatic,fresh spicy,citrus
women,4.01,fruity,warm spicy,patchouli
women,4.01,white floral,musky,floral
men,4.01,fresh spicy,aromatic,woody
women,4.01,fruity,woody,aromatic
women,4.01,musky,floral,woody
unisex,4.01,green,citrus,aromatic
women,4.01,fruity,white floral,woody
women,4.01,vanilla,citrus,sweet
unisex,4.01,citrus,woody,white floral
men,4.01,warm spicy,fresh spicy,coffee
women,4.01,vanilla,fruity,warm spicy
men,4.01,woody,aromatic,fresh spicy
unisex,4.01,sweet,vanilla,powdery
women,4.01,white floral,sweet,fruity
women,4.01,warm spicy,fruity,powdery
women,4.01,citrus,floral,green
women,4.01,rose,floral,fruity
unisex,4.01,warm spicy,leather,woody
men,4.01,aromatic,musky,powdery
women,4.01,woody,warm spicy,patchouli
women,4.01,white floral,citrus,floral
women,4.01,ozonic,aquatic,fruity
women,4.01,vanilla,woody,fruity
women,4.01,vanilla,amber,white floral
unisex,4.01,almond,fruity,nutty
unisex,4.01,rose,floral,fresh spicy
women,4.01,fruity,vanilla,oud
unisex,4.01,woody,rose,warm spicy
unisex,4.01,woody,sweet,amber
unisex,4.01,floral,sweet,woody
women,4.01,citrus,white floral,fruity
women,4.01,floral,woody,powdery
women,4.01,floral,white floral,citrus
women,4.01,citrus,woody,fresh spicy
women,4.01,powdery,leather,warm spicy
men,4.01,aromatic,fresh spicy,woody
women,4.01,oud,leather,musky
women,4.01,floral,powdery,musky
women,4.01,floral,powdery,sweet
men,4.01,warm spicy,aromatic,vanilla
men,4.01,aquatic,warm spicy,citrus
women,4.01,powdery,musky,woody
men,4.01,citrus,marine,aromatic
men,4.01,woody,warm spicy,citrus
women,4.01,rose,fruity,vanilla
women,4.01,woody,powdery,violet
unisex,4.01,amber,sweet,warm spicy
women,4.01,citrus,warm spicy,aromatic
women,4.01,white floral,vanilla,tuberose
women,4.01,white floral,powdery,woody
women,4.01,citrus,floral,woody
women,4.01,fruity,woody,floral
women,4.01,woody,fruity,amber
women,4.01,floral,green,fresh
women,4.01,floral,musky,citrus
men,4.01,aromatic,woody,warm spicy
women,4.01,warm spicy,rose,fruity
unisex,4.01,floral,fresh,yellow floral
unisex,4.01,floral,green,citrus
unisex,4.01,amber,animalic,white floral
women,4.01,citrus,floral,sweet
women,4.01,fruity,powdery,sweet
unisex,4.01,citrus,floral,fresh
women,4.01,woody,fruity,aromatic
women,4.01,floral,fresh,white floral
unisex,4.01,citrus,warm spicy,fresh spicy
women,4.01,amber,white floral,woody
unisex,4.01,woody,aromatic,fresh spicy
unisex,4.01,citrus,amber,woody
men,4.01,citrus,aromatic,fresh spicy
men,4.01,warm spicy,aromatic,fresh spicy
women,4.01,vanilla,sweet,lactonic
unisex,4.01,white floral,green,citrus
unisex,4.01,citrus,aromatic,green
unisex,4.01,woody,amber,patchouli
women,4.01,woody,amber,aromatic
men,4.01,woody,aromatic,fresh spicy
men,4.01,green,aromatic,woody
women,4.01,floral,fruity,citrus
unisex,4.01,citrus,aromatic,green
unisex,4.01,green,fresh spicy,aromatic
unisex,4.01,citrus,aromatic,fresh spicy
unisex,4.01,chocolate,sweet,musky
women,4.01,warm spicy,vanilla,oud
unisex,4.01,floral,green,fresh
women,4.01,white floral,sweet,citrus
women,4.01,fruity,vanilla,tropical
women,4.01,vanilla,lactonic,sweet
men,4.01,green,citrus,aromatic
women,4.01,woody,aromatic,floral
women,4.01,citrus,floral,fresh
women,4.01,white floral,tuberose,floral
women,4.01,green,woody,aromatic
men,4.01,amber,warm spicy,cinnamon
women,4.01,powdery,woody,violet
men,4.01,fresh spicy,aromatic,warm spicy
unisex,4.01,citrus,fresh spicy,white floral
unisex,4.01,fruity,rose,floral
unisex,4.01,fresh spicy,aromatic,citrus
men,4.01,fresh spicy,fruity,aromatic
unisex,4.01,soft spicy,aromatic,rose
men,4.01,aromatic,woody,fresh spicy
men,4.01,fruity,white floral,woody
men,4.01,aromatic,fresh spicy,green
men,4.01,aromatic,citrus,green
women,4.01,coconut,sweet,citrus
unisex,4.01,woody,warm spicy,vanilla
women,4.01,musky,powdery,fresh
women,4.01,citrus,rose,powdery
men,4.01,rose,fresh spicy,aromatic
men,4.01,citrus,fresh spicy,violet
unisex,4.01,vanilla,caramel,patchouli
unisex,4.01,vanilla,aromatic,lavender
unisex,4.01,amber,oud,woody
unisex,4.01,warm spicy,white floral,animalic
women,4.01,soft spicy,powdery,woody
unisex,4.01,woody,warm spicy,aromatic
women,4.01,white floral,tuberose,vanilla
unisex,4.01,aromatic,fresh spicy,green
unisex,4.01,warm spicy,woody,amber
unisex,4.01,ozonic,warm spicy,aquatic
unisex,4.01,sweet,vanilla,coconut
women,4.01,warm spicy,vanilla,almond
women,4.01,floral,vanilla,sweet
men,4.01,citrus,tropical,warm spicy
women,4.01,fruity,sweet,floral
unisex,4.01,warm spicy,cacao,leather
unisex,4.01,woody,green,floral
women,4.01,woody,sweet,warm spicy
women,4.01,aromatic,animalic,earthy
women,4.01,sweet,fruity,white floral
women,4.01,rose,musky,fruity
men,4.01,fresh spicy,ozonic,amber
men,4.01,fruity,amber,sweet
unisex,4.01,warm spicy,rose,woody
men,4.01,aromatic,woody,fresh spicy
unisex,4.01,oud,powdery,fresh spicy
women,4.01,citrus,rose,woody
unisex,4.01,woody,amber,balsamic
men,4.01,aromatic,woody,fresh spicy
men,4.01,woody,aromatic,citrus
men,4.01,leather,woody,smoky
unisex,4.01,amber,oud,citrus
women,4.01,amber,woody,floral
unisex,4.01,fresh spicy,aromatic,woody
women,4.01,sweet,woody,fruity
unisex,4.01,salty,citrus,musky
women,4.01,white floral,tuberose,vanilla
women,4.01,white floral,powdery,violet
women,4.01,sweet,vanilla,fruity
women,4.01,patchouli,warm spicy,sweet
women,4.01,floral,fruity,fresh
men,4.01,aromatic,woody,fresh spicy
unisex,4.01,citrus,green,woody
women,4.01,white floral,cherry,floral
women,4.01,woody,white floral,green
women,4.01,aromatic,citrus,white floral
unisex,4.01,citrus,marine,aromatic
women,4.01,floral,aquatic,fresh
women,4.01,musky,woody,floral
men,4.01,aromatic,woody,citrus
men,4.01,warm spicy,woody,powdery
women,4.01,fruity,sweet,floral
men,4.01,fresh spicy,amber,woody
women,4.01,powdery,iris,amber
women,4.01,white floral,floral,lactonic
women,4.01,woody,warm spicy,powdery
men,4.01,fresh spicy,aromatic,citrus
women,4.01,floral,rose,green
women,4.01,sweet,fruity,almond
women,4.01,fruity,sweet,sour
women,4.01,woody,warm spicy,aromatic
women,4.01,citrus,floral,fresh
men,4.01,woody,citrus,lavender
men,4.01,aromatic,fresh spicy,citrus
women,4.01,almond,vanilla,powdery
women,4.01,aquatic,powdery,fresh
unisex,4.01,amber,balsamic,vanilla
men,4.01,musky,marine,fresh
unisex,4.01,warm spicy,amber,rose
women,4.01,vanilla,fruity,citrus
unisex,4.02,sweet,citrus,fruity
women,4.02,citrus,vanilla,fruity
women,4.02,amber,woody,warm spicy
women,4.02,woody,fresh spicy,citrus
women,4.02,fruity,fresh,green
women,4.02,woody,citrus,patchouli
men,4.02,woody,fresh spicy,aromatic
women,4.02,sweet,fruity,woody
unisex,4.02,sweet,woody,fruity
unisex,4.02,aromatic,fresh spicy,citrus
women,4.02,amber,patchouli,fruity
women,4.02,rose,citrus,musky
unisex,4.02,citrus,aromatic,white floral
women,4.02,cherry,rose,tuberose
unisex,4.02,vanilla,almond,floral
unisex,4.02,leather,fruity,oud
men,4.02,aromatic,warm spicy,fresh spicy
unisex,4.02,aromatic,woody,citrus
women,4.02,woody,floral,powdery
men,4.02,aromatic,fresh spicy,citrus
unisex,4.02,fruity,fresh,citrus
men,4.02,fresh spicy,citrus,aromatic
men,4.02,woody,fresh spicy,aquatic
women,4.02,woody,citrus,warm spicy
women,4.02,white floral,earthy,mossy
women,4.02,sweet,fruity,vanilla
men,4.02,amber,fruity,vanilla
unisex,4.02,vanilla,citrus,aromatic
unisex,4.02,woody,rose,aromatic
men,4.02,green,aromatic,woody
men,4.02,aromatic,citrus,fresh spicy
women,4.02,citrus,fruity,sweet
unisex,4.02,leather,smoky,woody
women,4.02,fruity,rose,floral
unisex,4.02,woody,rose,warm spicy
unisex,4.02,citrus,white floral,aromatic
women,4.02,citrus,coconut,ozonic
unisex,4.02,aromatic,vanilla,woody
men,4.02,aromatic,woody,fresh spicy
women,4.02,vanilla,sweet,fruity
women,4.02,woody,earthy,powdery
unisex,4.02,rose,oud,sweet
women,4.02,citrus,white floral,tuberose
unisex,4.02,white floral,yellow floral,animalic
unisex,4.02,aromatic,citrus,green
men,4.02,woody,warm spicy,honey
men,4.02,woody,white floral,rose
women,4.02,floral,fruity,sweet
men,4.02,aromatic,ozonic,woody
unisex,4.02,aromatic,amber,warm spicy
women,4.02,fresh,floral,citrus
men,4.02,woody,tobacco,aromatic
unisex,4.02,white floral,musky,green
women,4.02,citrus,sweet,floral
women,4.02,rose,fruity,woody
unisex,4.02,musky,rose,powdery
women,4.02,sweet,citrus,fruity
women,4.02,white floral,tuberose,citrus
men,4.02,citrus,aromatic,fresh spicy
women,4.02,green,aromatic,fruity
women,4.02,warm spicy,woody,vanilla
women,4.02,fruity,tropical,floral
women,4.02,rose,floral,fresh
women,4.02,powdery,sweet,white floral
unisex,4.02,floral,fruity,powdery
unisex,4.02,woody,fresh spicy,aromatic
unisex,4.02,violet,aquatic,woody
unisex,4.02,aromatic,citrus,fresh spicy
women,4.02,fruity,sweet,vanilla
women,4.02,sweet,champagne,citrus
women,4.02,patchouli,rose,amber
women,4.02,floral,rose,fresh
unisex,4.02,musky,floral,powdery
women,4.02,powdery,violet,floral
unisex,4.02,leather,fruity,sweet
women,4.02,fruity,powdery,woody
women,4.02,fruity,vanilla,floral
women,4.02,cacao,fruity,warm spicy
unisex,4.02,woody,rose,sweet
women,4.02,floral,citrus,fruity
women,4.02,floral,white floral,fruity
unisex,4.02,leather,fruity,sweet
unisex,4.02,warm spicy,woody,amber
men,4.02,citrus,woody,powdery
unisex,4.02,oud,warm spicy,rose
women,4.02,sweet,almond,iris
women,4.02,fruity,green,sweet
women,4.02,amber,floral,rose
unisex,4.02,woody,powdery,fruity
unisex,4.02,rose,citrus,oud
women,4.02,fruity,musky,floral
women,4.02,green,fruity,almond
unisex,4.02,citrus,fruity,powdery
unisex,4.02,warm spicy,caramel,fresh spicy
men,4.02,warm spicy,aromatic,cinnamon
men,4.02,sweet,warm spicy,caramel
women,4.02,musky,powdery,white floral
women,4.02,powdery,vanilla,musky
men,4.02,fresh spicy,aromatic,lavender
men,4.02,warm spicy,woody,fresh spicy
women,4.02,citrus,floral,white floral
women,4.02,rose,citrus,woody
men,4.02,woody,fresh spicy,amber
women,4.02,nutty,fruity,almond
women,4.02,floral,tropical,fruity
women,4.02,fruity,rose,oud
women,4.02,white floral,floral,citrus
men,4.02,woody,warm spicy,amber
women,4.02,citrus,fruity,sweet
men,4.02,woody,aromatic,fresh spicy
unisex,4.02,powdery,iris,woody
unisex,4.02,animalic,leather,woody
unisex,4.02,amber,soft spicy,warm spicy
men,4.02,citrus,fresh spicy,woody
women,4.02,warm spicy,citrus,aromatic
men,4.02,amber,warm spicy,aromatic
women,4.02,floral,fresh,citrus
women,4.02,floral,amber,woody
men,4.02,citrus,powdery,fresh spicy
men,4.02,aromatic,woody,fresh spicy
women,4.02,sweet,coconut,vanilla
men,4.02,fruity,fresh spicy,aromatic
unisex,4.02,sweet,powdery,musky
unisex,4.02,aromatic,woody,fresh spicy
men,4.02,woody,fresh spicy,citrus
men,4.02,sweet,fruity,powdery
men,4.02,aromatic,woody,warm spicy
men,4.02,aromatic,marine,woody
men,4.02,aromatic,fresh spicy,citrus
women,4.02,fruity,musky,citrus
women,4.02,tropical,amber,white floral
women,4.02,powdery,woody,musky
women,4.02,fruity,patchouli,vanilla
women,4.02,woody,citrus,floral
women,4.02,white floral,vanilla,fruity
women,4.02,white floral,caramel,sweet
unisex,4.02,aromatic,lavender,fruity
unisex,4.02,white floral,floral,citrus
unisex,4.02,sweet,herbal,musky
women,4.02,amber,balsamic,warm spicy
women,4.02,warm spicy,coffee,cacao
unisex,4.02,amber,warm spicy,rose
unisex,4.02,white floral,citrus,woody
women,4.02,floral,warm spicy,musky
women,4.02,citrus,fresh spicy,green
women,4.02,white floral,green,floral
women,4.02,white floral,floral,woody
women,4.02,sweet,fruity,vanilla
men,4.02,vanilla,powdery,violet
women,4.02,floral,vanilla,citrus
women,4.02,white floral,green,floral
women,4.02,citrus,white floral,musky
women,4.02,marine,fresh spicy,salty
women,4.02,white floral,fruity,sweet
women,4.02,fresh,floral,rose
women,4.02,fresh,floral,fruity
men,4.02,woody,powdery,leather
unisex,4.02,woody,aromatic,nutty
women,4.02,fruity,tropical,sweet
women,4.02,floral,citrus,fresh
women,4.02,fruity,sweet,caramel
women,4.02,citrus,green,floral
women,4.02,woody,floral,white floral
women,4.02,sweet,caramel,fruity
women,4.02,amber,warm spicy,vanilla
women,4.02,powdery,vanilla,woody
women,4.02,fruity,woody,powdery
women,4.02,citrus,patchouli,woody
women,4.02,woody,warm spicy,fresh spicy
women,4.02,sweet,vanilla,fruity
women,4.02,fruity,floral,sweet
unisex,4.02,amber,vanilla,warm spicy
unisex,4.02,white floral,musky,powdery
men,4.02,aromatic,amber,citrus
women,4.02,fruity,floral,powdery
women,4.02,citrus,woody,white floral
women,4.02,white floral,sweet,floral
women,4.02,citrus,powdery,iris
unisex,4.02,woody,amber,warm spicy
unisex,4.02,sweet,floral,cherry
women,4.02,woody,green,ozonic
unisex,4.02,amber,woody,balsamic
unisex,4.02,amber,woody,balsamic
women,4.02,floral,woody,violet
women,4.02,floral,rose,citrus
women,4.02,citrus,fresh spicy,amber
men,4.02,citrus,aromatic,fresh spicy
unisex,4.02,amber,citrus,powdery
men,4.02,aromatic,warm spicy,woody
women,4.02,iris,powdery,amber
men,4.02,aromatic,powdery,iris
men,4.02,woody,fresh spicy,sweet
women,4.02,warm spicy,woody,rose
women,4.02,citrus,vanilla,sweet
women,4.02,citrus,floral,fresh spicy
women,4.02,fruity,sweet,floral
unisex,4.02,fresh spicy,musky,citrus
unisex,4.02,oud,rose,powdery
men,4.02,amber,citrus,woody
unisex,4.02,oud,patchouli,musky
unisex,4.02,citrus,fresh spicy,warm spicy
unisex,4.02,earthy,tuberose,white floral
women,4.02,sweet,vanilla,lactonic
unisex,4.02,woody,aromatic,leather
unisex,4.02,amber,white floral,balsamic
unisex,4.02,fruity,woody,aromatic
men,4.02,woody,aromatic,musky
unisex,4.02,warm spicy,leather,amber
unisex,4.02,woody,warm spicy,patchouli
women,4.02,vanilla,amber,citrus
women,4.02,woody,citrus,warm spicy
men,4.02,amber,caramel,sweet
unisex,4.02,vanilla,citrus,sweet
women,4.02,fruity,sweet,caramel
women,4.02,floral,rose,powdery
women,4.02,herbal,aldehydic,woody
women,4.02,white floral,citrus,aromatic
unisex,4.02,fresh spicy,woody,musky
women,4.02,amber,warm spicy,woody
men,4.02,ozonic,citrus,aromatic
women,4.02,fruity,sweet,vanilla
unisex,4.02,fruity,woody,sweet
unisex,4.02,fruity,fresh spicy,fresh
women,4.02,powdery,vanilla,sweet
women,4.02,fresh spicy,citrus,woody
men,4.02,woody,aromatic,fresh spicy
women,4.02,white floral,green,yellow floral
women,4.02,powdery,rose,floral
unisex,4.02,citrus,fruity,tropical
unisex,4.02,citrus,aromatic,
unisex,4.02,citrus,green,fresh
men,4.02,aromatic,marine,green
men,4.02,citrus,musky,aromatic
women,4.02,floral,almond,vanilla
women,4.02,sweet,fruity,white floral
women,4.02,woody,vanilla,aromatic
women,4.02,mossy,floral,earthy
women,4.02,warm spicy,floral,woody
women,4.02,white floral,amber,floral
men,4.02,green,citrus,aromatic
men,4.02,citrus,white floral,woody
women,4.02,powdery,woody,floral
women,4.02,powdery,iris,woody
men,4.02,citrus,warm spicy,aromatic
men,4.02,aromatic,fresh spicy,citrus
men,4.02,citrus,fresh spicy,green
women,4.02,white floral,tuberose,animalic
unisex,4.02,citrus,lavender,fresh spicy
women,4.02,fruity,sweet,cherry
women,4.02,floral,citrus,rose
women,4.02,fruity,amber,sweet
women,4.02,woody,powdery,sweet
unisex,4.02,fruity,citrus,woody
unisex,4.02,woody,fresh spicy,aromatic
women,4.02,coconut,vanilla,sweet
unisex,4.02,sweet,amber,warm spicy
unisex,4.02,citrus,floral,woody
unisex,4.02,herbal,green,aromatic
women,4.02,fruity,white floral,tuberose
unisex,4.02,vanilla,coconut,citrus
women,4.02,citrus,woody,warm spicy
unisex,4.02,rose,aromatic,oud
unisex,4.02,aromatic,herbal,lavender
women,4.02,citrus,woody,
unisex,4.02,citrus,white floral,green
women,4.02,powdery,musky,woody
unisex,4.02,woody,powdery,warm spicy
men,4.02,vanilla,aromatic,green
women,4.02,vanilla,powdery,musky
women,4.02,white floral,citrus,sweet
women,4.02,woody,white floral,patchouli
women,4.02,vanilla,woody,powdery
women,4.02,white floral,iris,powdery
women,4.02,white floral,rose,floral
unisex,4.02,amber,smoky,caramel
unisex,4.02,warm spicy,citrus,woody
men,4.02,aromatic,fresh spicy,green
women,4.02,vanilla,white floral,powdery
women,4.02,floral,fresh,rose
women,4.02,sweet,fruity,almond
unisex,4.02,citrus,green,woody
unisex,4.02,woody,aromatic,marine
unisex,4.02,white floral,aquatic,fresh
unisex,4.02,white floral,citrus,floral
men,4.02,fruity,rose,oud
men,4.02,warm spicy,citrus,coffee
women,4.02,tuberose,white floral,animalic
unisex,4.02,green,fruity,floral
unisex,4.02,fresh spicy,aromatic,woody
women,4.02,floral,citrus,fresh spicy
unisex,4.02,warm spicy,amber,lavender
unisex,4.02,white floral,green,fruity
unisex,4.02,sweet,vanilla,cherry
women,4.02,fruity,aldehydic,musky
unisex,4.02,amber,warm spicy,balsamic
women,4.02,sweet,vanilla,fruity
women,4.02,honey,sweet,white floral
women,4.02,yellow floral,woody,floral
unisex,4.02,woody,aromatic,lavender
men,4.02,warm spicy,powdery,white floral
unisex,4.02,metallic,rose,amber
women,4.02,fresh,ozonic,musky
men,4.02,aromatic,fresh spicy,woody
men,4.02,green,fresh spicy,tobacco
women,4.02,woody,floral,salty
unisex,4.02,aromatic,honey,white floral
unisex,4.02,amber,woody,powdery
unisex,4.02,musky,powdery,iris
women,4.02,citrus,floral,warm spicy
men,4.02,warm spicy,woody,aromatic
unisex,4.02,amber,woody,warm spicy
women,4.02,white floral,citrus,amber
unisex,4.02,floral,fruity,aromatic
women,4.02,floral,fruity,rose
women,4.02,sweet,white floral,woody
women,4.02,woody,aromatic,citrus
women,4.02,sweet,vanilla,amber
women,4.02,white floral,floral,sweet
unisex,4.02,sweet,amber,tobacco
women,4.02,rose,white floral,fruity
unisex,4.02,vanilla,sweet,woody
unisex,4.02,caramel,woody,sweet
women,4.02,warm spicy,vanilla,citrus
unisex,4.02,woody,iris,earthy
unisex,4.02,amber,woody,rose
unisex,4.02,white floral,fresh spicy,rose
unisex,4.02,citrus,aromatic,fruity
unisex,4.02,citrus,warm spicy,sweet
men,4.02,vanilla,sweet,warm spicy
men,4.02,aromatic,woody,green
women,4.02,woody,white floral,fruity
unisex,4.02,citrus,white floral,powdery
women,4.02,rose,floral,citrus
unisex,4.02,floral,white floral,woody
unisex,4.02,patchouli,warm spicy,cacao
men,4.02,fresh spicy,aromatic,woody
unisex,4.02,rose,floral,aromatic
women,4.02,fruity,sweet,powdery
women,4.02,tropical,fruity,sweet
unisex,4.02,rose,citrus,amber
unisex,4.02,aromatic,citrus,woody
unisex,4.02,aromatic,amber,marine
unisex,4.02,aromatic,marine,citrus
women,4.02,sweet,fresh,amber
women,4.02,warm spicy,floral,aromatic
unisex,4.02,woody,patchouli,aromatic
women,4.02,earthy,woody,mossy
men,4.02,woody,aromatic,warm spicy
men,4.02,musky,powdery,fresh spicy
women,4.02,white floral,honey,sweet
unisex,4.02,leather,woody,warm spicy
unisex,4.02,vanilla,amber,powdery
men,4.02,woody,aromatic,warm spicy
unisex,4.02,citrus,marine,aromatic
women,4.02,violet,powdery,woody
unisex,4.02,sweet,vanilla,powdery
women,4.02,fresh,aldehydic,powdery
women,4.02,tuberose,woody,white floral
unisex,4.02,almond,white floral,sweet
unisex,4.02,citrus,woody,sweet
unisex,4.02,amber,woody,sweet
unisex,4.02,musky,fresh spicy,amber
unisex,4.02,vanilla,amber,tobacco
unisex,4.02,green,aromatic,fruity
unisex,4.02,woody,citrus,warm spicy
women,4.02,amber,warm spicy,sweet
unisex,4.03,powdery,almond,floral
women,4.03,fruity,rose,floral
women,4.03,sweet,fruity,yellow floral
men,4.03,woody,warm spicy,aromatic
unisex,4.03,rose,musky,powdery
men,4.03,leather,woody,aromatic
women,4.03,rose,floral,woody
women,4.03,floral,fruity,sweet
men,4.03,fresh spicy,citrus,amber
men,4.03,aromatic,woody,tropical
men,4.03,green,warm spicy,fresh
men,4.03,aromatic,fresh spicy,woody
men,4.03,citrus,lavender,mossy
unisex,4.03,fruity,sweet,warm spicy
women,4.03,sweet,fruity,citrus
women,4.03,fruity,floral,sweet
women,4.03,powdery,floral,white floral
unisex,4.03,white floral,woody,warm spicy
women,4.03,sweet,citrus,vanilla
women,4.03,citrus,green,fresh spicy
men,4.03,woody,amber,earthy
unisex,4.03,woody,oud,warm spicy
unisex,4.03,aromatic,woody,fresh spicy
women,4.03,white floral,floral,fresh
men,4.03,citrus,fresh spicy,woody
women,4.03,woody,warm spicy,sweet
unisex,4.03,citrus,vanilla,amber
women,4.03,woody,warm spicy,patchouli
women,4.03,citrus,powdery,aldehydic
women,4.03,white floral,citrus,sweet
unisex,4.03,woody,floral,aromatic
women,4.03,fruity,rose,amber
women,4.03,rose,amber,iris
women,4.03,rose,woody,citrus
women,4.03,woody,sweet,fruity
men,4.03,leather,woody,ozonic
women,4.03,fruity,sweet,citrus
women,4.03,vanilla,sweet,white floral
women,4.03,sweet,white floral,citrus
women,4.03,fruity,sweet,floral
women,4.03,white floral,vanilla,citrus
men,4.03,citrus,leather,woody
men,4.03,vanilla,citrus,lavender
unisex,4.03,woody,aromatic,warm spicy
unisex,4.03,warm spicy,woody,rose
women,4.03,warm spicy,amber,smoky
men,4.03,woody,aromatic,warm spicy
women,4.03,white floral,citrus,woody
women,4.03,aquatic,ozonic,floral
women,4.03,fruity,powdery,tropical
unisex,4.03,citrus,fresh spicy,aromatic
women,4.03,powdery,fruity,floral
women,4.03,earthy,mossy,warm spicy
women,4.03,woody,white floral,citrus
women,4.03,white floral,sweet,vanilla
women,4.03,fruity,ozonic,aquatic
men,4.03,aromatic,vanilla,green
women,4.03,white floral,vanilla,fruity
women,4.03,vanilla,sweet,almond
women,4.03,honey,sweet,citrus
women,4.03,white floral,fruity,sweet
women,4.03,sweet,vanilla,citrus
women,4.03,floral,powdery,violet
women,4.03,powdery,violet,vanilla
women,4.03,vanilla,powdery,sweet
unisex,4.03,fruity,sweet,fresh
unisex,4.03,citrus,woody,amber
unisex,4.03,musky,amber,woody
unisex,4.03,fruity,citrus,floral
unisex,4.03,white floral,sweet,woody
unisex,4.03,citrus,white floral,musky
women,4.03,woody,powdery,musky
unisex,4.03,woody,vanilla,sweet
women,4.03,rose,floral,fresh
men,4.03,amber,citrus,warm spicy
women,4.03,rose,vanilla,powdery
unisex,4.03,citrus,woody,powdery
women,4.03,sweet,vanilla,coconut
women,4.03,white floral,musky,tuberose
women,4.03,musky,rose,woody
women,4.03,amber,balsamic,warm spicy
women,4.03,woody,oud,balsamic
men,4.03,woody,aromatic,earthy
women,4.03,fruity,fresh,white floral
men,4.03,aromatic,marine,woody
women,4.03,fruity,sweet,white floral
unisex,4.03,citrus,fruity,aromatic
men,4.03,citrus,fresh spicy,aromatic
women,4.03,woody,warm spicy,floral
unisex,4.03,white floral,tuberose,aromatic
women,4.03,green,aromatic,fresh spicy
women,4.03,floral,woody,rose
women,4.03,fruity,sweet,vanilla
women,4.03,rose,patchouli,aromatic
women,4.03,citrus,powdery,white floral
women,4.03,white floral,floral,fruity
women,4.03,vanilla,citrus,powdery
men,4.03,citrus,aromatic,fresh spicy
unisex,4.03,oud,leather,almond
women,4.03,white floral,citrus,vanilla
women,4.03,white floral,citrus,vanilla
men,4.03,aromatic,woody,fresh spicy
unisex,4.03,leather,fresh spicy,aromatic
men,4.03,ozonic,aquatic,fruity
women,4.03,citrus,floral,ozonic
men,4.03,lavender,fresh spicy,aromatic
women,4.03,floral,rose,fruity
unisex,4.03,warm spicy,woody,vanilla
women,4.03,powdery,fruity,sweet
women,4.03,white floral,tuberose,citrus
men,4.03,fresh spicy,lavender,aromatic
women,4.03,tropical,coconut,fruity
women,4.03,fruity,rose,sweet
women,4.03,floral,sweet,powdery
women,4.03,citrus,fruity,green
men,4.03,aromatic,fresh spicy,woody
women,4.03,floral,fruity,fresh
women,4.03,powdery,vanilla,iris
unisex,4.03,woody,powdery,fruity
women,4.03,white floral,powdery,floral
women,4.03,fruity,sweet,floral
unisex,4.03,vanilla,powdery,fresh spicy
unisex,4.03,fruity,tropical,sweet
women,4.03,white floral,amber,citrus
unisex,4.03,white floral,tropical,vanilla
women,4.03,floral,green,fruity
men,4.03,fresh spicy,soft spicy,ozonic
women,4.03,citrus,amber,warm spicy
women,4.03,floral,sweet,yellow floral
women,4.03,tropical,floral,fruity
men,4.03,citrus,fresh spicy,amber
women,4.03,rose,floral,fruity
women,4.03,fruity,musky,iris
women,4.03,citrus,woody,aromatic
unisex,4.03,woody,amber,fresh spicy
women,4.03,tropical,sweet,fruity
men,4.03,aromatic,white floral,citrus
unisex,4.03,aromatic,green,fresh spicy
women,4.03,white floral,floral,powdery
women,4.03,woody,powdery,earthy
men,4.03,fresh spicy,citrus,green
men,4.03,woody,green,lavender
unisex,4.03,oud,fresh spicy,woody
women,4.03,musky,powdery,rose
women,4.03,floral,powdery,musky
men,4.03,aromatic,amber,woody
women,4.03,vanilla,sweet,cacao
unisex,4.03,warm spicy,powdery,iris
women,4.03,fruity,sweet,fresh
unisex,4.03,white floral,vanilla,warm spicy
women,4.03,vanilla,powdery,woody
men,4.03,aromatic,woody,fresh spicy
women,4.03,green,woody,fresh
women,4.03,white floral,yellow floral,sweet
men,4.03,woody,citrus,aromatic
unisex,4.03,fresh spicy,green,aromatic
women,4.03,fruity,sweet,floral
women,4.03,fruity,sweet,woody
men,4.03,aromatic,amber,citrus
unisex,4.03,powdery,warm spicy,yellow floral
unisex,4.03,warm spicy,rose,fresh spicy
unisex,4.03,rose,warm spicy,woody
unisex,4.03,woody,oud,patchouli
men,4.03,aromatic,fresh spicy,woody
men,4.03,oud,amber,leather
women,4.03,floral,powdery,woody
women,4.03,citrus,floral,aquatic
women,4.03,citrus,woody,fruity
women,4.03,woody,floral,amber
men,4.03,citrus,white floral,amber
women,4.03,citrus,green,woody
women,4.03,citrus,aromatic,woody
women,4.03,white floral,citrus,green
women,4.03,sweet,vanilla,fruity
men,4.03,woody,fresh spicy,warm spicy
men,4.03,woody,fresh spicy,aromatic
unisex,4.03,sweet,vanilla,cherry
unisex,4.03,citrus,musky,powdery
men,4.03,ozonic,aquatic,aromatic
women,4.03,sweet,powdery,violet
unisex,4.03,white floral,mossy,aromatic
unisex,4.03,woody,musky,animalic
unisex,4.03,warm spicy,woody,amber
unisex,4.03,rose,citrus,fruity
women,4.03,woody,green,amber
men,4.03,citrus,aromatic,warm spicy
unisex,4.03,citrus,aromatic,marine
unisex,4.03,sweet,floral,warm spicy
unisex,4.03,warm spicy,rose,woody
unisex,4.03,warm spicy,woody,leather
women,4.03,powdery,violet,vanilla
men,4.03,citrus,aromatic,woody
women,4.03,citrus,fruity,white floral
women,4.03,green,citrus,floral
unisex,4.03,rose,warm spicy,citrus
women,4.03,powdery,citrus,aromatic
unisex,4.03,citrus,white floral,floral
women,4.03,white floral,tuberose,woody
men,4.03,citrus,woody,aromatic
men,4.03,aromatic,woody,green
men,4.03,ozonic,aquatic,floral
women,4.03,sweet,fruity,vanilla
women,4.03,floral,fresh,white floral
unisex,4.03,citrus,warm spicy,woody
women,4.03,fruity,amber,oud
unisex,4.03,soft spicy,anis,sweet
unisex,4.03,citrus,woody,white floral
unisex,4.03,woody,aromatic,green
women,4.03,citrus,floral,aromatic
men,4.03,fruity,citrus,sweet
women,4.03,sweet,fruity,woody
men,4.03,fruity,tobacco,sweet
women,4.03,white floral,fruity,fresh
women,4.03,fruity,sweet,caramel
women,4.03,warm spicy,amber,coffee
men,4.03,woody,warm spicy,amber
unisex,4.03,vanilla,sweet,caramel
men,4.03,woody,aromatic,earthy
women,4.03,vanilla,warm spicy,sweet
women,4.03,white floral,green,fresh
unisex,4.03,yellow floral,powdery,aldehydic
men,4.03,amber,rose,sweet
women,4.03,floral,citrus,white floral
women,4.03,musky,amber,powdery
women,4.03,fruity,sweet,woody
women,4.03,fruity,sweet,woody
women,4.03,sweet,fruity,powdery
unisex,4.03,floral,leather,fruity
women,4.03,woody,oud,fruity
women,4.03,warm spicy,fresh spicy,aromatic
men,4.03,oud,leather,warm spicy
women,4.03,powdery,violet,woody
women,4.03,vanilla,sweet,caramel
women,4.03,rose,musky,fruity
unisex,4.03,citrus,sweet,white floral
unisex,4.03,rose,amber,vanilla
men,4.03,aromatic,woody,floral
women,4.03,floral,sweet,almond
unisex,4.03,white floral,tuberose,
men,4.03,warm spicy,amber,woody
women,4.03,floral,green,fresh
unisex,4.03,citrus,ozonic,aquatic
unisex,4.03,woody,aromatic,citrus
women,4.03,floral,fresh,fruity
women,4.03,yellow floral,ozonic,powdery
unisex,4.03,warm spicy,woody,patchouli
unisex,4.03,citrus,fruity,musky
women,4.03,powdery,vanilla,violet
unisex,4.03,citrus,aromatic,green
men,4.03,woody,aromatic,warm spicy
unisex,4.03,warm spicy,woody,patchouli
women,4.03,powdery,violet,iris
unisex,4.03,sweet,vanilla,fruity
men,4.03,citrus,woody,aromatic
men,4.03,citrus,green,woody
unisex,4.03,woody,patchouli,warm spicy
women,4.03,vanilla,powdery,almond
unisex,4.03,citrus,earthy,woody
unisex,4.03,woody,citrus,aromatic
unisex,4.03,aromatic,woody,fresh spicy
unisex,4.03,fresh spicy,warm spicy,aromatic
women,4.03,vanilla,warm spicy,amber
unisex,4.03,white floral,amber,warm spicy
women,4.03,rose,floral,fresh
women,4.03,green,fresh,aromatic
women,4.03,vanilla,powdery,floral
women,4.03,fruity,vanilla,sweet
men,4.03,citrus,woody,aromatic
men,4.03,citrus,green,aromatic
unisex,4.03,woody,powdery,warm spicy
women,4.03,sweet,fruity,woody
men,4.03,citrus,woody,vanilla
unisex,4.03,vanilla,patchouli,woody
women,4.03,white floral,tuberose,green
unisex,4.03,amber,smoky,warm spicy
unisex,4.03,woody,aromatic,green
men,4.03,tobacco,woody,powdery
unisex,4.03,aldehydic,woody,fresh spicy
women,4.03,white floral,tuberose,citrus
men,4.03,aromatic,woody,warm spicy
women,4.03,aromatic,herbal,warm spicy
women,4.03,white floral,fruity,citrus
men,4.03,citrus,aromatic,woody
women,4.03,rose,fresh spicy,aromatic
unisex,4.03,warm spicy,amber,woody
women,4.03,amber,sweet,warm spicy
women,4.03,woody,fruity,patchouli
women,4.03,floral,fresh,citrus
women,4.03,fruity,powdery,sweet
women,4.03,citrus,rose,green
unisex,4.03,vanilla,citrus,warm spicy
unisex,4.03,sweet,almond,fruity
men,4.03,citrus,warm spicy,fresh spicy
women,4.03,citrus,fruity,sweet
unisex,4.03,sweet,almond,soft spicy
men,4.03,fresh spicy,aromatic,amber
unisex,4.03,aromatic,woody,citrus
unisex,4.03,soft spicy,anis,tobacco
men,4.03,vanilla,almond,woody
unisex,4.03,warm spicy,rose,cacao
unisex,4.03,woody,citrus,rose
unisex,4.03,floral,rose,white floral
women,4.03,floral,citrus,fresh
unisex,4.03,amber,green,powdery
women,4.03,citrus,floral,fruity
unisex,4.03,powdery,woody,patchouli
women,4.03,floral,fruity,sweet
unisex,4.03,fruity,floral,sweet
women,4.03,powdery,violet,white floral
unisex,4.03,rose,musky,warm spicy
unisex,4.03,vanilla,sweet,powdery
men,4.03,vanilla,citrus,white floral
women,4.03,sweet,lactonic,vanilla
unisex,4.03,woody,leather,vanilla
women,4.03,woody,earthy,fruity
women,4.03,vanilla,fruity,woody
men,4.03,vanilla,warm spicy,aromatic
unisex,4.03,citrus,fresh spicy,aromatic
men,4.03,amber,musky,woody
unisex,4.03,amber,woody,floral
unisex,4.03,amber,warm spicy,citrus
unisex,4.03,woody,amber,warm spicy
unisex,4.03,musky,floral,powdery
women,4.03,citrus,green,fresh spicy
women,4.03,white floral,tuberose,fruity
unisex,4.03,sweet,floral,honey
men,4.03,aromatic,tobacco,woody
unisex,4.03,warm spicy,woody,amber
unisex,4.03,woody,amber,warm spicy
unisex,4.03,warm spicy,woody,amber
unisex,4.03,warm spicy,rose,oud
men,4.03,woody,amber,musky
women,4.03,rose,amber,woody
unisex,4.03,sweet,nutty,woody
women,4.03,amber,sweet,white floral
women,4.03,fruity,oud,sweet
women,4.03,rose,powdery,vanilla
unisex,4.03,floral,citrus,musky
men,4.03,citrus,woody,aromatic
unisex,4.03,white floral,amber,animalic
women,4.03,fruity,violet,sweet
women,4.03,white floral,citrus,woody
unisex,4.03,amber,smoky,woody
unisex,4.03,amber,aromatic,vanilla
women,4.03,floral,rose,woody
unisex,4.03,warm spicy,woody,sweet
unisex,4.03,warm spicy,woody,vanilla
unisex,4.03,woody,amber,balsamic
men,4.03,aromatic,green,fresh spicy
men,4.03,warm spicy,woody,amber
women,4.03,almond,sweet,nutty
unisex,4.03,amber,warm spicy,woody
unisex,4.03,rose,warm spicy,fruity
women,4.03,rose,white floral,citrus
women,4.03,woody,white floral,sweet
unisex,4.03,amber,fresh spicy,balsamic
women,4.03,white floral,citrus,fresh spicy
men,4.03,warm spicy,citrus,aromatic
unisex,4.03,powdery,vanilla,cherry
unisex,4.03,leather,powdery,woody
unisex,4.03,musky,powdery,woody
unisex,4.03,green,aquatic,fresh spicy
women,4.03,amber,woody,cacao
women,4.03,rose,fruity,powdery
unisex,4.03,warm spicy,leather,rose
women,4.03,citrus,fresh,ozonic
men,4.03,aromatic,woody,sweet
women,4.03,fruity,white floral,floral
unisex,4.03,citrus,warm spicy,oud
women,4.03,powdery,woody,violet
unisex,4.03,citrus,woody,powdery
men,4.03,aromatic,fruity,fresh spicy
women,4.04,vanilla,sweet,fruity
unisex,4.04,citrus,tobacco,floral
women,4.04,sweet,fruity,tropical
men,4.04,green,citrus,fruity
men,4.04,fruity,sweet,warm spicy
men,4.04,woody,aromatic,yellow floral
women,4.04,fruity,woody,rose
men,4.04,aromatic,warm spicy,woody
men,4.04,warm spicy,woody,ozonic
women,4.04,powdery,vanilla,fruity
women,4.04,vanilla,musky,powdery
men,4.04,woody,fresh spicy,aromatic
women,4.04,floral,amber,woody
women,4.04,citrus,coconut,sweet
women,4.04,floral,fruity,sweet
women,4.04,sweet,vanilla,caramel
unisex,4.04,citrus,fresh spicy,green
women,4.04,woody,powdery,musky
women,4.04,vanilla,warm spicy,green
men,4.04,warm spicy,aromatic,woody
women,4.04,warm spicy,woody,sweet
women,4.04,powdery,floral,musky
men,4.04,fresh spicy,woody,amber
unisex,4.04,aromatic,woody,patchouli
women,4.04,rose,woody,patchouli
women,4.04,citrus,fresh spicy,powdery
women,4.04,floral,musky,woody
women,4.04,white floral,cacao,warm spicy
men,4.04,aromatic,fresh spicy,citrus
women,4.04,citrus,warm spicy,amber
women,4.04,citrus,rose,musky
women,4.04,tuberose,white floral,citrus
men,4.04,citrus,woody,powdery
unisex,4.04,woody,aromatic,fresh spicy
unisex,4.04,white floral,aquatic,floral
unisex,4.04,woody,aromatic,floral
men,4.04,citrus,woody,fresh spicy
women,4.04,marine,fruity,aromatic
women,4.04,floral,citrus,musky
women,4.04,white floral,floral,tuberose
women,4.04,aromatic,woody,fresh spicy
women,4.04,white floral,citrus,woody
women,4.04,white floral,citrus,floral
men,4.04,citrus,woody,amber
women,4.04,white floral,sweet,citrus
women,4.04,floral,powdery,fruity
unisex,4.04,floral,fresh spicy,rose
women,4.04,sweet,cherry,fruity
women,4.04,tropical,fruity,sweet
men,4.04,aromatic,woody,citrus
unisex,4.04,leather,tobacco,aromatic
women,4.04,floral,fruity,powdery
women,4.04,white floral,citrus,iris
unisex,4.04,leather,woody,citrus
women,4.04,fruity,amber,floral
unisex,4.04,powdery,woody,yellow floral
women,4.04,rose,fruity,musky
men,4.04,woody,citrus,aromatic
men,4.04,aromatic,floral,green
unisex,4.04,rose,oud,fresh spicy
unisex,4.04,woody,aromatic,fruity
women,4.04,white floral,yellow floral,vanilla
women,4.04,earthy,warm spicy,aromatic
women,4.04,citrus,white floral,vanilla
men,4.04,citrus,woody,aromatic
men,4.04,aromatic,citrus,woody
women,4.04,amber,warm spicy,woody
women,4.04,white floral,tuberose,animalic
unisex,4.04,musky,salty,aromatic
women,4.04,fruity,fresh,tropical
men,4.04,aromatic,fresh spicy,woody
unisex,4.04,vanilla,powdery,sweet
unisex,4.04,woody,amber,warm spicy
women,4.04,white floral,rose,sweet
unisex,4.04,woody,oud,powdery
unisex,4.04,fruity,warm spicy,amber
unisex,4.04,sweet,woody,aromatic
unisex,4.04,citrus,amber,fresh spicy
unisex,4.04,fruity,white floral,sweet
unisex,4.04,leather,animalic,citrus
unisex,4.04,citrus,woody,powdery
women,4.04,floral,yellow floral,green
unisex,4.04,citrus,fresh spicy,green
unisex,4.04,fruity,sweet,fresh
women,4.04,sweet,fruity,cherry
women,4.04,musky,woody,powdery
men,4.04,woody,aromatic,fresh spicy
unisex,4.04,woody,vanilla,warm spicy
unisex,4.04,citrus,aromatic,fruity
unisex,4.04,rose,warm spicy,oud
men,4.04,woody,powdery,green
unisex,4.04,fruity,citrus,white floral
unisex,4.04,citrus,leather,green
unisex,4.04,woody,vanilla,animalic
unisex,4.04,citrus,aromatic,marine
men,4.04,aromatic,woody,fruity
men,4.04,aromatic,fresh spicy,woody
women,4.04,white floral,citrus,amber
women,4.04,citrus,white floral,fresh spicy
women,4.04,floral,fresh spicy,patchouli
women,4.04,warm spicy,marine,sweet
women,4.04,woody,powdery,rose
men,4.04,woody,fresh spicy,powdery
women,4.04,fruity,sweet,rose
women,4.04,rose,musky,woody
women,4.04,citrus,fruity,tropical
women,4.04,floral,fruity,yellow floral
women,4.04,powdery,iris,white floral
women,4.04,floral,powdery,woody
unisex,4.04,woody,warm spicy,powdery
women,4.04,white floral,floral,fresh spicy
men,4.04,sweet,warm spicy,citrus
women,4.04,soft spicy,white floral,floral
men,4.04,aromatic,fresh spicy,woody
women,4.04,fruity,soft spicy,fresh
men,4.04,amber,smoky,leather
men,4.04,yellow floral,woody,aromatic
women,4.04,floral,green,woody
men,4.04,citrus,fresh spicy,warm spicy
unisex,4.04,woody,aromatic,citrus
men,4.04,warm spicy,coffee,fresh spicy
women,4.04,woody,vanilla,floral
women,4.04,citrus,white floral,sweet
women,4.04,powdery,rose,musky
women,4.04,white floral,citrus,iris
men,4.04,fresh spicy,lavender,amber
women,4.04,tuberose,coconut,vanilla
women,4.04,woody,fruity,amber
unisex,4.04,powdery,citrus,violet
women,4.04,almond,green,powdery
men,4.04,oud,fruity,green
unisex,4.04,amber,powdery,balsamic
unisex,4.04,oud,leather,vanilla
unisex,4.04,amber,warm spicy,balsamic
unisex,4.04,woody,white floral,floral
unisex,4.04,woody,patchouli,warm spicy
men,4.04,amber,powdery,fresh spicy
unisex,4.04,white floral,citrus,floral
women,4.04,white floral,citrus,aquatic
men,4.04,citrus,warm spicy,woody
women,4.04,iris,powdery,musky
men,4.04,aromatic,fresh spicy,woody
women,4.04,citrus,aromatic,sand
men,4.04,aromatic,citrus,marine
unisex,4.04,rose,patchouli,woody
women,4.04,rose,amber,floral
women,4.04,citrus,powdery,floral
women,4.04,sweet,fruity,vanilla
women,4.04,powdery,floral,fruity
men,4.04,aromatic,woody,fresh spicy
unisex,4.04,amber,sweet,rose
unisex,4.04,amber,citrus,vanilla
women,4.04,vanilla,cherry,sweet
women,4.04,citrus,floral,amber
women,4.04,warm spicy,floral,woody
men,4.04,fresh spicy,woody,aldehydic
women,4.04,vanilla,white floral,woody
women,4.04,white floral,sweet,fruity
women,4.04,fresh,floral,green
women,4.04,floral,vanilla,fresh
men,4.04,fresh spicy,aromatic,amber
women,4.04,white floral,coffee,warm spicy
women,4.04,rose,vanilla,floral
unisex,4.04,citrus,warm spicy,woody
women,4.04,vanilla,powdery,musky
women,4.04,vanilla,sweet,powdery
women,4.04,sweet,fruity,citrus
men,4.04,woody,warm spicy,aromatic
women,4.04,fruity,woody,citrus
men,4.04,woody,aromatic,fresh spicy
men,4.04,fresh spicy,aromatic,citrus
women,4.04,fruity,sweet,floral
women,4.04,citrus,white floral,sweet
women,4.04,sweet,powdery,yellow floral
women,4.04,citrus,white floral,floral
men,4.04,amber,fresh spicy,warm spicy
unisex,4.04,leather,woody,amber
women,4.04,floral,woody,warm spicy
unisex,4.04,citrus,fresh spicy,woody
unisex,4.04,leather,warm spicy,amber
unisex,4.04,aromatic,woody,lavender
men,4.04,aromatic,fresh spicy,warm spicy
men,4.04,woody,green,fruity
unisex,4.04,white floral,tuberose,warm spicy
men,4.04,warm spicy,woody,vanilla
women,4.04,citrus,white floral,mossy
women,4.04,musky,floral,citrus
women,4.04,iris,powdery,vanilla
women,4.04,citrus,white floral,woody
women,4.04,green,floral,fruity
men,4.04,fresh spicy,amber,warm spicy
unisex,4.04,white floral,floral,sweet
women,4.04,citrus,floral,woody
women,4.04,green,fruity,floral
men,4.04,fresh spicy,aromatic,woody
unisex,4.04,fresh spicy,citrus,aromatic
women,4.04,floral,rose,citrus
men,4.04,woody,aromatic,fresh spicy
men,4.04,aromatic,warm spicy,citrus
unisex,4.04,amber,balsamic,animalic
men,4.04,fresh spicy,woody,aromatic
women,4.04,fruity,vanilla,amber
women,4.04,fruity,floral,aquatic
unisex,4.04,woody,aromatic,fresh spicy
unisex,4.04,woody,leather,warm spicy
men,4.04,woody,aromatic,fresh spicy
unisex,4.04,woody,amber,warm spicy
women,4.04,vanilla,amber,floral
women,4.04,woody,rose,floral
women,4.04,sweet,floral,fruity
unisex,4.04,amber,rose,animalic
women,4.04,fresh spicy,aromatic,floral
women,4.04,green,floral,woody
unisex,4.04,vanilla,amber,fruity
unisex,4.04,warm spicy,sweet,woody
unisex,4.04,woody,warm spicy,cacao
men,4.04,aromatic,woody,honey
women,4.04,white floral,floral,yellow floral
women,4.04,white floral,tuberose,animalic
women,4.04,vanilla,sweet,fruity
women,4.04,sweet,vanilla,fruity
women,4.04,white floral,citrus,almond
unisex,4.04,woody,amber,fresh spicy
unisex,4.04,woody,musky,rose
unisex,4.04,aromatic,leather,fresh spicy
unisex,4.04,woody,patchouli,balsamic
women,4.04,sweet,fruity,powdery
women,4.04,fruity,sweet,warm spicy
unisex,4.04,nutty,citrus,vanilla
men,4.04,woody,citrus,warm spicy
women,4.04,white floral,citrus,floral
men,4.04,amber,leather,citrus
women,4.04,fruity,sweet,fresh
women,4.04,white floral,green,woody
men,4.04,woody,aquatic,powdery
unisex,4.04,musky,amber,animalic
unisex,4.04,aromatic,warm spicy,vanilla
unisex,4.04,aromatic,fresh spicy,woody
unisex,4.04,amber,citrus,warm spicy
men,4.04,aromatic,fresh spicy,woody
unisex,4.04,aromatic,woody,green
women,4.04,powdery,white floral,vanilla
women,4.04,fruity,citrus,sweet
unisex,4.04,amber,aromatic,fresh spicy
women,4.04,vanilla,lactonic,almond
unisex,4.04,aromatic,lavender,herbal
women,4.04,fruity,rose,woody
women,4.04,rose,warm spicy,fruity
unisex,4.04,citrus,aromatic,woody
women,4.04,white floral,citrus,fresh
women,4.04,floral,sweet,honey
women,4.04,white floral,vanilla,citrus
men,4.04,aromatic,woody,amber
men,4.04,woody,aquatic,aromatic
women,4.04,fruity,woody,sweet
unisex,4.04,powdery,fresh spicy,musky
unisex,4.04,woody,amber,powdery
women,4.04,sweet,citrus,honey
men,4.04,citrus,fresh spicy,warm spicy
women,4.04,white floral,amber,vanilla
unisex,4.04,sweet,vanilla,powdery
unisex,4.04,vanilla,warm spicy,woody
unisex,4.04,soft spicy,musky,warm spicy
unisex,4.04,citrus,sweet,aromatic
women,4.04,cherry,floral,musky
women,4.04,warm spicy,cinnamon,amber
unisex,4.04,amber,powdery,warm spicy
unisex,4.04,amber,woody,warm spicy
unisex,4.04,woody,warm spicy,powdery
unisex,4.04,fruity,woody,fresh spicy
women,4.04,cherry,sweet,almond
women,4.04,floral,rose,woody
unisex,4.04,warm spicy,white floral,woody
women,4.04,sweet,vanilla,powdery
women,4.04,fruity,tropical,sweet
women,4.04,rose,floral,fresh
unisex,4.04,citrus,woody,powdery
women,4.04,musky,sweet,yellow floral
unisex,4.04,floral,white floral,aromatic
unisex,4.04,yellow floral,sweet,citrus
women,4.04,fruity,fresh spicy,woody
men,4.04,aromatic,woody,aldehydic
unisex,4.04,sweet,caramel,vanilla
women,4.04,sweet,vanilla,
unisex,4.04,amber,woody,citrus
women,4.04,fruity,sweet,citrus
men,4.04,vanilla,amber,warm spicy
unisex,4.04,yellow floral,powdery,fresh spicy
unisex,4.04,woody,aromatic,fresh spicy
unisex,4.04,woody,fresh spicy,sweet
women,4.04,sweet,vanilla,coconut
unisex,4.04,warm spicy,earthy,patchouli
women,4.04,green,floral,white floral
women,4.04,iris,powdery,woody
unisex,4.04,woody,fresh spicy,amber
women,4.04,white floral,musky,aquatic
unisex,4.04,aromatic,herbal,amber
unisex,4.04,leather,sweet,floral
unisex,4.04,fresh spicy,musky,amber
women,4.04,powdery,amber,violet
unisex,4.04,vanilla,white floral,sweet
women,4.04,powdery,amber,musky
women,4.04,rose,floral,fresh
unisex,4.04,amber,floral,rose
unisex,4.04,floral,citrus,white floral
unisex,4.04,tobacco,fresh spicy,sweet
unisex,4.04,amber,woody,balsamic
women,4.04,fruity,sweet,powdery
unisex,4.04,powdery,vanilla,woody
women,4.04,vanilla,sweet,almond
unisex,4.04,rose,oud,amber
unisex,4.04,green,aromatic,warm spicy
women,4.04,white floral,amber,vanilla
men,4.04,woody,aromatic,fresh spicy
women,4.04,floral,tropical,fruity
women,4.04,caramel,citrus,sweet
men,4.04,aromatic,amber,powdery
women,4.04,fruity,green,sweet
unisex,4.04,aldehydic,yellow floral,powdery
men,4.04,vanilla,floral,citrus
men,4.04,citrus,woody,fresh spicy
women,4.04,green,musky,white floral
unisex,4.04,aromatic,powdery,lavender
men,4.04,aquatic,marine,aromatic
men,4.04,fresh spicy,vanilla,powdery
men,4.04,leather,smoky,woody
unisex,4.04,white floral,yellow floral,fruity
women,4.04,sweet,fruity,caramel
men,4.04,aromatic,fresh spicy,woody
women,4.04,amber,floral,sweet
men,4.04,citrus,fresh spicy,woody
women,4.04,white floral,fruity,sweet
men,4.04,musky,rose,powdery
women,4.04,amber,warm spicy,vanilla
unisex,4.04,warm spicy,cinnamon,sweet
women,4.04,fruity,fresh,vanilla
women,4.04,vanilla,amber,woody
women,4.04,rose,patchouli,woody
women,4.04,sweet,fruity,floral
unisex,4.04,green,aromatic,fresh spicy
unisex,4.04,fresh spicy,woody,citrus
unisex,4.04,aromatic,fresh spicy,citrus
men,4.04,aromatic,fresh spicy,herbal
women,4.04,floral,fruity,powdery
women,4.04,woody,white floral,powdery
unisex,4.04,sweet,vanilla,lactonic
unisex,4.04,amber,warm spicy,woody
men,4.04,tobacco,citrus,sweet
women,4.04,citrus,floral,aromatic
unisex,4.04,white floral,green,citrus
unisex,4.04,floral,citrus,fruity
women,4.04,floral,soft spicy,powdery
women,4.04,sweet,fruity,vanilla
women,4.04,floral,aquatic,citrus
unisex,4.04,white floral,woody,musky
men,4.04,fruity,sweet,woody
unisex,4.04,white floral,citrus,floral
unisex,4.04,rose,amber,warm spicy
women,4.04,white floral,citrus,floral
women,4.04,vanilla,amber,powdery
unisex,4.04,amber,animalic,white floral
women,4.04,sweet,caramel,vanilla
unisex,4.04,citrus,woody,aromatic
unisex,4.04,amber,vanilla,balsamic
unisex,4.04,citrus,fresh spicy,soft spicy
women,4.04,white floral,woody,citrus
men,4.04,lavender,vanilla,aromatic
unisex,4.04,amber,woody,oud
unisex,4.04,warm spicy,fresh spicy,vanilla
men,4.04,aromatic,fresh spicy,woody
men,4.04,aromatic,fresh spicy,citrus
unisex,4.04,rose,amber,woody
unisex,4.04,fresh spicy,powdery,aromatic
unisex,4.04,citrus,mossy,amber
unisex,4.04,citrus,fresh spicy,warm spicy
men,4.04,woody,aromatic,warm spicy
men,4.04,citrus,woody,sweet
men,4.04,aromatic,woody,marine
women,4.04,amber,woody,musky
unisex,4.04,aromatic,woody,fresh spicy
women,4.04,woody,aromatic,green
men,4.04,amber,smoky,fresh spicy
unisex,4.04,patchouli,woody,warm spicy
unisex,4.04,floral,woody,warm spicy
men,4.04,green,aromatic,tuberose
men,4.05,powdery,citrus,ozonic
men,4.05,warm spicy,woody,fresh spicy
men,4.05,aromatic,woody,leather
women,4.05,white floral,musky,fruity
women,4.05,citrus,floral,woody
women,4.05,white floral,fruity,woody
women,4.05,fruity,sweet,woody
women,4.05,fruity,fresh,floral
unisex,4.05,warm spicy,woody,floral
unisex,4.05,white floral,fruity,fresh
women,4.05,floral,aquatic,white floral
men,4.05,aromatic,woody,fresh spicy
unisex,4.05,citrus,lactonic,green
women,4.05,powdery,violet,floral
women,4.05,sweet,white floral,vanilla
women,4.05,caramel,sweet,cinnamon
women,4.05,citrus,fruity,sweet
women,4.05,citrus,floral,aromatic
men,4.05,warm spicy,woody,aromatic
men,4.05,vanilla,aromatic,woody
unisex,4.05,citrus,white floral,musky
women,4.05,white floral,green,soft spicy
men,4.05,woody,citrus,aquatic
women,4.05,musky,patchouli,powdery
women,4.05,powdery,woody,musky
women,4.05,vanilla,sweet,musky
women,4.05,white floral,floral,powdery
unisex,4.05,musky,powdery,woody
unisex,4.05,vanilla,amber,powdery
men,4.05,aromatic,fresh spicy,green
men,4.05,aquatic,citrus,ozonic
women,4.05,warm spicy,woody,powdery
men,4.05,fresh spicy,aromatic,woody
women,4.05,citrus,white floral,aromatic
women,4.05,white floral,citrus,musky
unisex,4.05,rose,patchouli,woody
women,4.05,sweet,fruity,citrus
unisex,4.05,vanilla,warm spicy,amber
women,4.05,woody,aromatic,earthy
unisex,4.05,green,aromatic,fresh spicy
men,4.05,aromatic,amber,woody
women,4.05,powdery,musky,woody
men,4.05,citrus,aromatic,warm spicy
men,4.05,aromatic,citrus,woody
women,4.05,amber,warm spicy,musky
women,4.05,vanilla,woody,soft spicy
women,4.05,citrus,floral,white floral
women,4.05,amber,aromatic,woody
women,4.05,floral,fresh,citrus
men,4.05,green,citrus,aromatic
women,4.05,rose,woody,fruity
unisex,4.05,oud,warm spicy,tropical
unisex,4.05,rose,oud,fruity
women,4.05,yellow floral,green,floral
women,4.05,rose,fruity,white floral
women,4.05,white floral,rose,green
women,4.05,citrus,white floral,vanilla
women,4.05,citrus,white floral,vanilla
women,4.05,woody,powdery,rose
women,4.05,white floral,floral,fruity
men,4.05,aromatic,fresh spicy,soft spicy
men,4.05,aromatic,warm spicy,woody
women,4.05,vanilla,floral,powdery
men,4.05,green,ozonic,woody
unisex,4.05,powdery,musky,green
women,4.05,oud,vanilla,rose
unisex,4.05,fruity,musky,floral
unisex,4.05,amber,warm spicy,rose
women,4.05,white floral,rose,citrus
unisex,4.05,amber,oud,woody
unisex,4.05,warm spicy,amber,leather
unisex,4.05,white floral,citrus,sweet
men,4.05,woody,citrus,fresh spicy
women,4.05,powdery,violet,iris
men,4.05,citrus,fresh spicy,aromatic
unisex,4.05,white floral,citrus,sweet
unisex,4.05,rose,aromatic,citrus
women,4.05,fruity,sweet,tropical
women,4.05,rose,citrus,floral
unisex,4.05,woody,aromatic,leather
unisex,4.05,warm spicy,oud,fruity
women,4.05,amber,vanilla,sweet
men,4.05,green,aromatic,citrus
men,4.05,rose,floral,musky
women,4.05,sweet,woody,patchouli
unisex,4.05,white floral,sweet,nutty
women,4.05,woody,musky,white floral
women,4.05,fruity,amber,warm spicy
women,4.05,fruity,sweet,aromatic
men,4.05,fresh spicy,aromatic,citrus
women,4.05,citrus,powdery,musky
unisex,4.05,citrus,fruity,fresh
women,4.05,white floral,tuberose,yellow floral
women,4.05,white floral,citrus,floral
women,4.05,fruity,rose,sweet
women,4.05,aromatic,green,fruity
women,4.05,fruity,sweet,caramel
unisex,4.05,white floral,leather,vanilla
women,4.05,powdery,musky,floral
unisex,4.05,vanilla,powdery,woody
women,4.05,fruity,floral,sweet
women,4.05,floral,fruity,rose
women,4.05,fruity,caramel,sweet
men,4.05,woody,green,fruity
women,4.05,floral,tropical,fruity
women,4.05,fruity,sweet,citrus
women,4.05,fruity,floral,fresh
unisex,4.05,patchouli,woody,citrus
men,4.05,aromatic,woody,citrus
men,4.05,green,aromatic,amber
women,4.05,citrus,fruity,floral
unisex,4.05,yellow floral,powdery,sweet
men,4.05,woody,citrus,aromatic
women,4.05,sweet,rose,fruity
women,4.05,citrus,green,mossy
women,4.05,citrus,green,fresh spicy
men,4.05,woody,aromatic,fresh spicy
men,4.05,vanilla,warm spicy,powdery
women,4.05,floral,citrus,fruity
women,4.05,powdery,vanilla,sweet
women,4.05,fruity,white floral,sweet
unisex,4.05,citrus,amber,powdery
unisex,4.05,woody,leather,aromatic
unisex,4.05,aromatic,woody,fresh spicy
men,4.05,citrus,warm spicy,fresh spicy
women,4.05,powdery,floral,vanilla
women,4.05,warm spicy,fresh spicy,vanilla
women,4.05,green,woody,aromatic
women,4.05,powdery,floral,violet
unisex,4.05,tobacco,warm spicy,cinnamon
unisex,4.05,musky,rose,patchouli
women,4.05,floral,sweet,fruity
women,4.05,fruity,sweet,fresh
women,4.05,vanilla,floral,cherry
women,4.05,floral,sweet,fruity
women,4.05,sweet,floral,fruity
women,4.05,citrus,floral,rose
women,4.05,rose,citrus,floral
women,4.05,citrus,floral,rose
unisex,4.05,amber,woody,tobacco
unisex,4.05,oud,lavender,rose
men,4.05,citrus,amber,white floral
unisex,4.05,citrus,vanilla,fresh spicy
unisex,4.05,woody,sweet,yellow floral
unisex,4.05,fruity,rose,floral
women,4.05,white floral,amber,floral
women,4.05,powdery,woody,musky
women,4.05,sweet,coffee,vanilla
men,4.05,fresh,aromatic,aquatic
women,4.05,rose,floral,fresh
women,4.05,fruity,woody,rose
women,4.05,musky,powdery,floral
women,4.05,vanilla,powdery,musky
women,4.05,aromatic,fresh spicy,green
women,4.05,warm spicy,oud,leather
women,4.05,salty,white floral,musky
women,4.05,floral,fresh,musky
men,4.05,citrus,fresh spicy,aromatic
unisex,4.05,vanilla,powdery,citrus
women,4.05,leather,woody,sweet
women,4.05,rose,vanilla,amber
men,4.05,fruity,sweet,woody
men,4.05,citrus,white floral,musky
women,4.05,woody,green,rose
women,4.05,rose,floral,fresh
unisex,4.05,woody,warm spicy,musky
women,4.05,white floral,woody,floral
women,4.05,citrus,floral,fruity
men,4.05,woody,musky,camphor
women,4.05,vanilla,patchouli,woody
women,4.05,vanilla,amber,citrus
men,4.05,aromatic,woody,soft spicy
women,4.05,iris,powdery,fruity
unisex,4.05,amber,musky,animalic
unisex,4.05,citrus,aromatic,fresh spicy
men,4.05,aromatic,citrus,green
unisex,4.05,woody,fresh spicy,warm spicy
men,4.05,sweet,warm spicy,vanilla
women,4.05,white floral,citrus,vanilla
men,4.05,marine,aromatic,warm spicy
men,4.05,citrus,aromatic,sweet
unisex,4.05,floral,fresh,musky
men,4.05,citrus,aromatic,marine
unisex,4.05,woody,citrus,warm spicy
women,4.05,floral,green,powdery
unisex,4.05,citrus,white floral,woody
women,4.05,floral,powdery,warm spicy
women,4.05,fruity,tropical,vanilla
unisex,4.05,amber,powdery,violet
men,4.05,citrus,lavender,warm spicy
women,4.05,citrus,woody,aromatic
women,4.05,white floral,fruity,sweet
women,4.05,fresh spicy,citrus,lavender
unisex,4.05,sweet,amber,fruity
men,4.05,aromatic,citrus,amber
unisex,4.05,amber,citrus,woody
men,4.05,fruity,woody,citrus
men,4.05,citrus,vanilla,fruity
unisex,4.05,warm spicy,woody,fruity
women,4.05,rose,powdery,violet
unisex,4.05,green,powdery,violet
men,4.05,woody,fresh spicy,aromatic
unisex,4.05,woody,fresh spicy,citrus
men,4.05,woody,citrus,aromatic
unisex,4.05,amber,anis,soft spicy
unisex,4.05,woody,white floral,sweet
unisex,4.05,rose,oud,warm spicy
unisex,4.05,fresh spicy,tobacco,citrus
women,4.05,citrus,white floral,aromatic
unisex,4.05,floral,rose,oud
unisex,4.05,fruity,woody,sweet
unisex,4.05,aromatic,fresh spicy,citrus
men,4.05,citrus,fresh spicy,aromatic
women,4.05,sweet,fruity,caramel
women,4.05,sweet,citrus,lactonic
women,4.05,patchouli,sweet,caramel
men,4.05,aromatic,woody,marine
men,4.05,vanilla,sweet,amber
men,4.05,white floral,aromatic,fresh spicy
men,4.05,citrus,fresh spicy,aromatic
women,4.05,white floral,powdery,floral
unisex,4.05,citrus,vanilla,caramel
men,4.05,citrus,aromatic,woody
men,4.05,woody,warm spicy,oud
unisex,4.05,warm spicy,leather,woody
unisex,4.05,musky,amber,fresh spicy
unisex,4.05,fruity,sweet,citrus
women,4.05,sweet,fruity,woody
women,4.05,oud,fruity,sweet
women,4.05,citrus,caramel,mossy
women,4.05,white floral,floral,powdery
women,4.05,floral,sweet,fruity
women,4.05,vanilla,sweet,powdery
unisex,4.05,floral,fruity,musky
men,4.05,fresh spicy,aromatic,leather
men,4.05,aromatic,woody,citrus
unisex,4.05,woody,aromatic,earthy
women,4.05,citrus,white floral,aromatic
women,4.05,citrus,woody,floral
women,4.05,woody,iris,powdery
women,4.05,woody,floral,fruity
women,4.05,powdery,warm spicy,iris
men,4.05,citrus,woody,fresh spicy
women,4.05,white floral,citrus,green
women,4.05,rose,violet,woody
unisex,4.05,green,powdery,citrus
women,4.05,rose,floral,fruity
men,4.05,aromatic,green,warm spicy
unisex,4.05,yellow floral,white floral,sweet
women,4.05,floral,white floral,powdery
unisex,4.05,white floral,vanilla,sweet
men,4.05,warm spicy,woody,aromatic
unisex,4.05,citrus,woody,aromatic
unisex,4.05,citrus,aromatic,white floral
unisex,4.05,woody,aromatic,fresh spicy
men,4.05,warm spicy,fresh spicy,citrus
women,4.05,white floral,sweet,yellow floral
women,4.05,fruity,woody,floral
men,4.05,fruity,musky,green
men,4.05,warm spicy,aromatic,ozonic
unisex,4.05,aromatic,woody,marine
unisex,4.05,floral,green,white floral
women,4.05,powdery,floral,iris
women,4.05,powdery,floral,iris
women,4.05,rose,amber,vanilla
men,4.05,aromatic,woody,warm spicy
unisex,4.05,rose,fresh spicy,herbal
women,4.05,woody,floral,powdery
men,4.05,fresh spicy,aromatic,green
unisex,4.05,tobacco,sweet,warm spicy
men,4.05,warm spicy,tobacco,vanilla
unisex,4.05,woody,oud,aromatic
unisex,4.05,floral,powdery,fresh spicy
women,4.05,woody,citrus,aromatic
women,4.05,sweet,fruity,powdery
unisex,4.05,woody,aromatic,earthy
unisex,4.05,rose,woody,leather
women,4.05,vanilla,white floral,powdery
unisex,4.05,woody,citrus,lavender
women,4.05,white floral,citrus,woody
women,4.05,fruity,woody,sweet
unisex,4.05,woody,amber,vanilla
unisex,4.05,aromatic,woody,iris
men,4.05,warm spicy,coffee,leather
unisex,4.05,citrus,white floral,powdery
unisex,4.05,citrus,woody,amber
unisex,4.05,citrus,white floral,woody
women,4.05,vanilla,aromatic,citrus
men,4.05,citrus,ozonic,aquatic
men,4.05,woody,citrus,powdery
unisex,4.05,aromatic,fresh spicy,citrus
unisex,4.05,woody,fruity,patchouli
unisex,4.05,woody,aromatic,warm spicy
unisex,4.05,rose,powdery,musky
unisex,4.05,citrus,aromatic,musky
women,4.05,floral,woody,sweet
unisex,4.05,sweet,fruity,tropical
women,4.05,vanilla,sweet,powdery
unisex,4.05,floral,fresh,rose
women,4.05,woody,white floral,balsamic
men,4.05,fresh spicy,leather,tobacco
men,4.05,aromatic,lavender,woody
men,4.05,vanilla,woody,sweet
women,4.05,powdery,yellow floral,sweet
unisex,4.05,green,yellow floral,floral
women,4.05,fruity,vanilla,sweet
women,4.05,citrus,woody,musky
men,4.05,woody,citrus,vanilla
unisex,4.05,nutty,vanilla,woody
unisex,4.05,almond,vanilla,nutty
unisex,4.05,amber,rose,oud
men,4.05,leather,white floral,animalic
women,4.05,fruity,almond,sweet
men,4.05,woody,citrus,aromatic
unisex,4.05,amber,sweet,balsamic
unisex,4.05,herbal,caramel,aromatic
unisex,4.05,rose,fruity,warm spicy
women,4.05,fruity,sweet,fresh
unisex,4.05,woody,oud,
women,4.05,floral,citrus,white floral
women,4.05,honey,sweet,floral
unisex,4.05,anis,soft spicy,powdery
men,4.05,woody,aromatic,fresh spicy
women,4.05,fruity,sweet,tropical
women,4.05,woody,floral,powdery
women,4.05,fruity,sweet,floral
women,4.05,amber,woody,balsamic
women,4.05,white floral,tuberose,woody
men,4.05,citrus,aromatic,fresh spicy
women,4.05,powdery,citrus,vanilla
women,4.05,woody,iris,powdery
women,4.05,citrus,woody,floral
women,4.05,powdery,sweet,woody
women,4.05,floral,fresh,woody
women,4.05,white floral,powdery,woody
women,4.05,fresh,white floral,aldehydic
women,4.05,yellow floral,citrus,powdery
women,4.05,white floral,tuberose,fruity
women,4.05,yellow floral,powdery,sweet
unisex,4.05,warm spicy,woody,amber
women,4.05,fruity,sweet,white floral
women,4.05,fruity,sweet,woody
women,4.05,citrus,green,fruity
unisex,4.05,citrus,white floral,woody
women,4.05,powdery,white floral,woody
women,4.05,citrus,caramel,sweet
unisex,4.05,warm spicy,amber,leather
unisex,4.06,floral,white floral,amber
women,4.06,sweet,fruity,vanilla
men,4.06,powdery,fresh,citrus
women,4.06,white floral,citrus,honey
men,4.06,woody,warm spicy,amber
men,4.06,citrus,woody,aromatic
men,4.06,citrus,aromatic,fresh spicy
men,4.06,citrus,vanilla,warm spicy
unisex,4.06,sweet,rose,warm spicy
women,4.06,fruity,sweet,woody
women,4.06,powdery,floral,violet
women,4.06,vanilla,powdery,sweet
women,4.06,floral,white floral,fresh
unisex,4.06,white floral,musky,rose
women,4.06,fruity,powdery,sweet
women,4.06,woody,rose,powdery
women,4.06,white floral,floral,powdery
unisex,4.06,green,aromatic,citrus
men,4.06,tobacco,warm spicy,amber
unisex,4.06,citrus,fruity,aromatic
unisex,4.06,citrus,aromatic,fruity
unisex,4.06,citrus,aromatic,sweet
men,4.06,amber,warm spicy,fresh spicy
men,4.06,warm spicy,cacao,fresh spicy
unisex,4.06,citrus,green,fresh spicy
women,4.06,powdery,violet,fruity
women,4.06,sweet,fruity,vanilla
women,4.06,woody,powdery,floral
unisex,4.06,woody,musky,warm spicy
unisex,4.06,vanilla,amber,powdery
unisex,4.06,aromatic,woody,fresh spicy
unisex,4.06,woody,aromatic,herbal
women,4.06,citrus,aromatic,fresh spicy
men,4.06,vanilla,white floral,sweet
women,4.06,white floral,yellow floral,tuberose
unisex,4.06,woody,aromatic,powdery
women,4.06,citrus,woody,aromatic
unisex,4.06,woody,patchouli,warm spicy
women,4.06,warm spicy,sweet,honey
unisex,4.06,citrus,white floral,musky
men,4.06,aromatic,marine,mineral
women,4.06,white floral,fresh,green
men,4.06,citrus,aromatic,green
women,4.06,white floral,citrus,fresh
women,4.06,citrus,white floral,fresh
unisex,4.06,woody,warm spicy,aromatic
men,4.06,woody,cacao,citrus
men,4.06,vanilla,citrus,musky
women,4.06,fruity,floral,white floral
women,4.06,fruity,rose,floral
men,4.06,aromatic,citrus,green
women,4.06,fruity,rose,patchouli
women,4.06,floral,fresh,powdery
women,4.06,floral,fresh,green
women,4.06,rose,sweet,almond
women,4.06,vanilla,lavender,woody
women,4.06,floral,lavender,vanilla
women,4.06,powdery,woody,yellow floral
women,4.06,vanilla,powdery,citrus
women,4.06,citrus,white floral,vanilla
women,4.06,woody,fresh spicy,aromatic
men,4.06,woody,citrus,amber
men,4.06,fresh spicy,aromatic,amber
women,4.06,citrus,floral,aromatic
unisex,4.06,soft spicy,anis,vanilla
unisex,4.06,citrus,floral,mossy
unisex,4.06,musky,powdery,rose
women,4.06,tuberose,violet,white floral
women,4.06,citrus,fruity,sweet
men,4.06,woody,powdery,warm spicy
men,4.06,warm spicy,lavender,citrus
unisex,4.06,mineral,leather,warm spicy
unisex,4.06,amber,rose,smoky
unisex,4.06,musky,amber,powdery
women,4.06,citrus,white floral,aromatic
women,4.06,white floral,fruity,fresh
women,4.06,powdery,violet,sweet
women,4.06,amber,woody,yellow floral
unisex,4.06,white floral,honey,floral
unisex,4.06,aromatic,citrus,fresh spicy
women,4.06,white floral,vanilla,amber
men,4.06,aromatic,citrus,fresh spicy
unisex,4.06,woody,vanilla,powdery
women,4.06,musky,floral,rose
women,4.06,woody,citrus,white floral
unisex,4.06,woody,oud,sweet
women,4.06,fruity,sweet,green
men,4.06,citrus,aromatic,soft spicy
men,4.06,patchouli,warm spicy,chocolate
women,4.06,white floral,fruity,amber
women,4.06,fruity,patchouli,rose
women,4.06,woody,violet,patchouli
women,4.06,musky,powdery,fruity
women,4.06,woody,rose,musky
women,4.06,floral,fresh,citrus
men,4.06,cinnamon,warm spicy,musky
women,4.06,warm spicy,fruity,sweet
men,4.06,warm spicy,powdery,aromatic
women,4.06,citrus,aquatic,fresh
women,4.06,sweet,fruity,vanilla
women,4.06,rose,fruity,soft spicy
women,4.06,fruity,sweet,white floral
women,4.06,fruity,sweet,vanilla
unisex,4.06,fresh spicy,woody,amber
unisex,4.06,aromatic,woody,earthy
unisex,4.06,sweet,coconut,woody
women,4.06,woody,warm spicy,leather
women,4.06,green,fresh spicy,fruity
women,4.06,vanilla,coconut,powdery
unisex,4.06,lavender,musky,white floral
women,4.06,rose,fruity,musky
women,4.06,amber,fruity,citrus
men,4.06,fruity,mineral,woody
women,4.06,woody,citrus,warm spicy
men,4.06,fresh spicy,aromatic,citrus
men,4.06,floral,leather,citrus
men,4.06,aromatic,green,amber
unisex,4.06,citrus,musky,powdery
women,4.06,white floral,warm spicy,soft spicy
women,4.06,musky,white floral,vanilla
men,4.06,aromatic,fresh spicy,green
unisex,4.06,warm spicy,rose,oud
women,4.06,powdery,vanilla,fruity
women,4.06,woody,yellow floral,floral
men,4.06,aromatic,citrus,fresh spicy
men,4.06,aromatic,fresh spicy,warm spicy
women,4.06,floral,white floral,warm spicy
men,4.06,fresh spicy,citrus,aromatic
women,4.06,tropical,coconut,sweet
women,4.06,sweet,violet,powdery
unisex,4.06,amber,woody,balsamic
unisex,4.06,fruity,sweet,woody
unisex,4.06,warm spicy,rose,woody
men,4.06,warm spicy,citrus,musky
women,4.06,amber,woody,balsamic
women,4.06,floral,fresh spicy,citrus
men,4.06,aromatic,woody,fresh spicy
men,4.06,citrus,coffee,aromatic
women,4.06,earthy,white floral,woody
women,4.06,iris,rose,powdery
women,4.06,white floral,woody,amber
women,4.06,woody,warm spicy,amber
women,4.06,floral,powdery,green
women,4.06,fruity,sweet,
women,4.06,fruity,sweet,vanilla
women,4.06,citrus,amber,white floral
women,4.06,sweet,vanilla,woody
women,4.06,floral,yellow floral,tropical
women,4.06,floral,tropical,fruity
women,4.06,white floral,woody,rose
women,4.06,lactonic,sweet,vanilla
women,4.06,woody,floral,patchouli
women,4.06,citrus,aromatic,amber
women,4.06,fruity,rose,woody
men,4.06,aromatic,citrus,fresh spicy
women,4.06,vanilla,fruity,sweet
men,4.06,citrus,aromatic,fresh spicy
women,4.06,woody,sweet,warm spicy
men,4.06,sweet,fruity,leather
women,4.06,citrus,fresh spicy,aromatic
men,4.06,fresh spicy,fruity,vanilla
men,4.06,aromatic,woody,fresh spicy
women,4.06,sweet,vanilla,amber
women,4.06,rose,citrus,floral
women,4.06,white floral,musky,tuberose
men,4.06,warm spicy,woody,patchouli
men,4.06,aromatic,woody,citrus
women,4.06,white floral,citrus,sweet
men,4.06,woody,aromatic,warm spicy
men,4.06,fresh,aromatic,citrus
men,4.06,aromatic,citrus,marine
men,4.06,marine,aromatic,salty
unisex,4.06,oud,fresh spicy,floral
unisex,4.06,fruity,sweet,tropical
women,4.06,caramel,woody,citrus
unisex,4.06,amber,woody,balsamic
unisex,4.06,citrus,floral,green
women,4.06,musky,fresh spicy,warm spicy
unisex,4.06,citrus,musky,green
men,4.06,coconut,nutty,sweet
men,4.06,woody,fresh spicy,amber
men,4.06,aromatic,fruity,marine
unisex,4.06,woody,nutty,amber
women,4.06,woody,warm spicy,rose
men,4.06,woody,citrus,aromatic
men,4.06,woody,aromatic,amber
women,4.06,cacao,iris,white floral
men,4.06,warm spicy,fresh spicy,woody
unisex,4.06,woody,amber,warm spicy
unisex,4.06,floral,amber,woody
unisex,4.06,citrus,yellow floral,floral
women,4.06,white floral,floral,citrus
unisex,4.06,aromatic,citrus,white floral
unisex,4.06,aromatic,fresh spicy,citrus
unisex,4.06,citrus,green,aromatic
unisex,4.06,woody,patchouli,citrus
unisex,4.06,white floral,amber,citrus
unisex,4.06,white floral,leather,animalic
unisex,4.06,floral,fruity,woody
unisex,4.06,woody,warm spicy,tobacco
unisex,4.06,citrus,aromatic,fresh spicy
unisex,4.06,citrus,aromatic,fresh spicy
unisex,4.06,citrus,fresh spicy,floral
unisex,4.06,woody,powdery,vanilla
women,4.06,citrus,amber,fruity
women,4.06,fruity,sweet,white floral
unisex,4.06,warm spicy,fruity,amber
unisex,4.06,woody,leather,lavender
unisex,4.06,powdery,white floral,vanilla
unisex,4.06,fresh spicy,green,woody
unisex,4.06,amber,fresh spicy,ozonic
unisex,4.06,citrus,white floral,aromatic
unisex,4.06,musky,lactonic,warm spicy
men,4.06,aromatic,woody,citrus
women,4.06,white floral,amber,animalic
unisex,4.06,green,tuberose,musky
women,4.06,vanilla,sweet,powdery
unisex,4.06,leather,woody,smoky
women,4.06,floral,rose,fresh
women,4.06,floral,powdery,violet
unisex,4.06,citrus,fresh,aromatic
men,4.06,aromatic,citrus,musky
unisex,4.06,fruity,woody,green
women,4.06,powdery,violet,rose
unisex,4.06,citrus,aromatic,marine
unisex,4.06,warm spicy,woody,rose
women,4.06,fruity,white floral,floral
unisex,4.06,fresh spicy,aromatic,anis
unisex,4.06,citrus,aromatic,fresh spicy
women,4.06,cherry,sweet,vanilla
unisex,4.06,fruity,white floral,woody
unisex,4.06,woody,mossy,green
women,4.06,rose,floral,vanilla
women,4.06,fruity,sweet,vanilla
men,4.06,woody,warm spicy,powdery
unisex,4.06,vanilla,sweet,coconut
women,4.06,sweet,vanilla,woody
men,4.06,fruity,aromatic,amber
women,4.06,sweet,fruity,vanilla
women,4.06,sweet,fruity,woody
women,4.06,aromatic,citrus,green
women,4.06,fruity,tropical,musky
unisex,4.06,woody,smoky,leather
women,4.06,citrus,white floral,earthy
men,4.06,woody,fruity,aromatic
men,4.06,warm spicy,woody,honey
unisex,4.06,fruity,fresh,sweet
women,4.06,musky,caramel,powdery
unisex,4.06,aromatic,amber,woody
men,4.06,warm spicy,woody,amber
unisex,4.06,leather,aromatic,smoky
women,4.06,citrus,woody,aromatic
women,4.06,powdery,soft spicy,woody
unisex,4.06,citrus,aromatic,green
women,4.06,woody,citrus,yellow floral
women,4.06,citrus,vanilla,warm spicy
unisex,4.06,citrus,fresh spicy,green
women,4.06,green,white floral,fresh
women,4.06,floral,sweet,vanilla
women,4.06,fruity,musky,sweet
women,4.06,white floral,tuberose,rose
unisex,4.06,white floral,floral,aromatic
women,4.06,woody,musky,white floral
women,4.06,citrus,white floral,amber
women,4.06,fruity,amber,sweet
unisex,4.06,honey,amber,woody
women,4.06,powdery,woody,citrus
women,4.06,sweet,white floral,aromatic
women,4.06,floral,rose,citrus
women,4.06,citrus,fresh,fruity
women,4.06,fruity,sweet,vanilla
women,4.06,floral,citrus,rose
unisex,4.06,amber,fresh spicy,white floral
women,4.06,powdery,lactonic,woody
women,4.06,lavender,fresh spicy,floral
men,4.06,aromatic,fresh spicy,citrus
unisex,4.06,aromatic,green,fresh spicy
unisex,4.06,rose,fruity,floral
men,4.06,warm spicy,fresh spicy,woody
unisex,4.06,fruity,sweet,amber
women,4.06,sweet,rose,vanilla
women,4.06,powdery,iris,musky
unisex,4.06,powdery,fruity,sweet
unisex,4.06,sweet,vanilla,amber
unisex,4.06,citrus,green,white floral
unisex,4.06,aromatic,fresh spicy,herbal
unisex,4.06,woody,warm spicy,fresh spicy
unisex,4.06,sweet,cherry,amber
unisex,4.06,warm spicy,amber,cinnamon
women,4.06,sweet,floral,vanilla
men,4.06,iris,amber,warm spicy
unisex,4.06,fruity,woody,oud
men,4.06,sweet,fruity,woody
women,4.06,sweet,citrus,powdery
women,4.06,woody,sweet,warm spicy
unisex,4.06,woody,rose,earthy
women,4.06,fruity,vanilla,sweet
women,4.06,vanilla,musky,powdery
women,4.06,oud,rose,amber
unisex,4.06,cherry,vanilla,white floral
unisex,4.06,fruity,sweet,coconut
unisex,4.06,woody,aromatic,earthy
women,4.06,sweet,musky,floral
women,4.06,fruity,tropical,floral
women,4.06,vanilla,white floral,floral
men,4.06,citrus,fresh spicy,woody
women,4.06,citrus,white floral,musky
women,4.06,white floral,tuberose,woody
women,4.06,white floral,green,fruity
unisex,4.06,green,floral,fresh
women,4.06,musky,powdery,woody
unisex,4.06,warm spicy,tobacco,sweet
men,4.06,woody,citrus,aromatic
unisex,4.06,amber,woody,balsamic
unisex,4.06,warm spicy,woody,whiskey
men,4.06,aromatic,sweet,citrus
men,4.06,vanilla,citrus,white floral
women,4.06,musky,leather,powdery
unisex,4.06,powdery,violet,musky
unisex,4.06,woody,aromatic,tobacco
unisex,4.06,woody,floral,sweet
men,4.06,aromatic,warm spicy,herbal
men,4.06,warm spicy,citrus,cinnamon
men,4.06,woody,fruity,aquatic
women,4.06,citrus,fruity,green
unisex,4.06,amber,woody,aromatic
unisex,4.06,fruity,woody,patchouli
unisex,4.06,woody,warm spicy,powdery
men,4.06,woody,citrus,warm spicy
women,4.06,white floral,citrus,fresh
unisex,4.06,woody,patchouli,warm spicy
unisex,4.06,amber,woody,balsamic
women,4.06,sweet,fruity,powdery
women,4.06,vanilla,coconut,sweet
women,4.06,woody,powdery,sweet
women,4.06,fruity,sweet,vanilla
women,4.06,citrus,sweet,floral
unisex,4.06,warm spicy,woody,aromatic
women,4.06,aromatic,fresh spicy,warm spicy
men,4.06,fresh spicy,woody,aromatic
men,4.06,powdery,citrus,violet
unisex,4.06,amber,sweet,woody
women,4.06,fruity,white floral,powdery
unisex,4.06,powdery,citrus,white floral
women,4.06,yellow floral,woody,white floral
women,4.06,citrus,iris,woody
women,4.06,white floral,tuberose,floral
unisex,4.06,warm spicy,woody,leather
women,4.06,citrus,fruity,sweet
men,4.06,citrus,woody,fruity
unisex,4.07,amber,woody,aromatic
women,4.07,citrus,white floral,fruity
unisex,4.07,citrus,fruity,tropical
men,4.07,woody,amber,citrus
men,4.07,aromatic,fresh spicy,green
men,4.07,vanilla,powdery,lavender
women,4.07,ozonic,aquatic,green
unisex,4.07,fresh,woody,aromatic
women,4.07,citrus,,
women,4.07,fruity,sweet,floral
unisex,4.07,floral,fruity,tuberose
women,4.07,vanilla,sweet,musky
women,4.07,sweet,lactonic,coffee
women,4.07,fruity,sweet,citrus
men,4.07,citrus,aromatic,fresh spicy
men,4.07,aquatic,citrus,aromatic
women,4.07,vanilla,warm spicy,amber
unisex,4.07,woody,powdery,oud
unisex,4.07,citrus,woody,aromatic
men,4.07,woody,patchouli,rum
women,4.07,floral,green,soft spicy
women,4.07,citrus,floral,tropical
unisex,4.07,woody,aromatic,fresh
unisex,4.07,aquatic,ozonic,fresh
women,4.07,white floral,floral,powdery
men,4.07,warm spicy,fresh spicy,aromatic
women,4.07,citrus,floral,white floral
unisex,4.07,citrus,floral,white floral
women,4.07,powdery,floral,sweet
unisex,4.07,woody,amber,fruity
women,4.07,ozonic,aquatic,floral
women,4.07,fruity,sweet,woody
unisex,4.07,woody,powdery,sweet
unisex,4.07,citrus,mossy,earthy
women,4.07,white floral,woody,amber
unisex,4.07,leather,animalic,citrus
unisex,4.07,citrus,fresh spicy,fresh
men,4.07,amber,citrus,coconut
unisex,4.07,floral,powdery,fresh
women,4.07,citrus,vanilla,sweet
unisex,4.07,woody,powdery,
men,4.07,warm spicy,fresh spicy,aromatic
women,4.07,white floral,floral,woody
women,4.07,vanilla,powdery,woody
women,4.07,floral,woody,powdery
men,4.07,leather,woody,powdery
unisex,4.07,woody,violet,powdery
men,4.07,woody,patchouli,amber
women,4.07,warm spicy,amber,rose
unisex,4.07,citrus,fresh,aromatic
unisex,4.07,musky,powdery,aldehydic
women,4.07,vanilla,amber,floral
women,4.07,woody,fruity,floral
women,4.07,amber,fruity,warm spicy
women,4.07,floral,rose,fruity
women,4.07,vanilla,almond,sweet
men,4.07,citrus,aromatic,woody
unisex,4.07,vanilla,powdery,citrus
women,4.07,floral,fresh,aldehydic
women,4.07,warm spicy,citrus,woody
women,4.07,floral,green,ozonic
women,4.07,fresh,floral,rose
women,4.07,fruity,citrus,white floral
unisex,4.07,citrus,fresh spicy,green
unisex,4.07,powdery,herbal,lactonic
women,4.07,sweet,fruity,white floral
women,4.07,white floral,sweet,vanilla
unisex,4.07,citrus,warm spicy,rose
women,4.07,floral,vanilla,sweet
unisex,4.07,amber,aldehydic,rose
women,4.07,floral,white floral,citrus
women,4.07,vanilla,coffee,sweet
men,4.07,aromatic,fresh spicy,woody
women,4.07,floral,green,fresh
women,4.07,white floral,floral,green
women,4.07,white floral,citrus,vanilla
women,4.07,white floral,citrus,sweet
men,4.07,aromatic,marine,green
women,4.07,white floral,yellow floral,lactonic
unisex,4.07,citrus,woody,aromatic
unisex,4.07,citrus,woody,aromatic
unisex,4.07,citrus,woody,floral
unisex,4.07,vanilla,powdery,woody
men,4.07,woody,aromatic,fresh spicy
women,4.07,fruity,vanilla,floral
unisex,4.07,woody,amber,warm spicy
women,4.07,rose,vanilla,caramel
women,4.07,sweet,fruity,vanilla
women,4.07,sweet,floral,fruity
women,4.07,sweet,vanilla,fruity
women,4.07,powdery,woody,vanilla
unisex,4.07,warm spicy,amber,leather
unisex,4.07,woody,fruity,amber
unisex,4.07,citrus,white floral,woody
women,4.07,rose,cinnamon,warm spicy
women,4.07,amber,warm spicy,rose
unisex,4.07,aromatic,fresh spicy,citrus
unisex,4.07,aldehydic,fresh,musky
unisex,4.07,woody,amber,warm spicy
men,4.07,woody,green,fresh
unisex,4.07,warm spicy,oud,rose
women,4.07,musky,floral,powdery
unisex,4.07,amber,smoky,oud
women,4.07,fruity,sweet,green
men,4.07,woody,amber,warm spicy
women,4.07,fruity,floral,powdery
unisex,4.07,citrus,sweet,fruity
women,4.07,woody,fruity,powdery
unisex,4.07,warm spicy,woody,fresh spicy
men,4.07,citrus,warm spicy,sweet
women,4.07,vanilla,amber,salty
men,4.07,aromatic,fresh spicy,woody
unisex,4.07,woody,aromatic,fresh spicy
men,4.07,woody,aromatic,amber
unisex,4.07,warm spicy,fruity,sweet
women,4.07,citrus,fruity,fresh spicy
women,4.07,warm spicy,leather,fresh spicy
men,4.07,ozonic,aquatic,aromatic
women,4.07,vanilla,floral,woody
unisex,4.07,amber,rose,oud
men,4.07,aromatic,floral,woody
women,4.07,sweet,fruity,vanilla
women,4.07,woody,white floral,green
women,4.07,amber,vanilla,rose
men,4.07,aromatic,fresh spicy,marine
unisex,4.07,honey,woody,aromatic
unisex,4.07,fruity,vanilla,sweet
women,4.07,sweet,almond,nutty
unisex,4.07,powdery,vanilla,fresh spicy
unisex,4.07,amber,warm spicy,balsamic
women,4.07,floral,fruity,fresh
unisex,4.07,woody,citrus,amber
unisex,4.07,rose,honey,vanilla
unisex,4.07,woody,amber,smoky
men,4.07,aromatic,fresh spicy,citrus
men,4.07,citrus,green,powdery
women,4.07,sweet,vanilla,powdery
unisex,4.07,sweet,warm spicy,vanilla
unisex,4.07,floral,green,woody
women,4.07,floral,green,aquatic
women,4.07,fruity,floral,sweet
women,4.07,white floral,fruity,rum
unisex,4.07,sweet,tobacco,honey
unisex,4.07,fruity,sweet,amber
unisex,4.07,sweet,fruity,musky
women,4.07,warm spicy,woody,vanilla
men,4.07,aromatic,fresh spicy,herbal
men,4.07,citrus,patchouli,musky
women,4.07,woody,powdery,citrus
women,4.07,citrus,vanilla,nutty
women,4.07,vanilla,fruity,sweet
men,4.07,powdery,musky,floral
men,4.07,woody,warm spicy,powdery
unisex,4.07,fruity,sweet,fresh
women,4.07,savory,sweet,fruity
women,4.07,ozonic,aquatic,white floral
men,4.07,woody,musky,amber
women,4.07,fruity,white floral,woody
women,4.07,citrus,woody,floral
women,4.07,floral,white floral,fruity
men,4.07,vanilla,warm spicy,cinnamon
men,4.07,aromatic,fruity,citrus
men,4.07,aromatic,fresh spicy,green
women,4.07,powdery,fruity,woody
unisex,4.07,amber,aromatic,balsamic
unisex,4.07,citrus,aromatic,fresh spicy
men,4.07,sweet,tobacco,aromatic
men,4.07,fresh spicy,sweet,woody
unisex,4.07,white floral,tuberose,marine
men,4.07,woody,tobacco,sweet
women,4.07,coconut,tuberose,powdery
unisex,4.07,floral,citrus,musky
men,4.07,aromatic,green,woody
unisex,4.07,white floral,vanilla,
unisex,4.07,citrus,woody,powdery
unisex,4.07,musky,woody,amber
unisex,4.07,woody,earthy,patchouli
women,4.07,white floral,citrus,sweet
men,4.07,woody,aromatic,citrus
men,4.07,citrus,fresh spicy,aromatic
men,4.07,amber,woody,fresh spicy
women,4.07,amber,woody,powdery
men,4.07,woody,aromatic,fruity
women,4.07,floral,vanilla,sweet
unisex,4.07,warm spicy,woody,amber
unisex,4.07,warm spicy,white floral,fruity
women,4.07,sweet,woody,vanilla
unisex,4.07,woody,aromatic,citrus
women,4.07,patchouli,rum,woody
men,4.07,woody,citrus,amber
men,4.07,aromatic,fresh spicy,lavender
women,4.07,fruity,musky,amber
women,4.07,citrus,woody,fruity
women,4.07,white floral,fruity,floral
unisex,4.07,vanilla,floral,sweet
women,4.07,citrus,powdery,vanilla
men,4.07,fresh spicy,aromatic,green
unisex,4.07,woody,warm spicy,earthy
unisex,4.07,citrus,fruity,fresh
unisex,4.07,citrus,woody,rose
unisex,4.07,warm spicy,amber,woody
unisex,4.07,floral,citrus,powdery
unisex,4.07,nutty,iris,powdery
unisex,4.07,amber,fresh spicy,woody
unisex,4.07,leather,warm spicy,rose
women,4.07,fruity,oud,leather
unisex,4.07,woody,citrus,fresh spicy
men,4.07,woody,aromatic,citrus
unisex,4.07,white floral,citrus,aromatic
women,4.07,rose,caramel,fresh
unisex,4.07,woody,amber,powdery
women,4.07,floral,fruity,fresh spicy
unisex,4.07,fruity,fresh,sweet
women,4.07,fruity,tropical,sweet
unisex,4.07,woody,aromatic,mossy
men,4.07,warm spicy,woody,aromatic
unisex,4.07,woody,amber,leather
unisex,4.07,citrus,fresh,warm spicy
men,4.07,woody,vanilla,aromatic
women,4.07,warm spicy,woody,cinnamon
unisex,4.07,citrus,sweet,vanilla
women,4.07,vanilla,citrus,powdery
women,4.07,floral,white floral,rose
men,4.07,fresh spicy,aromatic,woody
women,4.07,woody,musky,earthy
men,4.07,woody,powdery,violet
men,4.07,woody,aquatic,aromatic
unisex,4.07,citrus,woody,aromatic
unisex,4.07,rose,amber,woody
unisex,4.07,amber,woody,floral
unisex,4.07,vanilla,aromatic,warm spicy
unisex,4.07,white floral,citrus,aromatic
women,4.07,fruity,fresh,white floral
women,4.07,floral,green,white floral
women,4.07,fruity,woody,sweet
women,4.07,fruity,floral,sweet
women,4.07,tuberose,white floral,amber
men,4.07,earthy,woody,warm spicy
men,4.07,aromatic,marine,fresh spicy
men,4.07,citrus,ozonic,amber
unisex,4.07,woody,warm spicy,cinnamon
men,4.07,fresh spicy,amber,warm spicy
men,4.07,fresh spicy,aromatic,woody
unisex,4.07,fresh spicy,aromatic,citrus
men,4.07,leather,amber,vanilla
women,4.07,sweet,fruity,rose
men,4.07,aromatic,fresh spicy,citrus
women,4.07,citrus,white floral,rose
unisex,4.07,green,aromatic,fresh spicy
women,4.07,fruity,white floral,woody
unisex,4.07,coconut,marine,vanilla
unisex,4.07,iris,woody,powdery
unisex,4.07,woody,floral,citrus
men,4.07,citrus,vanilla,aromatic
men,4.07,fresh spicy,aromatic,woody
unisex,4.07,amber,leather,oud
women,4.07,floral,white floral,powdery
women,4.07,woody,leather,powdery
women,4.07,white floral,green,mossy
men,4.07,fresh spicy,citrus,green
men,4.07,aromatic,green,woody
women,4.07,warm spicy,amber,woody
women,4.07,ozonic,aquatic,patchouli
men,4.07,citrus,aromatic,fresh spicy
women,4.07,fresh spicy,aromatic,woody
men,4.07,fresh spicy,woody,lavender
unisex,4.07,white floral,citrus,aromatic
women,4.07,white floral,woody,tuberose
unisex,4.07,vanilla,amber,lactonic
men,4.07,aromatic,citrus,woody
unisex,4.07,white floral,floral,sweet
women,4.07,warm spicy,fresh spicy,floral
men,4.07,lavender,fresh spicy,aromatic
unisex,4.07,warm spicy,amber,woody
unisex,4.07,sweet,coconut,plastic
women,4.07,rose,fruity,woody
unisex,4.07,vanilla,caramel,marine
women,4.07,powdery,iris,citrus
women,4.07,musky,citrus,floral
men,4.07,woody,warm spicy,patchouli
unisex,4.07,aromatic,woody,earthy
women,4.07,citrus,amber,green
men,4.07,woody,warm spicy,aromatic
men,4.07,aromatic,fresh spicy,lavender
men,4.07,citrus,aromatic,woody
unisex,4.07,woody,aromatic,fresh spicy
women,4.07,white floral,tuberose,vanilla
unisex,4.07,white floral,amber,tuberose
unisex,4.07,floral,white floral,fresh
women,4.07,amber,rose,warm spicy
unisex,4.07,warm spicy,woody,floral
unisex,4.07,aromatic,woody,citrus
men,4.07,aromatic,citrus,woody
women,4.07,floral,green,fresh
unisex,4.07,fresh spicy,warm spicy,aromatic
women,4.07,aromatic,citrus,white floral
women,4.07,white floral,yellow floral,woody
unisex,4.07,leather,fruity,sweet
unisex,4.07,fruity,vanilla,powdery
women,4.07,vanilla,coffee,warm spicy
women,4.07,fruity,sweet,floral
men,4.07,woody,floral,citrus
women,4.07,green,floral,vanilla
unisex,4.07,warm spicy,vanilla,metallic
unisex,4.07,warm spicy,cinnamon,white floral
unisex,4.07,citrus,honey,tuberose
unisex,4.07,woody,citrus,fruity
unisex,4.07,fruity,sweet,floral
unisex,4.07,amber,fruity,sweet
women,4.07,white floral,citrus,fruity
women,4.07,fruity,sweet,floral
men,4.07,powdery,iris,woody
women,4.07,almond,sweet,vanilla
women,4.07,vanilla,aquatic,citrus
unisex,4.07,musky,powdery,white floral
women,4.07,vanilla,fresh spicy,amber
men,4.07,aromatic,woody,warm spicy
unisex,4.07,woody,powdery,floral
women,4.07,citrus,floral,white floral
unisex,4.07,aromatic,fresh spicy,green
women,4.07,fruity,floral,soft spicy
unisex,4.07,woody,fruity,powdery
women,4.07,woody,powdery,violet
men,4.07,fresh spicy,woody,amber
men,4.07,fresh spicy,warm spicy,woody
women,4.07,leather,warm spicy,musky
unisex,4.07,floral,powdery,musky
unisex,4.07,vanilla,warm spicy,powdery
unisex,4.07,warm spicy,vanilla,cinnamon
unisex,4.07,fruity,woody,rose
men,4.07,rose,oud,amber
unisex,4.07,floral,fruity,rose
unisex,4.07,powdery,lactonic,woody
men,4.07,woody,citrus,aromatic
unisex,4.07,amber,balsamic,fresh spicy
women,4.07,rose,white floral,aquatic
women,4.07,fruity,citrus,woody
men,4.07,woody,aromatic,leather
women,4.07,powdery,vanilla,musky
unisex,4.07,vanilla,amber,woody
unisex,4.07,amber,warm spicy,balsamic
unisex,4.07,amber,warm spicy,sweet
unisex,4.07,citrus,white floral,musky
unisex,4.07,leather,woody,smoky
men,4.07,fresh spicy,aromatic,warm spicy
women,4.07,woody,aromatic,earthy
men,4.07,citrus,aromatic,marine
unisex,4.07,amber,woody,balsamic
unisex,4.07,cacao,vanilla,rum
women,4.07,white floral,floral,powdery
women,4.07,powdery,yellow floral,floral
men,4.07,woody,fresh spicy,aromatic
women,4.07,vanilla,fruity,citrus
unisex,4.07,fruity,woody,green
unisex,4.07,white floral,tuberose,floral
men,4.07,fruity,amber,sweet
men,4.07,citrus,fresh spicy,aromatic
unisex,4.07,almond,vanilla,powdery
unisex,4.07,aromatic,warm spicy,soft spicy
unisex,4.07,rose,fresh,floral
men,4.07,sweet,citrus,honey
women,4.07,powdery,violet,woody
women,4.07,white floral,vanilla,sweet
unisex,4.07,fresh spicy,warm spicy,woody
men,4.07,powdery,white floral,musky
women,4.07,amber,warm spicy,woody
unisex,4.07,white floral,citrus,woody
unisex,4.07,woody,white floral,aromatic
unisex,4.07,amber,citrus,floral
unisex,4.07,amber,woody,balsamic
unisex,4.07,fresh spicy,violet,fruity
women,4.07,powdery,violet,floral
men,4.07,citrus,woody,fruity
unisex,4.07,sweet,woody,tobacco
women,4.07,white floral,citrus,floral
unisex,4.07,woody,aromatic,warm spicy
unisex,4.07,citrus,aromatic,green
women,4.07,woody,rose,fruity
women,4.07,sweet,vanilla,coconut
unisex,4.07,sweet,fruity,vanilla
women,4.07,woody,yellow floral,mossy
men,4.07,aromatic,fresh spicy,woody
men,4.08,citrus,fresh spicy,aromatic
women,4.08,citrus,patchouli,woody
men,4.08,fruity,citrus,sweet
women,4.08,citrus,white floral,floral
women,4.08,floral,fresh,woody
unisex,4.08,aromatic,fresh spicy,lavender
women,4.08,woody,floral,white floral
unisex,4.08,vanilla,sweet,powdery
women,4.08,fruity,sweet,floral
women,4.08,tropical,fruity,sweet
unisex,4.08,woody,warm spicy,rose
unisex,4.08,earthy,amber,warm spicy
unisex,4.08,rose,oud,fruity
women,4.08,sweet,white floral,citrus
unisex,4.08,rose,oud,woody
unisex,4.08,fresh,citrus,musky
men,4.08,green,white floral,soft spicy
women,4.08,woody,floral,powdery
men,4.08,fresh spicy,rose,woody
women,4.08,woody,citrus,aromatic
men,4.08,citrus,woody,fresh spicy
unisex,4.08,fresh spicy,aromatic,warm spicy
women,4.08,white floral,floral,fresh
unisex,4.08,citrus,green,woody
men,4.08,green,citrus,woody
women,4.08,fresh,ozonic,white floral
women,4.08,fruity,floral,white floral
women,4.08,leather,white floral,patchouli
women,4.08,sweet,fruity,vanilla
women,4.08,white floral,fruity,vanilla
women,4.08,vanilla,floral,citrus
unisex,4.08,aromatic,woody,leather
unisex,4.08,amber,fresh spicy,vanilla
unisex,4.08,citrus,green,fresh
unisex,4.08,amber,woody,warm spicy
women,4.08,warm spicy,woody,rose
women,4.08,white floral,tobacco,vanilla
women,4.08,patchouli,warm spicy,chocolate
women,4.08,white floral,citrus,floral
women,4.08,sweet,citrus,warm spicy
unisex,4.08,woody,amber,iris
women,4.08,woody,white floral,yellow floral
women,4.08,fruity,sweet,vanilla
women,4.08,yellow floral,vanilla,sweet
women,4.08,floral,white floral,green
women,4.08,patchouli,rose,vanilla
men,4.08,woody,fruity,vanilla
men,4.08,fruity,woody,warm spicy
men,4.08,warm spicy,oud,woody
men,4.08,oud,warm spicy,rose
men,4.08,citrus,aromatic,fresh spicy
men,4.08,woody,whiskey,warm spicy
women,4.08,floral,iris,vanilla
unisex,4.08,white floral,citrus,floral
unisex,4.08,warm spicy,amber,vanilla
men,4.08,woody,citrus,aromatic
women,4.08,white floral,powdery,rose
women,4.08,woody,green,earthy
women,4.08,floral,soft spicy,vanilla
women,4.08,fruity,white floral,citrus
unisex,4.08,oud,warm spicy,amber
unisex,4.08,powdery,musky,iris
unisex,4.08,woody,oud,warm spicy
unisex,4.08,aromatic,warm spicy,woody
unisex,4.08,aromatic,rose,woody
women,4.08,amber,woody,warm spicy
unisex,4.08,woody,aromatic,mossy
men,4.08,aromatic,woody,citrus
unisex,4.08,amber,woody,smoky
women,4.08,sweet,vanilla,fruity
unisex,4.08,citrus,green,aromatic
unisex,4.08,citrus,marine,aromatic
unisex,4.08,warm spicy,tobacco,woody
unisex,4.08,aromatic,amber,leather
men,4.08,warm spicy,cinnamon,aromatic
men,4.08,aromatic,musky,citrus
women,4.08,white floral,warm spicy,amber
women,4.08,patchouli,sweet,fruity
women,4.08,musky,white floral,woody
women,4.08,warm spicy,cinnamon,fresh spicy
women,4.08,lavender,woody,aromatic
men,4.08,citrus,aromatic,fresh spicy
women,4.08,citrus,floral,fruity
men,4.08,woody,aromatic,citrus
women,4.08,citrus,sweet,fruity
unisex,4.08,woody,powdery,aromatic
unisex,4.08,warm spicy,chocolate,vanilla
women,4.08,woody,powdery,warm spicy
unisex,4.08,fruity,vanilla,green
women,4.08,fruity,powdery,floral
women,4.08,caramel,vanilla,sweet
men,4.08,woody,fresh spicy,amber
women,4.08,fruity,sweet,fresh
unisex,4.08,sweet,rose,white floral
men,4.08,citrus,green,patchouli
unisex,4.08,amber,warm spicy,oud
women,4.08,white floral,powdery,vanilla
men,4.08,citrus,lavender,amber
women,4.08,warm spicy,woody,cinnamon
women,4.08,woody,nutty,sweet
women,4.08,white floral,woody,sweet
women,4.08,fruity,sweet,floral
unisex,4.08,fruity,woody,sweet
unisex,4.08,warm spicy,woody,fruity
men,4.08,green,citrus,woody
women,4.08,aromatic,woody,fresh spicy
unisex,4.08,woody,amber,warm spicy
women,4.08,warm spicy,woody,powdery
unisex,4.08,white floral,woody,yellow floral
men,4.08,aromatic,fresh spicy,green
men,4.08,aromatic,lavender,tobacco
men,4.08,white floral,aromatic,iris
men,4.08,vanilla,aromatic,green
women,4.08,amber,woody,fruity
women,4.08,fresh,green,rose
women,4.08,white floral,citrus,musky
women,4.08,citrus,white floral,fruity
women,4.08,floral,woody,white floral
women,4.08,white floral,citrus,aromatic
women,4.08,floral,aromatic,citrus
women,4.08,floral,white floral,citrus
unisex,4.08,fruity,white floral,citrus
women,4.08,powdery,citrus,musky
women,4.08,woody,musky,fruity
men,4.08,leather,woody,warm spicy
unisex,4.08,musky,rose,powdery
men,4.08,citrus,white floral,patchouli
women,4.08,warm spicy,powdery,white floral
women,4.08,floral,powdery,vanilla
men,4.08,amber,aromatic,musky
women,4.08,vanilla,fruity,sweet
men,4.08,aromatic,fresh spicy,citrus
men,4.08,amber,woody,smoky
women,4.08,fruity,sweet,floral
men,4.08,amber,musky,powdery
men,4.08,woody,fresh spicy,patchouli
men,4.08,aromatic,citrus,herbal
men,4.08,fruity,sweet,lavender
men,4.08,fresh spicy,warm spicy,woody
men,4.08,fresh spicy,aromatic,citrus
women,4.08,woody,fresh spicy,aromatic
women,4.08,aromatic,floral,fresh spicy
women,4.08,fruity,floral,sweet
women,4.08,tuberose,fruity,white floral
men,4.08,aromatic,marine,citrus
women,4.08,white floral,tuberose,floral
men,4.08,woody,amber,citrus
women,4.08,tuberose,white floral,amber
unisex,4.08,woody,warm spicy,sweet
men,4.08,citrus,warm spicy,leather
men,4.08,woody,leather,fresh spicy
women,4.08,floral,woody,citrus
women,4.08,fruity,powdery,sweet
unisex,4.08,coffee,woody,amber
women,4.08,fruity,green,floral
men,4.08,ozonic,aquatic,fruity
men,4.08,woody,fresh spicy,warm spicy
men,4.08,aromatic,woody,green
men,4.08,warm spicy,citrus,woody
women,4.08,fruity,sweet,tropical
men,4.08,vanilla,amber,citrus
women,4.08,white floral,vanilla,sweet
women,4.08,citrus,rose,floral
unisex,4.08,citrus,aromatic,fresh spicy
unisex,4.08,powdery,musky,woody
unisex,4.08,woody,aromatic,citrus
women,4.08,citrus,aromatic,woody
unisex,4.08,aromatic,aquatic,woody
women,4.08,vanilla,patchouli,sweet
unisex,4.08,white floral,fruity,floral
unisex,4.08,amber,woody,warm spicy
unisex,4.08,floral,herbal,aromatic
unisex,4.08,woody,warm spicy,aromatic
unisex,4.08,green,citrus,floral
unisex,4.08,citrus,aromatic,woody
unisex,4.08,leather,woody,smoky
unisex,4.08,amber,leather,warm spicy
women,4.08,floral,white floral,sweet
unisex,4.08,woody,fruity,floral
unisex,4.08,amber,powdery,woody
unisex,4.08,woody,warm spicy,aromatic
women,4.08,powdery,white floral,fruity
women,4.08,floral,powdery,musky
men,4.08,aromatic,herbal,citrus
men,4.08,citrus,green,fresh spicy
women,4.08,floral,fruity,rose
women,4.08,white floral,floral,fresh
unisex,4.08,yellow floral,sweet,woody
women,4.08,fruity,woody,sweet
unisex,4.08,citrus,vanilla,amber
men,4.08,woody,aromatic,leather
women,4.08,powdery,anis,soft spicy
unisex,4.08,citrus,warm spicy,aromatic
unisex,4.08,woody,almond,powdery
unisex,4.08,woody,warm spicy,fresh spicy
men,4.08,fruity,citrus,fresh spicy
unisex,4.08,vanilla,fruity,floral
unisex,4.08,rum,warm spicy,musky
unisex,4.08,green,fresh,leather
women,4.08,woody,patchouli,amber
women,4.08,vanilla,sweet,almond
unisex,4.08,aromatic,fresh spicy,marine
men,4.08,woody,aromatic,warm spicy
unisex,4.08,citrus,sweet,fruity
unisex,4.08,citrus,green,fresh
women,4.08,fruity,woody,sweet
unisex,4.08,white floral,beeswax,amber
women,4.08,fruity,citrus,vanilla
unisex,4.08,citrus,aromatic,fresh spicy
men,4.08,aromatic,woody,fresh spicy
women,4.08,floral,citrus,white floral
unisex,4.08,powdery,aquatic,ozonic
women,4.08,citrus,woody,soft spicy
women,4.08,rose,floral,fresh
unisex,4.08,woody,fresh spicy,sweet
women,4.08,vanilla,yellow floral,green
unisex,4.08,citrus,warm spicy,
women,4.08,vanilla,balsamic,powdery
women,4.08,sweet,vanilla,yellow floral
unisex,4.08,sweet,warm spicy,tobacco
unisex,4.08,amber,balsamic,warm spicy
women,4.08,white floral,fruity,powdery
men,4.08,woody,fresh spicy,lavender
women,4.08,white floral,fresh,green
unisex,4.08,aromatic,woody,earthy
unisex,4.08,fresh spicy,aromatic,woody
unisex,4.08,amber,woody,warm spicy
women,4.08,white floral,tuberose,powdery
unisex,4.08,vanilla,powdery,sweet
unisex,4.08,woody,aromatic,earthy
men,4.08,fruity,warm spicy,woody
women,4.08,floral,warm spicy,powdery
women,4.08,caramel,vanilla,sweet
unisex,4.08,powdery,vanilla,iris
women,4.08,fruity,sweet,vanilla
unisex,4.08,green,citrus,fresh
women,4.08,fruity,fresh,green
women,4.08,white floral,woody,floral
women,4.08,rose,floral,fresh
women,4.08,vanilla,sweet,powdery
women,4.08,vanilla,powdery,sweet
unisex,4.08,green,fruity,woody
unisex,4.08,woody,whiskey,warm spicy
unisex,4.08,fruity,green,floral
unisex,4.08,white floral,vanilla,musky
women,4.08,rose,floral,musky
women,4.08,fruity,sweet,fresh
women,4.08,floral,white floral,green
unisex,4.08,citrus,fresh spicy,green
women,4.08,powdery,floral,green
women,4.08,aromatic,woody,amber
women,4.08,vanilla,white floral,sweet
unisex,4.08,citrus,warm spicy,aromatic
women,4.08,vanilla,sweet,almond
unisex,4.08,aromatic,fresh spicy,citrus
unisex,4.08,amber,warm spicy,vanilla
women,4.08,caramel,patchouli,sweet
unisex,4.08,amber,leather,sweet
women,4.08,rose,woody,warm spicy
unisex,4.08,citrus,woody,leather
men,4.08,aromatic,fresh spicy,woody
women,4.08,ozonic,aquatic,fruity
men,4.08,warm spicy,amber,aromatic
women,4.08,white floral,fresh,fruity
women,4.08,woody,white floral,sweet
women,4.08,vanilla,sweet,powdery
men,4.08,fruity,woody,mossy
unisex,4.08,woody,aromatic,citrus
men,4.08,citrus,aromatic,fresh spicy
unisex,4.08,citrus,woody,amber
unisex,4.08,citrus,fresh spicy,floral
men,4.08,vanilla,cinnamon,warm spicy
women,4.08,leather,aromatic,green
women,4.08,white floral,tuberose,amber
women,4.08,powdery,citrus,white floral
unisex,4.08,woody,aromatic,amber
unisex,4.08,sweet,almond,warm spicy
unisex,4.08,sweet,white floral,citrus
unisex,4.08,white floral,powdery,aquatic
men,4.08,woody,fruity,green
unisex,4.08,citrus,woody,powdery
unisex,4.08,fruity,wine,sweet
women,4.08,powdery,almond,vanilla
unisex,4.08,woody,aromatic,fresh spicy
men,4.08,warm spicy,fresh spicy,cinnamon
unisex,4.08,iris,powdery,earthy
unisex,4.08,woody,balsamic,rose
women,4.08,fruity,floral,rose
unisex,4.08,vanilla,coconut,amber
unisex,4.08,woody,nutty,floral
unisex,4.08,citrus,aromatic,vanilla
women,4.08,fruity,citrus,sweet
women,4.08,sweet,fruity,balsamic
women,4.08,sweet,caramel,fruity
men,4.08,ozonic,aquatic,fruity
men,4.08,fresh spicy,aromatic,ozonic
men,4.08,citrus,fresh spicy,aromatic
women,4.08,aldehydic,fresh,woody
women,4.08,white floral,citrus,powdery
women,4.08,sweet,citrus,tropical
men,4.08,woody,aromatic,fruity
unisex,4.08,fruity,citrus,sweet
unisex,4.08,amber,woody,powdery
women,4.08,white floral,floral,yellow floral
women,4.08,aromatic,woody,green
women,4.08,white floral,tuberose,yellow floral
unisex,4.08,amber,smoky,balsamic
women,4.08,green,ozonic,musky
women,4.08,amber,vanilla,powdery
women,4.08,rose,aromatic,green
unisex,4.08,warm spicy,powdery,sweet
unisex,4.08,vanilla,sweet,warm spicy
men,4.08,citrus,aromatic,fresh spicy
women,4.08,sweet,caramel,vanilla
women,4.08,sweet,woody,cherry
unisex,4.08,amber,fresh spicy,warm spicy
women,4.08,white floral,amber,fruity
unisex,4.08,fruity,warm spicy,leather
unisex,4.08,citrus,fresh spicy,aromatic
men,4.08,citrus,woody,powdery
unisex,4.08,woody,amber,warm spicy
women,4.08,fruity,sweet,woody
unisex,4.08,rose,warm spicy,patchouli
women,4.08,amber,powdery,woody
unisex,4.08,citrus,aromatic,fresh spicy
unisex,4.08,woody,floral,earthy
women,4.08,fruity,sweet,woody
men,4.08,fruity,mossy,sweet
unisex,4.08,woody,warm spicy,amber
women,4.09,vanilla,white floral,warm spicy
women,4.09,fruity,vanilla,cinnamon
women,4.09,white floral,vanilla,citrus
men,4.09,aromatic,woody,musky
women,4.09,floral,aquatic,fresh
unisex,4.09,aromatic,woody,cherry
women,4.09,fruity,floral,sweet
women,4.09,amber,fruity,musky
women,4.09,fruity,sweet,floral
women,4.09,fruity,fresh,sweet
men,4.09,amber,woody,warm spicy
unisex,4.09,green,woody,citrus
unisex,4.09,woody,citrus,fresh spicy
women,4.09,fruity,citrus,white floral
women,4.09,floral,woody,fruity
men,4.09,woody,warm spicy,aromatic
women,4.09,white floral,floral,citrus
men,4.09,warm spicy,woody,coffee
women,4.09,sweet,warm spicy,vanilla
women,4.09,green,aromatic,citrus
unisex,4.09,woody,leather,smoky
unisex,4.09,oud,rose,woody
women,4.09,patchouli,citrus,rose
women,4.09,floral,rose,fresh
women,4.09,fruity,woody,sweet
women,4.09,vanilla,sweet,almond
women,4.09,white floral,fruity,fresh spicy
men,4.09,woody,aromatic,fresh spicy
women,4.09,vanilla,amber,fruity
women,4.09,sweet,amber,warm spicy
women,4.09,aromatic,musky,green
women,4.09,sweet,coconut,amber
women,4.09,white floral,earthy,woody
men,4.09,aromatic,marine,fresh spicy
women,4.09,floral,fruity,fresh
women,4.09,white floral,tuberose,citrus
women,4.09,citrus,white floral,iris
unisex,4.09,iris,powdery,woody
women,4.09,white floral,floral,rose
men,4.09,aromatic,woody,vanilla
unisex,4.09,citrus,fresh spicy,sweet
women,4.09,green,anis,aromatic
men,4.09,vanilla,white floral,warm spicy
men,4.09,rose,warm spicy,white floral
women,4.09,white floral,woody,tuberose
women,4.09,powdery,white floral,citrus
unisex,4.09,green,aromatic,citrus
women,4.09,floral,sweet,powdery
women,4.09,sweet,almond,honey
women,4.09,white floral,floral,fresh
women,4.09,green,aromatic,citrus
women,4.09,green,woody,aromatic
men,4.09,citrus,aromatic,fresh spicy
men,4.09,patchouli,woody,earthy
men,4.09,woody,warm spicy,aromatic
women,4.09,cacao,warm spicy,citrus
women,4.09,white floral,tuberose,citrus
unisex,4.09,citrus,aromatic,fresh spicy
unisex,4.09,woody,nutty,
unisex,4.09,musky,amber,aromatic
women,4.09,tuberose,white floral,amber
women,4.09,fruity,white floral,woody
unisex,4.09,citrus,sweet,vanilla
men,4.09,fresh spicy,citrus,aromatic
unisex,4.09,fruity,ozonic,aquatic
unisex,4.09,white floral,tuberose,fruity
men,4.09,leather,fruity,aromatic
unisex,4.09,leather,oud,warm spicy
unisex,4.09,amber,woody,fresh spicy
unisex,4.09,woody,fresh spicy,leather
unisex,4.09,citrus,aromatic,warm spicy
women,4.09,soft spicy,sweet,powdery
unisex,4.09,vanilla,fresh spicy,sweet
women,4.09,floral,vanilla,citrus
unisex,4.09,citrus,woody,aromatic
unisex,4.09,warm spicy,aromatic,green
women,4.09,vanilla,woody,amber
men,4.09,lavender,fresh spicy,woody
unisex,4.09,warm spicy,woody,amber
unisex,4.09,warm spicy,coca-cola,vanilla
unisex,4.09,citrus,oud,almond
unisex,4.09,woody,rose,musky
women,4.09,fruity,fresh,tropical
men,4.09,aromatic,warm spicy,green
women,4.09,oud,white floral,amber
women,4.09,fruity,sweet,citrus
women,4.09,oud,rose,woody
women,4.09,musky,fruity,sweet
women,4.09,musky,floral,citrus
unisex,4.09,woody,citrus,powdery
women,4.09,white floral,fresh spicy,citrus
unisex,4.09,citrus,fresh spicy,aromatic
women,4.09,woody,fruity,fresh
men,4.09,fresh spicy,citrus,woody
men,4.09,woody,amber,musky
men,4.09,warm spicy,woody,cacao
women,4.09,fruity,woody,sweet
women,4.09,vanilla,fruity,citrus
women,4.09,citrus,white floral,earthy
women,4.09,citrus,vanilla,amber
men,4.09,citrus,green,woody
women,4.09,nutty,sweet,woody
women,4.09,white floral,animalic,citrus
men,4.09,vanilla,woody,powdery
women,4.09,fruity,sweet,citrus
women,4.09,fruity,sweet,almond
unisex,4.09,citrus,white floral,floral
unisex,4.09,warm spicy,sweet,amber
women,4.09,warm spicy,sweet,fruity
women,4.09,white floral,green,floral
unisex,4.09,vanilla,amber,smoky
women,4.09,woody,citrus,warm spicy
unisex,4.09,aromatic,citrus,woody
women,4.09,powdery,white floral,woody
men,4.09,aromatic,marine,powdery
women,4.09,amber,warm spicy,white floral
women,4.09,woody,powdery,warm spicy
men,4.09,fresh spicy,woody,citrus
unisex,4.09,woody,citrus,musky
unisex,4.09,fresh spicy,amber,warm spicy
unisex,4.09,earthy,sweet,woody
unisex,4.09,green,floral,ozonic
unisex,4.09,citrus,white floral,coconut
unisex,4.09,woody,amber,smoky
unisex,4.09,white floral,coconut,sweet
unisex,4.09,cherry,woody,smoky
men,4.09,citrus,warm spicy,fruity
unisex,4.09,aromatic,balsamic,fresh spicy
women,4.09,citrus,aromatic,floral
women,4.09,floral,fruity,woody
women,4.09,fruity,floral,fresh
unisex,4.09,citrus,amber,warm spicy
unisex,4.09,woody,citrus,aromatic
women,4.09,woody,aquatic,floral
women,4.09,fruity,white floral,floral
women,4.09,fruity,floral,sweet
unisex,4.09,musky,ozonic,aromatic
women,4.09,amber,warm spicy,floral
women,4.09,tropical,sweet,fruity
men,4.09,citrus,aromatic,marine
women,4.09,caramel,citrus,woody
men,4.09,coconut,woody,sweet
women,4.09,white floral,coffee,sweet
women,4.09,white floral,vanilla,woody
men,4.09,woody,musky,camphor
men,4.09,woody,ozonic,aromatic
men,4.09,amber,citrus,woody
men,4.09,citrus,white floral,vanilla
women,4.09,citrus,floral,woody
women,4.09,citrus,sweet,ozonic
unisex,4.09,citrus,fruity,white floral
women,4.09,floral,white floral,fresh
women,4.09,white floral,green,floral
women,4.09,woody,fresh,warm spicy
men,4.09,warm spicy,amber,citrus
men,4.09,aromatic,citrus,fresh spicy
men,4.09,amber,woody,lavender
men,4.09,fresh spicy,citrus,warm spicy
men,4.09,woody,aromatic,fresh spicy
women,4.09,floral,vanilla,citrus
men,4.09,citrus,woody,green
women,4.09,white floral,yellow floral,woody
men,4.09,warm spicy,amber,leather
women,4.09,vanilla,sweet,coconut
men,4.09,citrus,marine,green
women,4.09,white floral,citrus,floral
unisex,4.09,yellow floral,sweet,powdery
men,4.09,aromatic,fresh spicy,warm spicy
women,4.09,powdery,iris,woody
women,4.09,citrus,white floral,fresh
men,4.09,fresh spicy,warm spicy,citrus
men,4.09,amber,oud,warm spicy
women,4.09,fruity,sweet,tropical
unisex,4.09,smoky,leather,amber
unisex,4.09,musky,animalic,powdery
unisex,4.09,leather,musky,oud
women,4.09,white floral,oud,warm spicy
women,4.09,fruity,powdery,sweet
unisex,4.09,honey,white floral,sweet
unisex,4.09,citrus,aromatic,fresh spicy
women,4.09,fruity,fresh,sweet
unisex,4.09,lactonic,vanilla,powdery
women,4.09,fresh spicy,citrus,woody
unisex,4.09,patchouli,floral,rose
unisex,4.09,fresh spicy,aromatic,citrus
women,4.09,sweet,caramel,powdery
unisex,4.09,aromatic,citrus,woody
unisex,4.09,woody,musky,powdery
men,4.09,citrus,woody,fresh
unisex,4.09,vanilla,powdery,floral
unisex,4.09,aromatic,woody,amber
women,4.09,sweet,vanilla,nutty
unisex,4.09,citrus,yellow floral,white floral
unisex,4.09,aromatic,woody,fresh spicy
unisex,4.09,white floral,fruity,sweet
men,4.09,amber,fresh spicy,warm spicy
women,4.09,caramel,sweet,vanilla
women,4.09,white floral,almond,vanilla
women,4.09,patchouli,amber,rose
women,4.09,woody,sweet,white floral
unisex,4.09,rose,oud,fruity
unisex,4.09,floral,rose,amber
men,4.09,woody,lavender,vanilla
men,4.09,almond,fresh spicy,amber
men,4.09,woody,earthy,iris
women,4.09,floral,vanilla,rose
women,4.09,white floral,iris,tuberose
men,4.09,woody,warm spicy,fruity
unisex,4.09,woody,warm spicy,amber
women,4.09,woody,aromatic,powdery
unisex,4.09,fresh spicy,warm spicy,aromatic
women,4.09,amber,warm spicy,cinnamon
unisex,4.09,amber,vanilla,warm spicy
unisex,4.09,warm spicy,woody,patchouli
women,4.09,sweet,fruity,white floral
women,4.09,warm spicy,vanilla,anis
men,4.09,aromatic,fresh spicy,green
women,4.09,sweet,musky,fruity
women,4.09,white floral,fruity,sweet
men,4.09,citrus,fresh spicy,warm spicy
unisex,4.09,aquatic,ozonic,marine
men,4.09,vanilla,fruity,sweet
unisex,4.09,citrus,white floral,aromatic
men,4.09,warm spicy,woody,fresh spicy
women,4.09,fruity,rose,floral
women,4.09,fruity,patchouli,sweet
men,4.09,citrus,aromatic,marine
unisex,4.09,citrus,white floral,aromatic
women,4.09,woody,fruity,warm spicy
unisex,4.09,warm spicy,citrus,vanilla
unisex,4.09,oud,lavender,musky
women,4.09,white floral,tuberose,fruity
unisex,4.09,amber,warm spicy,oud
unisex,4.09,warm spicy,vanilla,amber
women,4.09,fresh spicy,aromatic,rose
unisex,4.09,warm spicy,amber,citrus
unisex,4.09,woody,patchouli,earthy
unisex,4.09,white floral,sweet,yellow floral
women,4.09,fruity,sweet,floral
women,4.09,aromatic,fresh spicy,green
women,4.09,aromatic,woody,fresh spicy
unisex,4.09,oud,sweet,rose
women,4.09,fruity,sweet,white floral
women,4.09,vanilla,warm spicy,sweet
unisex,4.09,oud,musky,powdery
unisex,4.09,powdery,amber,leather
men,4.09,fresh spicy,aromatic,woody
unisex,4.09,sweet,almond,vanilla
unisex,4.09,amber,warm spicy,woody
men,4.09,citrus,aromatic,woody
unisex,4.09,musky,amber,woody
unisex,4.09,powdery,woody,green
unisex,4.09,leather,smoky,woody
unisex,4.09,powdery,iris,floral
women,4.09,citrus,sweet,woody
women,4.09,white floral,citrus,ozonic
unisex,4.09,sweet,nutty,vanilla
men,4.09,citrus,woody,musky
women,4.09,yellow floral,sweet,mossy
unisex,4.09,woody,amber,fresh spicy
women,4.09,green,earthy,woody
women,4.09,marine,musky,white floral
unisex,4.09,green,violet,woody
women,4.09,vanilla,white floral,rose
women,4.09,fruity,floral,vanilla
unisex,4.09,vanilla,powdery,iris
unisex,4.09,warm spicy,woody,amber
unisex,4.09,woody,amber,vanilla
unisex,4.09,amber,vanilla,animalic
women,4.09,white floral,soft spicy,patchouli
men,4.09,fruity,sweet,citrus
women,4.09,rose,floral,fresh spicy
men,4.09,fresh spicy,woody,aromatic
unisex,4.09,sweet,woody,fruity
unisex,4.09,fruity,floral,sweet
men,4.09,fresh spicy,citrus,aromatic
women,4.09,sweet,vanilla,almond
unisex,4.09,aromatic,herbal,fresh spicy
women,4.09,floral,rose,green
unisex,4.09,aromatic,fresh spicy,woody
unisex,4.09,fruity,citrus,fresh
men,4.09,woody,rum,white floral
men,4.09,woody,powdery,iris
men,4.09,aromatic,fruity,woody
men,4.09,warm spicy,fresh spicy,woody
women,4.09,yellow floral,amber,sweet
women,4.09,floral,citrus,fruity
unisex,4.09,rose,woody,patchouli
men,4.09,warm spicy,amber,woody
women,4.09,woody,warm spicy,aromatic
women,4.09,floral,white floral,green
women,4.09,fruity,woody,patchouli
men,4.09,woody,vanilla,aromatic
unisex,4.09,aromatic,amber,yellow floral
men,4.09,woody,mossy,lavender
women,4.09,citrus,musky,green
women,4.09,vanilla,sweet,powdery
women,4.09,warm spicy,amber,sweet
women,4.09,aromatic,sweet,woody
women,4.09,white floral,sweet,fruity
unisex,4.09,aromatic,woody,citrus
women,4.09,vanilla,powdery,floral
women,4.09,fruity,powdery,sweet
men,4.09,warm spicy,fresh spicy,cinnamon
men,4.09,woody,aromatic,fresh spicy
unisex,4.09,vanilla,powdery,woody
men,4.09,aromatic,warm spicy,soft spicy
men,4.09,citrus,warm spicy,aromatic
women,4.09,aromatic,lavender,warm spicy
women,4.09,floral,powdery,citrus
women,4.09,amber,yellow floral,citrus
women,4.09,patchouli,woody,musky
unisex,4.09,citrus,vanilla,caramel
women,4.09,earthy,sweet,rum
women,4.09,powdery,floral,sweet
women,4.09,amber,citrus,rose
women,4.09,powdery,green,floral
unisex,4.09,citrus,fruity,salty
unisex,4.09,sweet,amber,vanilla
men,4.09,citrus,floral,woody
unisex,4.09,woody,warm spicy,smoky
unisex,4.09,woody,amber,warm spicy
men,4.09,fruity,leather,woody
women,4.1,floral,fruity,fresh
women,4.1,floral,fruity,woody
women,4.1,sweet,caramel,fruity
men,4.1,soft spicy,anis,amber
women,4.1,fruity,woody,sweet
men,4.1,aquatic,woody,fresh
women,4.1,floral,fruity,fresh
men,4.1,citrus,woody,aromatic
unisex,4.1,fruity,iris,citrus
unisex,4.1,marine,citrus,aromatic
women,4.1,floral,powdery,citrus
unisex,4.1,leather,woody,smoky
unisex,4.1,woody,patchouli,aromatic
men,4.1,ozonic,soft spicy,aquatic
unisex,4.1,white floral,sweet,tuberose
women,4.1,almond,woody,fruity
women,4.1,green,earthy,woody
unisex,4.1,powdery,floral,iris
men,4.1,green,aromatic,lavender
unisex,4.1,woody,aromatic,amber
men,4.1,citrus,fresh spicy,aromatic
women,4.1,floral,woody,powdery
women,4.1,warm spicy,patchouli,fresh spicy
women,4.1,rose,floral,citrus
women,4.1,sweet,fruity,amber
unisex,4.1,woody,warm spicy,citrus
women,4.1,musky,powdery,woody
men,4.1,woody,musky,amber
women,4.1,fresh,green,citrus
women,4.1,citrus,woody,powdery
women,4.1,rose,floral,fruity
men,4.1,citrus,warm spicy,woody
women,4.1,fruity,amber,warm spicy
unisex,4.1,woody,vanilla,salty
unisex,4.1,aromatic,fresh spicy,citrus
women,4.1,fresh spicy,rose,woody
women,4.1,floral,aldehydic,woody
women,4.1,white floral,amber,woody
women,4.1,floral,fruity,ozonic
women,4.1,fruity,fresh spicy,sweet
men,4.1,woody,powdery,coffee
women,4.1,woody,patchouli,citrus
women,4.1,white floral,vanilla,tuberose
women,4.1,white floral,citrus,tuberose
men,4.1,woody,leather,aromatic
women,4.1,floral,fruity,musky
women,4.1,sweet,fruity,woody
unisex,4.1,white floral,powdery,musky
women,4.1,vanilla,citrus,white floral
men,4.1,green,fruity,sweet
men,4.1,amber,citrus,warm spicy
men,4.1,fresh spicy,aromatic,amber
women,4.1,tuberose,white floral,woody
unisex,4.1,rose,oud,sweet
unisex,4.1,floral,green,sweet
women,4.1,amber,powdery,musky
men,4.1,aromatic,woody,citrus
men,4.1,citrus,green,aquatic
unisex,4.1,woody,fresh spicy,aromatic
unisex,4.1,fresh,citrus,aromatic
men,4.1,aromatic,woody,fresh spicy
women,4.1,fruity,rose,sweet
women,4.1,white floral,fresh,woody
women,4.1,aquatic,floral,fruity
women,4.1,sweet,vanilla,powdery
men,4.1,rose,citrus,leather
women,4.1,fruity,woody,sweet
unisex,4.1,rose,powdery,fruity
women,4.1,floral,citrus,powdery
women,4.1,fresh,green,white floral
men,4.1,citrus,aquatic,musky
women,4.1,sweet,fruity,vanilla
women,4.1,woody,patchouli,sweet
women,4.1,musky,white floral,sweet
men,4.1,woody,warm spicy,aromatic
women,4.1,amber,patchouli,musky
women,4.1,warm spicy,woody,cinnamon
men,4.1,citrus,woody,warm spicy
men,4.1,woody,warm spicy,vanilla
men,4.1,warm spicy,woody,aromatic
women,4.1,amber,leather,yellow floral
women,4.1,floral,citrus,fruity
women,4.1,green,floral,aquatic
women,4.1,vanilla,sweet,fruity
women,4.1,fruity,floral,sweet
women,4.1,citrus,fresh,sweet
women,4.1,fruity,white floral,vanilla
women,4.1,floral,fruity,powdery
women,4.1,fruity,fresh,white floral
men,4.1,fresh spicy,vanilla,aromatic
unisex,4.1,citrus,woody,aromatic
unisex,4.1,amber,aromatic,sweet
men,4.1,marine,aromatic,fresh spicy
men,4.1,citrus,woody,amber
unisex,4.1,citrus,aromatic,fresh spicy
unisex,4.1,vanilla,amber,fresh spicy
unisex,4.1,woody,warm spicy,amber
women,4.1,citrus,white floral,fresh spicy
women,4.1,warm spicy,fruity,sweet
unisex,4.1,fruity,woody,powdery
men,4.1,aromatic,citrus,aquatic
unisex,4.1,powdery,violet,iris
unisex,4.1,warm spicy,oud,aromatic
men,4.1,aromatic,fruity,warm spicy
women,4.1,woody,sweet,rose
unisex,4.1,sweet,oud,vanilla
unisex,4.1,woody,powdery,violet
women,4.1,warm spicy,patchouli,fruity
unisex,4.1,vanilla,tobacco,coffee
unisex,4.1,citrus,white floral,aromatic
unisex,4.1,powdery,almond,vanilla
men,4.1,aromatic,fresh spicy,leather
unisex,4.1,almond,vanilla,woody
women,4.1,white floral,tuberose,animalic
women,4.1,citrus,fruity,white floral
women,4.1,vanilla,fresh,floral
women,4.1,woody,fresh,leather
women,4.1,floral,white floral,citrus
women,4.1,sweet,fruity,powdery
women,4.1,woody,fruity,floral
women,4.1,citrus,aromatic,fresh spicy
women,4.1,vanilla,amber,aromatic
unisex,4.1,warm spicy,leather,woody
women,4.1,floral,vanilla,amber
women,4.1,amber,warm spicy,smoky
unisex,4.1,rose,patchouli,woody
men,4.1,aromatic,marine,citrus
women,4.1,fresh spicy,white floral,aromatic
women,4.1,woody,sweet,powdery
women,4.1,rose,amber,vanilla
women,4.1,citrus,aromatic,fresh spicy
men,4.1,leather,animalic,iris
unisex,4.1,green,powdery,sweet
women,4.1,rose,fresh,floral
women,4.1,rose,citrus,aromatic
women,4.1,floral,white floral,powdery
women,4.1,white floral,woody,citrus
women,4.1,floral,fruity,woody
women,4.1,citrus,fresh,woody
women,4.1,vanilla,white floral,amber
women,4.1,white floral,powdery,vanilla
women,4.1,sweet,vanilla,warm spicy
women,4.1,floral,woody,white floral
men,4.1,white floral,woody,aromatic
unisex,4.1,warm spicy,oud,coffee
women,4.1,warm spicy,white floral,floral
unisex,4.1,woody,powdery,musky
unisex,4.1,amber,woody,aromatic
women,4.1,powdery,sweet,musky
men,4.1,fresh spicy,aromatic,lavender
men,4.1,warm spicy,vanilla,woody
unisex,4.1,vanilla,amber,sweet
unisex,4.1,citrus,sweet,floral
unisex,4.1,aromatic,woody,fresh spicy
unisex,4.1,citrus,aromatic,fresh spicy
women,4.1,vanilla,powdery,coffee
men,4.1,aromatic,fresh spicy,woody
unisex,4.1,aromatic,citrus,fresh spicy
unisex,4.1,warm spicy,citrus,white floral
unisex,4.1,citrus,salty,aromatic
unisex,4.1,fresh spicy,woody,oud
men,4.1,woody,warm spicy,powdery
unisex,4.1,yellow floral,white floral,amber
men,4.1,almond,vanilla,powdery
men,4.1,woody,aromatic,warm spicy
unisex,4.1,white floral,vanilla,patchouli
unisex,4.1,vanilla,sweet,tobacco
women,4.1,warm spicy,woody,white floral
unisex,4.1,leather,fruity,smoky
unisex,4.1,amber,woody,oud
unisex,4.1,citrus,musky,woody
unisex,4.1,woody,warm spicy,powdery
men,4.1,amber,citrus,leather
unisex,4.1,amber,woody,balsamic
women,4.1,vanilla,powdery,white floral
men,4.1,woody,warm spicy,fresh spicy
men,4.1,amber,aromatic,woody
unisex,4.1,citrus,aromatic,fresh spicy
women,4.1,white floral,fruity,fresh
unisex,4.1,warm spicy,vanilla,aromatic
men,4.1,vanilla,sweet,tobacco
unisex,4.1,woody,aromatic,fresh spicy
men,4.1,aromatic,woody,green
men,4.1,fresh spicy,aromatic,leather
unisex,4.1,amber,fresh spicy,woody
unisex,4.1,woody,aromatic,rose
unisex,4.1,white floral,tuberose,fresh spicy
men,4.1,aromatic,fresh spicy,citrus
unisex,4.1,citrus,woody,mineral
unisex,4.1,woody,amber,earthy
men,4.1,leather,green,smoky
men,4.1,vanilla,citrus,woody
women,4.1,woody,powdery,floral
unisex,4.1,musky,woody,powdery
men,4.1,aromatic,woody,amber
women,4.1,sweet,powdery,fruity
women,4.1,powdery,iris,woody
unisex,4.1,woody,amber,warm spicy
women,4.1,white floral,citrus,floral
men,4.1,aromatic,woody,citrus
women,4.1,fruity,vanilla,amber
men,4.1,aromatic,fresh spicy,aquatic
women,4.1,floral,white floral,fresh
women,4.1,sweet,white floral,citrus
men,4.1,musky,salty,woody
men,4.1,leather,animalic,citrus
unisex,4.1,sweet,vanilla,tobacco
men,4.1,citrus,warm spicy,woody
women,4.1,soft spicy,sweet,vanilla
unisex,4.1,powdery,fresh,rose
women,4.1,green,floral,warm spicy
women,4.1,floral,fresh,citrus
women,4.1,rose,musky,ozonic
women,4.1,fruity,vanilla,green
men,4.1,woody,warm spicy,aromatic
unisex,4.1,rose,oud,leather
women,4.1,fruity,amber,sweet
unisex,4.1,amber,aromatic,oud
women,4.1,white floral,powdery,vanilla
unisex,4.1,citrus,sweet,honey
women,4.1,citrus,vanilla,warm spicy
women,4.1,aromatic,fresh spicy,green
men,4.1,woody,citrus,fresh spicy
men,4.1,aromatic,marine,salty
men,4.1,amber,leather,powdery
women,4.1,warm spicy,fruity,sweet
women,4.1,floral,patchouli,white floral
women,4.1,woody,powdery,aromatic
unisex,4.1,fruity,woody,citrus
unisex,4.1,powdery,amber,iris
unisex,4.1,white floral,tuberose,vanilla
women,4.1,white floral,green,aromatic
unisex,4.1,woody,leather,smoky
women,4.1,warm spicy,cinnamon,vanilla
women,4.1,fruity,sweet,powdery
women,4.1,white floral,woody,patchouli
men,4.1,lavender,floral,woody
unisex,4.1,woody,warm spicy,patchouli
women,4.1,caramel,floral,sweet
unisex,4.1,woody,amber,aromatic
men,4.1,aromatic,citrus,earthy
unisex,4.1,woody,amber,powdery
women,4.1,woody,fruity,sweet
women,4.1,fruity,woody,white floral
women,4.1,citrus,white floral,sweet
women,4.1,white floral,woody,citrus
women,4.1,rose,citrus,floral
unisex,4.1,amber,musky,powdery
unisex,4.1,floral,white floral,fresh
men,4.1,fresh spicy,leather,warm spicy
unisex,4.1,woody,aromatic,citrus
men,4.1,green,warm spicy,aromatic
men,4.1,fresh spicy,woody,citrus
unisex,4.1,woody,aromatic,powdery
women,4.1,powdery,vanilla,iris
women,4.1,powdery,vanilla,floral
unisex,4.1,sweet,leather,fruity
unisex,4.1,citrus,white floral,floral
women,4.1,floral,fruity,sweet
men,4.1,citrus,woody,aromatic
unisex,4.1,rose,citrus,amber
unisex,4.1,fruity,floral,rose
unisex,4.1,woody,sweet,fruity
men,4.1,citrus,aromatic,woody
men,4.1,citrus,aromatic,fresh spicy
women,4.1,floral,sweet,vanilla
women,4.1,warm spicy,woody,aromatic
unisex,4.1,amber,fresh spicy,citrus
men,4.1,aromatic,citrus,fresh spicy
unisex,4.1,powdery,warm spicy,vanilla
women,4.1,citrus,white floral,fresh
unisex,4.1,green,fresh,woody
men,4.1,citrus,fresh spicy,warm spicy
women,4.1,floral,powdery,fresh
women,4.1,vanilla,sweet,powdery
unisex,4.1,citrus,aromatic,leather
unisex,4.1,amber,woody,aromatic
unisex,4.1,fruity,sweet,rose
unisex,4.1,fruity,powdery,woody
unisex,4.1,amber,balsamic,musky
unisex,4.1,woody,aromatic,warm spicy
unisex,4.1,amber,woody,smoky
unisex,4.1,woody,amber,smoky
women,4.1,white floral,fruity,green
women,4.1,patchouli,amber,rose
women,4.1,cacao,warm spicy,sweet
men,4.1,amber,fresh spicy,aromatic
unisex,4.1,sweet,warm spicy,cinnamon
unisex,4.1,floral,rose,woody
women,4.1,white floral,powdery,woody
men,4.1,warm spicy,vanilla,woody
men,4.1,fresh spicy,green,warm spicy
unisex,4.1,fruity,sweet,vanilla
men,4.1,woody,citrus,warm spicy
men,4.1,woody,aromatic,fresh spicy
unisex,4.1,vanilla,sweet,fruity
men,4.1,warm spicy,woody,cinnamon
men,4.1,fresh spicy,warm spicy,woody
men,4.1,woody,citrus,amber
women,4.1,green,aromatic,earthy
unisex,4.1,white floral,animalic,honey
unisex,4.1,fresh spicy,warm spicy,aromatic
unisex,4.1,warm spicy,aromatic,woody
men,4.1,aromatic,citrus,woody
unisex,4.1,amber,green,musky
unisex,4.1,woody,cinnamon,warm spicy
unisex,4.1,fresh spicy,citrus,mossy
women,4.1,citrus,white floral,floral
women,4.1,white floral,floral,fresh
women,4.1,fruity,violet,rose
women,4.1,floral,citrus,tropical
women,4.1,rose,floral,lavender
unisex,4.1,vanilla,rose,floral
unisex,4.1,citrus,musky,powdery
unisex,4.1,amber,rose,oud
women,4.1,floral,rose,fresh
unisex,4.1,powdery,woody,vanilla
women,4.1,sweet,caramel,chocolate
women,4.1,rose,citrus,woody
men,4.1,woody,citrus,fruity
unisex,4.1,vanilla,warm spicy,amber
men,4.1,iris,woody,powdery
men,4.1,soft spicy,green,vanilla
unisex,4.1,musky,powdery,woody
women,4.1,white floral,woody,yellow floral
unisex,4.1,fruity,leather,floral
women,4.1,fruity,white floral,tuberose
unisex,4.1,citrus,woody,sweet
women,4.1,warm spicy,woody,powdery
unisex,4.1,woody,fruity,sweet
women,4.1,fruity,sweet,amber
men,4.1,amber,fresh spicy,aromatic
unisex,4.1,fresh spicy,vanilla,warm spicy
women,4.1,white floral,tuberose,green
unisex,4.1,amber,warm spicy,woody
unisex,4.1,amber,woody,vanilla
women,4.1,vanilla,powdery,almond
men,4.1,fresh spicy,woody,aromatic
women,4.1,white floral,citrus,musky
unisex,4.1,aromatic,woody,tuberose
women,4.1,vanilla,sweet,fruity
unisex,4.1,vanilla,powdery,rose
men,4.1,citrus,warm spicy,amber
unisex,4.1,aromatic,woody,fresh spicy
unisex,4.1,rose,sweet,woody
women,4.1,woody,floral,citrus
women,4.1,citrus,rose,vanilla
women,4.1,vanilla,white floral,powdery
unisex,4.1,woody,mossy,earthy
women,4.1,citrus,white floral,powdery
unisex,4.11,sweet,fruity,woody
women,4.11,warm spicy,cinnamon,woody
women,4.11,floral,citrus,woody
women,4.11,floral,powdery,warm spicy
men,4.11,woody,aromatic,fresh spicy
men,4.11,tobacco,cinnamon,warm spicy
men,4.11,aromatic,citrus,warm spicy
men,4.11,aromatic,fresh spicy,warm spicy
women,4.11,white floral,musky,woody
women,4.11,woody,warm spicy,citrus
women,4.11,white floral,floral,powdery
women,4.11,white floral,tuberose,woody
women,4.11,fruity,citrus,woody
men,4.11,aromatic,woody,fruity
women,4.11,powdery,woody,musky
men,4.11,citrus,woody,warm spicy
unisex,4.11,leather,vanilla,animalic
women,4.11,rose,powdery,floral
men,4.11,citrus,aquatic,fresh
unisex,4.11,powdery,violet,green
women,4.11,amber,iris,powdery
unisex,4.11,sweet,warm spicy,caramel
unisex,4.11,fruity,woody,warm spicy
unisex,4.11,aromatic,woody,warm spicy
women,4.11,fruity,sweet,white floral
women,4.11,woody,white floral,sweet
unisex,4.11,aromatic,fresh spicy,green
men,4.11,aromatic,citrus,woody
men,4.11,honey,citrus,musky
men,4.11,woody,aromatic,fresh spicy
women,4.11,citrus,aldehydic,woody
women,4.11,citrus,earthy,woody
women,4.11,white floral,green,tuberose
unisex,4.11,aromatic,powdery,fresh spicy
women,4.11,leather,smoky,white floral
unisex,4.11,amber,woody,musky
women,4.11,floral,rose,fresh
men,4.11,woody,fresh spicy,aromatic
men,4.11,citrus,woody,fresh spicy
unisex,4.11,woody,aromatic,citrus
women,4.11,vanilla,white floral,sweet
unisex,4.11,aromatic,soft spicy,lavender
women,4.11,fruity,white floral,woody
unisex,4.11,woody,amber,warm spicy
unisex,4.11,citrus,green,aromatic
unisex,4.11,musky,powdery,iris
women,4.11,citrus,green,floral
women,4.11,powdery,woody,iris
women,4.11,rose,fresh spicy,floral
men,4.11,citrus,aromatic,marine
men,4.11,citrus,woody,aromatic
men,4.11,citrus,fresh spicy,aromatic
unisex,4.11,citrus,fresh spicy,sweet
unisex,4.11,citrus,woody,violet
women,4.11,vanilla,powdery,yellow floral
women,4.11,white floral,tuberose,cacao
women,4.11,white floral,tuberose,woody
women,4.11,sweet,almond,cherry
men,4.11,aromatic,fresh spicy,citrus
women,4.11,floral,white floral,green
women,4.11,floral,powdery,soft spicy
women,4.11,fruity,powdery,sweet
men,4.11,green,aromatic,citrus
women,4.11,sweet,almond,citrus
women,4.11,violet,powdery,vanilla
women,4.11,mossy,earthy,warm spicy
women,4.11,citrus,vanilla,fresh spicy
women,4.11,leather,fruity,floral
men,4.11,woody,aromatic,citrus
men,4.11,aromatic,green,woody
men,4.11,citrus,aromatic,woody
women,4.11,white floral,floral,soft spicy
women,4.11,white floral,vanilla,woody
women,4.11,white floral,woody,vanilla
women,4.11,white floral,sweet,citrus
unisex,4.11,white floral,woody,amber
men,4.11,lavender,vanilla,aromatic
unisex,4.11,citrus,fresh spicy,
unisex,4.11,woody,warm spicy,aromatic
unisex,4.11,green,aromatic,fruity
women,4.11,sweet,aromatic,coconut
unisex,4.11,vanilla,floral,woody
men,4.11,citrus,woody,warm spicy
unisex,4.11,warm spicy,sweet,cinnamon
men,4.11,aromatic,warm spicy,lavender
unisex,4.11,rose,oud,amber
unisex,4.11,rose,vanilla,caramel
unisex,4.11,woody,citrus,rose
women,4.11,white floral,fresh,fruity
unisex,4.11,citrus,floral,green
men,4.11,citrus,fruity,aquatic
men,4.11,citrus,green,aromatic
men,4.11,amber,citrus,woody
men,4.11,fresh spicy,aromatic,citrus
unisex,4.11,sweet,vanilla,fresh spicy
men,4.11,amber,woody,citrus
women,4.11,woody,yellow floral,sweet
men,4.11,woody,warm spicy,amber
unisex,4.11,floral,white floral,citrus
women,4.11,white floral,tuberose,animalic
women,4.11,white floral,citrus,powdery
unisex,4.11,floral,amber,green
women,4.11,musky,powdery,rose
unisex,4.11,lavender,citrus,aromatic
women,4.11,citrus,white floral,fruity
women,4.11,warm spicy,citrus,white floral
men,4.11,fresh spicy,citrus,woody
women,4.11,fruity,floral,almond
unisex,4.11,woody,aromatic,powdery
unisex,4.11,sweet,fruity,chocolate
women,4.11,patchouli,woody,rose
men,4.11,fruity,amber,woody
women,4.11,white floral,woody,citrus
women,4.11,citrus,fruity,sweet
men,4.11,aromatic,woody,fresh spicy
women,4.11,woody,aromatic,green
men,4.11,aromatic,green,marine
men,4.11,almond,vanilla,powdery
unisex,4.11,aromatic,fresh spicy,rose
women,4.11,warm spicy,vanilla,oud
women,4.11,iris,woody,amber
women,4.11,sweet,powdery,amber
men,4.11,fresh spicy,warm spicy,tropical
men,4.11,aromatic,woody,fresh spicy
women,4.11,floral,fresh spicy,powdery
unisex,4.11,woody,aromatic,citrus
unisex,4.11,aromatic,citrus,warm spicy
unisex,4.11,sweet,woody,warm spicy
women,4.11,fruity,vanilla,aromatic
women,4.11,amber,sweet,woody
unisex,4.11,sweet,fruity,amber
unisex,4.11,warm spicy,amber,sweet
women,4.11,woody,earthy,floral
unisex,4.11,vanilla,warm spicy,sweet
unisex,4.11,white floral,amber,honey
women,4.11,fruity,floral,tropical
women,4.11,woody,citrus,fruity
women,4.11,woody,vanilla,powdery
women,4.11,aromatic,sweet,fresh spicy
women,4.11,citrus,white floral,floral
women,4.11,sweet,caramel,fruity
women,4.11,fruity,woody,sweet
women,4.11,fruity,white floral,tropical
unisex,4.11,sweet,almond,vanilla
unisex,4.11,woody,powdery,fruity
men,4.11,woody,aromatic,earthy
men,4.11,aromatic,fresh spicy,herbal
women,4.11,fruity,sweet,white floral
women,4.11,rose,floral,fresh
women,4.11,iris,sweet,powdery
men,4.11,citrus,white floral,
women,4.11,floral,fruity,tropical
men,4.11,iris,leather,citrus
men,4.11,vanilla,warm spicy,sweet
men,4.11,vanilla,sweet,powdery
men,4.11,aquatic,marine,ozonic
women,4.11,fruity,patchouli,leather
women,4.11,fruity,coffee,floral
unisex,4.11,leather,animalic,citrus
women,4.11,powdery,woody,white floral
men,4.11,citrus,vanilla,fresh
women,4.11,woody,musky,powdery
men,4.11,coffee,warm spicy,woody
women,4.11,chocolate,warm spicy,sweet
men,4.11,citrus,aromatic,fresh spicy
women,4.11,white floral,tuberose,green
women,4.11,powdery,woody,iris
unisex,4.11,citrus,soft spicy,powdery
women,4.11,leather,vanilla,citrus
women,4.11,leather,vanilla,aromatic
women,4.11,citrus,aromatic,fresh spicy
unisex,4.11,amber,vanilla,woody
women,4.11,citrus,floral,sweet
women,4.11,sweet,amber,fruity
men,4.11,fresh spicy,citrus,vanilla
men,4.11,woody,aquatic,citrus
women,4.11,white floral,tuberose,woody
unisex,4.11,sweet,vanilla,fruity
unisex,4.11,white floral,citrus,musky
unisex,4.11,woody,warm spicy,aromatic
women,4.11,fruity,woody,earthy
men,4.11,fruity,sweet,vanilla
men,4.11,citrus,woody,warm spicy
women,4.11,woody,white floral,citrus
men,4.11,citrus,fruity,sweet
men,4.11,citrus,aromatic,woody
women,4.11,warm spicy,citrus,fresh
women,4.11,white floral,coconut,woody
women,4.11,fruity,sweet,vanilla
men,4.11,citrus,coffee,warm spicy
unisex,4.11,citrus,aromatic,fresh spicy
men,4.11,aromatic,fresh spicy,green
unisex,4.11,warm spicy,citrus,white floral
men,4.11,aromatic,woody,fresh spicy
unisex,4.11,woody,aromatic,fresh spicy
men,4.11,amber,leather,woody
men,4.11,fresh spicy,musky,ozonic
men,4.11,aromatic,citrus,woody
unisex,4.11,green,white floral,fresh spicy
unisex,4.11,woody,sweet,warm spicy
women,4.11,white floral,citrus,amber
women,4.11,cacao,vanilla,warm spicy
men,4.11,citrus,white floral,amber
women,4.11,fruity,sweet,caramel
unisex,4.11,woody,warm spicy,sweet
unisex,4.11,sweet,fruity,amber
unisex,4.11,woody,powdery,amber
unisex,4.11,citrus,sweet,warm spicy
women,4.11,floral,powdery,rose
men,4.11,woody,aromatic,powdery
women,4.11,amber,balsamic,powdery
unisex,4.11,aromatic,woody,fresh spicy
unisex,4.11,aromatic,green,citrus
unisex,4.11,warm spicy,woody,amber
men,4.11,citrus,woody,aromatic
women,4.11,woody,mossy,leather
women,4.11,fruity,woody,sweet
women,4.11,sweet,vanilla,coconut
unisex,4.11,white floral,tuberose,marine
women,4.11,white floral,sweet,tuberose
women,4.11,fruity,sweet,white floral
women,4.11,sweet,fruity,vanilla
men,4.11,warm spicy,aromatic,citrus
unisex,4.11,woody,aromatic,green
women,4.11,citrus,fruity,floral
women,4.11,citrus,amber,woody
women,4.11,warm spicy,amber,patchouli
men,4.11,citrus,aromatic,fresh spicy
men,4.11,aromatic,green,fresh spicy
women,4.11,fruity,fresh,floral
women,4.11,rose,floral,woody
women,4.11,rose,floral,citrus
women,4.11,citrus,white floral,fresh spicy
women,4.11,floral,fruity,cherry
women,4.11,floral,citrus,rose
unisex,4.11,citrus,aromatic,herbal
unisex,4.11,warm spicy,vanilla,amber
men,4.11,vanilla,aromatic,woody
unisex,4.11,vanilla,citrus,amber
women,4.11,woody,almond,citrus
women,4.11,vanilla,floral,powdery
unisex,4.11,sweet,citrus,tropical
women,4.11,patchouli,floral,woody
unisex,4.11,woody,musky,leather
women,4.11,honey,sweet,white floral
women,4.11,fruity,sweet,floral
women,4.11,aldehydic,fresh,white floral
women,4.11,white floral,citrus,sweet
women,4.11,fresh,powdery,floral
unisex,4.11,floral,powdery,vanilla
women,4.11,citrus,earthy,floral
unisex,4.11,amber,woody,fresh spicy
unisex,4.11,white floral,sweet,vanilla
unisex,4.11,white floral,yellow floral,musky
women,4.11,green,aromatic,fresh
unisex,4.11,aromatic,lavender,citrus
women,4.11,vanilla,fruity,sweet
unisex,4.11,citrus,woody,mossy
unisex,4.11,citrus,sweet,coconut
unisex,4.11,citrus,green,fresh spicy
women,4.11,vanilla,powdery,woody
women,4.11,powdery,musky,caramel
men,4.11,woody,citrus,aromatic
women,4.11,white floral,yellow floral,woody
women,4.11,aromatic,fresh spicy,herbal
women,4.11,fruity,sweet,woody
women,4.11,vanilla,powdery,patchouli
women,4.11,floral,woody,mossy
unisex,4.11,warm spicy,coffee,woody
women,4.11,citrus,fruity,green
women,4.11,amber,warm spicy,woody
unisex,4.11,woody,fresh spicy,aromatic
unisex,4.11,leather,warm spicy,woody
unisex,4.11,sweet,amber,fruity
men,4.11,warm spicy,tobacco,leather
unisex,4.11,green,fruity,aromatic
unisex,4.11,citrus,aromatic,fresh spicy
women,4.11,amber,balsamic,warm spicy
unisex,4.11,rose,oud,floral
unisex,4.11,warm spicy,musky,woody
women,4.11,powdery,woody,vanilla
unisex,4.11,aromatic,woody,earthy
unisex,4.11,woody,oud,musky
unisex,4.11,woody,powdery,nutty
men,4.11,vanilla,powdery,aromatic
men,4.11,aquatic,woody,fresh spicy
unisex,4.11,warm spicy,woody,amber
unisex,4.11,white floral,warm spicy,coffee
men,4.11,citrus,woody,aromatic
unisex,4.11,citrus,white floral,sweet
unisex,4.11,woody,aromatic,fresh spicy
women,4.11,white floral,powdery,citrus
unisex,4.11,warm spicy,sweet,fruity
unisex,4.11,musky,rose,floral
unisex,4.11,warm spicy,woody,sweet
unisex,4.11,woody,amber,citrus
unisex,4.11,almond,cacao,amber
unisex,4.11,citrus,warm spicy,woody
unisex,4.11,woody,fruity,beeswax
unisex,4.11,woody,citrus,iris
unisex,4.11,woody,sweet,powdery
women,4.11,floral,citrus,powdery
unisex,4.11,woody,powdery,aromatic
women,4.11,powdery,iris,white floral
unisex,4.11,woody,fresh spicy,aromatic
men,4.11,citrus,woody,fresh spicy
men,4.11,vanilla,aromatic,warm spicy
unisex,4.11,aromatic,woody,fresh spicy
unisex,4.11,amber,warm spicy,woody
men,4.11,vanilla,woody,warm spicy
men,4.11,leather,warm spicy,citrus
women,4.11,green,white floral,powdery
women,4.11,white floral,floral,powdery
unisex,4.11,woody,warm spicy,powdery
men,4.11,warm spicy,cinnamon,fresh spicy
women,4.11,woody,marine,aromatic
unisex,4.11,aromatic,warm spicy,soft spicy
women,4.11,white floral,fruity,sweet
unisex,4.11,amber,fresh spicy,vanilla
unisex,4.11,citrus,warm spicy,vanilla
unisex,4.11,powdery,almond,fruity
women,4.11,white floral,floral,fresh
women,4.11,amber,warm spicy,vanilla
unisex,4.11,citrus,fresh spicy,aromatic
women,4.11,fresh,fruity,floral
unisex,4.11,amber,woody,balsamic
women,4.11,aromatic,woody,citrus
women,4.11,fruity,rose,sweet
women,4.11,white floral,citrus,honey
unisex,4.11,woody,amber,vanilla
unisex,4.11,warm spicy,woody,aromatic
men,4.11,aromatic,citrus,woody
women,4.11,green,tuberose,floral
women,4.11,floral,fresh,green
unisex,4.11,woody,leather,oud
unisex,4.11,warm spicy,amber,woody
women,4.11,floral,fresh,citrus
unisex,4.11,amber,warm spicy,aromatic
unisex,4.11,amber,woody,patchouli
women,4.11,floral,white floral,powdery
men,4.11,fresh spicy,aromatic,citrus
women,4.11,citrus,white floral,rose
women,4.11,warm spicy,vanilla,woody
women,4.11,rose,floral,fresh
women,4.11,sweet,fruity,violet
unisex,4.12,woody,powdery,musky
men,4.12,citrus,aromatic,woody
men,4.12,aromatic,citrus,woody
women,4.12,rose,fresh spicy,warm spicy
women,4.12,citrus,patchouli,woody
women,4.12,white floral,vanilla,sweet
men,4.12,fresh spicy,citrus,leather
men,4.12,warm spicy,woody,amber
men,4.12,woody,citrus,aromatic
unisex,4.12,white floral,fresh,green
men,4.12,woody,aromatic,warm spicy
women,4.12,rose,fruity,green
women,4.12,sweet,fruity,woody
women,4.12,citrus,sweet,fruity
unisex,4.12,amber,musky,woody
unisex,4.12,fruity,fresh spicy,woody
unisex,4.12,amber,warm spicy,fresh spicy
women,4.12,fruity,woody,sweet
men,4.12,citrus,white floral,woody
unisex,4.12,powdery,rose,sweet
unisex,4.12,leather,powdery,violet
unisex,4.12,powdery,violet,iris
women,4.12,floral,green,citrus
men,4.12,warm spicy,woody,amber
women,4.12,floral,fruity,citrus
women,4.12,citrus,woody,patchouli
women,4.12,warm spicy,woody,citrus
women,4.12,floral,aldehydic,iris
women,4.12,rose,floral,citrus
women,4.12,woody,aromatic,citrus
men,4.12,woody,aromatic,fresh spicy
unisex,4.12,rose,woody,warm spicy
unisex,4.12,woody,aromatic,fresh spicy
unisex,4.12,green,aromatic,fresh spicy
women,4.12,citrus,woody,powdery
unisex,4.12,citrus,fresh spicy,aromatic
women,4.12,white floral,green,yellow floral
women,4.12,woody,rose,fruity
men,4.12,citrus,woody,violet
men,4.12,woody,citrus,powdery
unisex,4.12,rose,floral,powdery
unisex,4.12,woody,citrus,powdery
women,4.12,sweet,fruity,fresh
women,4.12,woody,warm spicy,amber
women,4.12,powdery,vanilla,violet
unisex,4.12,white floral,tuberose,amber
unisex,4.12,aromatic,woody,citrus
unisex,4.12,vanilla,almond,sweet
women,4.12,white floral,musky,amber
unisex,4.12,amber,aromatic,warm spicy
men,4.12,aromatic,woody,warm spicy
men,4.12,aromatic,fresh spicy,citrus
women,4.12,warm spicy,cinnamon,citrus
women,4.12,citrus,fresh spicy,green
unisex,4.12,warm spicy,woody,aromatic
unisex,4.12,citrus,aromatic,floral
men,4.12,woody,fruity,warm spicy
unisex,4.12,yellow floral,warm spicy,powdery
unisex,4.12,fruity,sweet,vanilla
unisex,4.12,vanilla,sweet,powdery
women,4.12,vanilla,floral,powdery
unisex,4.12,vanilla,musky,sweet
unisex,4.12,fruity,fresh spicy,musky
unisex,4.12,vanilla,warm spicy,woody
women,4.12,floral,white floral,fruity
women,4.12,sweet,vanilla,woody
women,4.12,floral,powdery,fruity
unisex,4.12,fruity,oud,woody
men,4.12,aromatic,citrus,fresh spicy
unisex,4.12,vanilla,lactonic,musky
women,4.12,citrus,rose,aromatic
men,4.12,citrus,fresh spicy,aromatic
women,4.12,vanilla,warm spicy,cinnamon
unisex,4.12,citrus,amber,lavender
unisex,4.12,warm spicy,amber,vanilla
women,4.12,sweet,rose,vanilla
unisex,4.12,woody,almond,leather
women,4.12,fruity,citrus,floral
women,4.12,vanilla,floral,musky
women,4.12,vanilla,white floral,amber
unisex,4.12,fruity,sweet,floral
women,4.12,white floral,musky,fruity
women,4.12,rose,white floral,woody
women,4.12,green,woody,white floral
men,4.12,citrus,aromatic,warm spicy
women,4.12,floral,woody,violet
men,4.12,woody,balsamic,citrus
women,4.12,floral,fresh,fruity
women,4.12,powdery,floral,woody
men,4.12,fresh spicy,citrus,aromatic
women,4.12,fruity,citrus,powdery
women,4.12,floral,sweet,fruity
women,4.12,fruity,sweet,fresh
women,4.12,citrus,powdery,woody
women,4.12,caramel,vanilla,powdery
women,4.12,warm spicy,vanilla,amber
women,4.12,floral,woody,musky
women,4.12,floral,musky,amber
women,4.12,floral,warm spicy,fresh
men,4.12,warm spicy,sweet,caramel
unisex,4.12,woody,warm spicy,amber
women,4.12,rose,fruity,vanilla
unisex,4.12,aromatic,fresh spicy,woody
unisex,4.12,woody,leather,fruity
men,4.12,citrus,aromatic,musky
women,4.12,oud,musky,powdery
women,4.12,vanilla,oud,white floral
unisex,4.12,rose,woody,oud
men,4.12,citrus,aromatic,fresh spicy
women,4.12,lactonic,fruity,vanilla
unisex,4.12,warm spicy,woody,fresh spicy
unisex,4.12,white floral,citrus,musky
unisex,4.12,amber,white floral,citrus
unisex,4.12,woody,warm spicy,amber
women,4.12,fruity,musky,powdery
unisex,4.12,warm spicy,woody,honey
unisex,4.12,woody,fresh spicy,oud
unisex,4.12,sweet,vanilla,woody
unisex,4.12,woody,amber,aromatic
unisex,4.12,woody,fruity,citrus
unisex,4.12,aromatic,lavender,vanilla
women,4.12,woody,warm spicy,powdery
unisex,4.12,white floral,amber,citrus
men,4.12,citrus,warm spicy,woody
women,4.12,floral,fruity,almond
men,4.12,iris,aromatic,green
men,4.12,woody,aromatic,fresh spicy
women,4.12,fruity,sweet,woody
women,4.12,sweet,powdery,vanilla
unisex,4.12,powdery,citrus,woody
men,4.12,aromatic,woody,fresh spicy
unisex,4.12,amber,powdery,floral
men,4.12,citrus,woody,aromatic
men,4.12,fresh spicy,aromatic,woody
women,4.12,floral,rose,powdery
women,4.12,rose,floral,musky
women,4.12,fruity,powdery,sweet
women,4.12,citrus,fresh,floral
women,4.12,almond,vanilla,floral
women,4.12,white floral,citrus,amber
men,4.12,iris,powdery,woody
men,4.12,aromatic,citrus,green
women,4.12,herbal,aromatic,ozonic
men,4.12,citrus,aromatic,marine
women,4.12,warm spicy,woody,herbal
women,4.12,powdery,iris,woody
unisex,4.12,green,aromatic,fresh spicy
unisex,4.12,woody,musky,powdery
unisex,4.12,aromatic,lavender,woody
men,4.12,powdery,musky,amber
unisex,4.12,floral,woody,citrus
men,4.12,fresh spicy,citrus,woody
unisex,4.12,sweet,caramel,vanilla
men,4.12,woody,aromatic,fresh spicy
men,4.12,woody,aromatic,fresh spicy
women,4.12,citrus,warm spicy,woody
men,4.12,vanilla,fresh spicy,woody
unisex,4.12,mineral,green,aromatic
unisex,4.12,aromatic,woody,fresh spicy
women,4.12,white floral,soft spicy,powdery
men,4.12,warm spicy,oud,woody
men,4.12,citrus,fresh spicy,woody
women,4.12,woody,powdery,fruity
women,4.12,amber,leather,fresh spicy
men,4.12,woody,oud,leather
women,4.12,white floral,citrus,sweet
women,4.12,aromatic,woody,lavender
unisex,4.12,rose,sweet,oud
unisex,4.12,powdery,vanilla,amber
unisex,4.12,aromatic,woody,fresh spicy
unisex,4.12,fruity,woody,sweet
unisex,4.12,woody,warm spicy,fresh spicy
men,4.12,woody,aromatic,citrus
unisex,4.12,woody,white floral,amber
unisex,4.12,rose,floral,fruity
men,4.12,woody,warm spicy,amber
unisex,4.12,green,fruity,leather
unisex,4.12,marine,aromatic,salty
unisex,4.12,warm spicy,ozonic,woody
women,4.12,fruity,citrus,vanilla
women,4.12,vanilla,woody,coffee
women,4.12,sweet,vanilla,fruity
men,4.12,woody,aromatic,earthy
men,4.12,citrus,aromatic,fresh spicy
men,4.12,citrus,aquatic,woody
unisex,4.12,vanilla,white floral,sweet
unisex,4.12,white floral,vanilla,sweet
women,4.12,floral,oud,powdery
men,4.12,woody,aromatic,balsamic
women,4.12,powdery,vanilla,aromatic
unisex,4.12,yellow floral,tuberose,white floral
unisex,4.12,citrus,white floral,floral
unisex,4.12,citrus,fresh spicy,aromatic
men,4.12,citrus,aromatic,fresh spicy
unisex,4.12,amber,warm spicy,woody
women,4.12,fresh,fruity,green
women,4.12,sweet,amber,white floral
women,4.12,rose,musky,powdery
women,4.12,powdery,woody,floral
men,4.12,lavender,white floral,fruity
men,4.12,woody,citrus,oud
unisex,4.12,citrus,woody,aromatic
women,4.12,white floral,amber,almond
men,4.12,citrus,woody,fresh spicy
unisex,4.12,woody,floral,aquatic
unisex,4.12,citrus,white floral,woody
men,4.12,green,woody,musky
men,4.12,fresh spicy,woody,powdery
men,4.12,amber,woody,warm spicy
men,4.12,warm spicy,aromatic,woody
unisex,4.12,citrus,amber,sweet
unisex,4.12,citrus,musky,white floral
unisex,4.12,vanilla,sweet,amber
men,4.12,citrus,earthy,green
women,4.12,powdery,warm spicy,floral
unisex,4.12,woody,warm spicy,powdery
women,4.12,amber,vanilla,powdery
unisex,4.12,woody,warm spicy,tobacco
unisex,4.12,sweet,tobacco,oud
women,4.12,warm spicy,yellow floral,woody
unisex,4.12,vanilla,powdery,musky
women,4.12,powdery,vanilla,white floral
women,4.12,white floral,woody,fruity
women,4.12,citrus,warm spicy,woody
unisex,4.12,citrus,white floral,sweet
unisex,4.12,citrus,aromatic,green
unisex,4.12,citrus,aromatic,woody
men,4.12,aromatic,fresh spicy,woody
unisex,4.12,powdery,iris,almond
men,4.12,woody,citrus,green
unisex,4.12,white floral,tuberose,green
unisex,4.12,woody,amber,warm spicy
unisex,4.12,citrus,sweet,vanilla
unisex,4.12,musky,powdery,white floral
women,4.12,amber,warm spicy,balsamic
women,4.12,amber,sweet,rose
women,4.12,green,aromatic,fresh spicy
women,4.12,white floral,fresh,musky
women,4.12,rose,citrus,aromatic
men,4.12,citrus,aromatic,fresh spicy
unisex,4.12,vanilla,powdery,white floral
men,4.12,citrus,mossy,fresh spicy
women,4.12,white floral,citrus,sweet
unisex,4.12,amber,leather,smoky
women,4.12,citrus,woody,powdery
women,4.12,citrus,white floral,fresh spicy
men,4.12,citrus,fresh spicy,sweet
unisex,4.12,citrus,fresh spicy,aromatic
men,4.12,citrus,aromatic,leather
unisex,4.12,citrus,ozonic,aldehydic
unisex,4.12,aromatic,citrus,green
unisex,4.12,warm spicy,fresh spicy,oud
unisex,4.12,woody,amber,warm spicy
unisex,4.12,citrus,sweet,coconut
men,4.12,warm spicy,amber,aromatic
women,4.12,woody,powdery,iris
men,4.12,aromatic,woody,citrus
men,4.12,fruity,aromatic,warm spicy
men,4.12,woody,warm spicy,powdery
unisex,4.12,white floral,tuberose,coconut
unisex,4.12,citrus,woody,vanilla
women,4.12,white floral,fresh,fresh spicy
men,4.12,woody,patchouli,warm spicy
women,4.12,woody,powdery,fruity
women,4.12,sweet,citrus,powdery
women,4.12,powdery,amber,floral
women,4.12,citrus,powdery,white floral
unisex,4.12,woody,sweet,warm spicy
unisex,4.12,citrus,aromatic,warm spicy
unisex,4.12,rose,fruity,tobacco
unisex,4.12,fruity,floral,sweet
unisex,4.12,aromatic,fresh spicy,green
women,4.12,sweet,vanilla,oud
women,4.12,fruity,woody,aromatic
women,4.12,almond,sweet,powdery
unisex,4.12,sweet,coconut,almond
men,4.12,fruity,woody,sweet
women,4.12,citrus,rose,floral
men,4.12,sweet,aromatic,ozonic
men,4.12,aromatic,woody,powdery
unisex,4.12,woody,citrus,mossy
men,4.12,woody,aromatic,leather
unisex,4.12,white floral,citrus,floral
unisex,4.12,aromatic,fresh spicy,woody
unisex,4.12,fruity,sweet,fresh
unisex,4.12,sweet,honey,warm spicy
unisex,4.12,warm spicy,coffee,vanilla
unisex,4.12,aromatic,fruity,citrus
men,4.12,fruity,warm spicy,sweet
women,4.12,floral,woody,sweet
women,4.12,white floral,woody,floral
unisex,4.12,citrus,green,fresh spicy
unisex,4.12,white floral,floral,musky
unisex,4.12,vanilla,sweet,soft spicy
women,4.12,floral,fresh,fruity
unisex,4.12,warm spicy,honey,sweet
unisex,4.12,white floral,fruity,green
unisex,4.12,woody,coconut,powdery
women,4.12,fruity,woody,sweet
women,4.12,citrus,caramel,patchouli
women,4.12,yellow floral,white floral,sweet
women,4.12,white floral,vanilla,woody
women,4.12,fruity,sweet,woody
men,4.12,fresh,aquatic,citrus
women,4.12,almond,sweet,vanilla
unisex,4.12,aromatic,woody,earthy
men,4.12,lavender,aromatic,warm spicy
men,4.12,aromatic,citrus,fresh spicy
unisex,4.12,aromatic,citrus,vanilla
women,4.12,rose,vanilla,woody
unisex,4.12,amber,vanilla,powdery
men,4.12,aromatic,fresh spicy,lavender
women,4.12,warm spicy,woody,vanilla
unisex,4.12,rose,citrus,musky
women,4.12,powdery,woody,sweet
unisex,4.12,vanilla,white floral,coconut
women,4.12,floral,rose,citrus
men,4.12,white floral,powdery,fresh spicy
unisex,4.12,fruity,sweet,leather
unisex,4.12,citrus,green,floral
unisex,4.12,amber,warm spicy,woody
unisex,4.12,smoky,woody,leather
women,4.12,cherry,fruity,sweet
unisex,4.13,sweet,woody,tobacco
men,4.13,oud,amber,citrus
women,4.13,sweet,fruity,caramel
unisex,4.13,warm spicy,cacao,amber
women,4.13,sweet,fruity,tropical
women,4.13,sweet,fruity,tropical
men,4.13,woody,fresh spicy,aromatic
women,4.13,citrus,white floral,fresh spicy
unisex,4.13,leather,animalic,floral
men,4.13,aromatic,woody,citrus
men,4.13,citrus,fresh spicy,warm spicy
men,4.13,warm spicy,fresh spicy,leather
unisex,4.13,amber,woody,balsamic
women,4.13,green,vanilla,floral
men,4.13,aromatic,woody,fresh spicy
women,4.13,iris,green,powdery
women,4.13,citrus,aldehydic,fresh
women,4.13,earthy,woody,mossy
men,4.13,amber,warm spicy,lavender
unisex,4.13,oud,woody,aquatic
men,4.13,aromatic,woody,warm spicy
women,4.13,vanilla,powdery,sweet
men,4.13,aromatic,citrus,amber
unisex,4.13,citrus,aromatic,fresh spicy
men,4.13,citrus,aromatic,fresh spicy
men,4.13,woody,musky,aromatic
women,4.13,white floral,fresh,green
unisex,4.13,warm spicy,vanilla,woody
women,4.13,aromatic,green,woody
women,4.13,citrus,woody,patchouli
women,4.13,citrus,musky,fresh
men,4.13,aromatic,tobacco,warm spicy
unisex,4.13,citrus,fruity,sweet
unisex,4.13,sweet,fruity,aromatic
unisex,4.13,fruity,floral,marine
women,4.13,citrus,floral,white floral
unisex,4.13,citrus,woody,aromatic
unisex,4.13,woody,powdery,earthy
women,4.13,floral,white floral,woody
women,4.13,woody,warm spicy,sweet
women,4.13,white floral,patchouli,woody
unisex,4.13,white floral,aromatic,tuberose
women,4.13,white floral,green,floral
unisex,4.13,aromatic,woody,fresh spicy
women,4.13,violet,powdery,woody
women,4.13,cherry,smoky,sweet
unisex,4.13,woody,powdery,yellow floral
men,4.13,citrus,aromatic,marine
men,4.13,fruity,citrus,fresh spicy
women,4.13,citrus,white floral,sweet
men,4.13,herbal,aromatic,fresh spicy
men,4.13,aromatic,woody,vanilla
men,4.13,citrus,woody,musky
women,4.13,powdery,iris,floral
women,4.13,warm spicy,woody,amber
unisex,4.13,aromatic,fresh spicy,citrus
women,4.13,citrus,warm spicy,sweet
unisex,4.13,almond,vanilla,warm spicy
women,4.13,vanilla,coconut,sweet
unisex,4.13,white floral,citrus,sweet
unisex,4.13,woody,fruity,warm spicy
unisex,4.13,woody,rose,fresh spicy
unisex,4.13,powdery,yellow floral,floral
men,4.13,amber,fresh spicy,woody
men,4.13,soft spicy,sweet,anis
unisex,4.13,citrus,powdery,white floral
men,4.13,woody,warm spicy,amber
women,4.13,musky,white floral,woody
unisex,4.13,citrus,white floral,green
unisex,4.13,woody,amber,caramel
unisex,4.13,woody,fruity,citrus
unisex,4.13,citrus,aquatic,fresh
unisex,4.13,coffee,rose,vanilla
women,4.13,sweet,powdery,caramel
women,4.13,woody,warm spicy,white floral
men,4.13,woody,fresh spicy,warm spicy
women,4.13,fresh,citrus,fruity
men,4.13,citrus,aromatic,fresh spicy
women,4.13,warm spicy,cacao,woody
unisex,4.13,aromatic,woody,citrus
women,4.13,floral,green,fresh
unisex,4.13,patchouli,warm spicy,smoky
women,4.13,powdery,woody,violet
women,4.13,citrus,white floral,
unisex,4.13,citrus,fresh,fresh spicy
men,4.13,fresh spicy,aromatic,lavender
women,4.13,fruity,green,sweet
women,4.13,sweet,vanilla,amber
women,4.13,vanilla,sweet,amber
men,4.13,woody,fresh spicy,leather
women,4.13,floral,white floral,fresh
men,4.13,aromatic,woody,fresh spicy
women,4.13,sweet,white floral,citrus
men,4.13,woody,oud,rose
men,4.13,woody,amber,aromatic
men,4.13,aromatic,lavender,green
women,4.13,amber,citrus,balsamic
women,4.13,aromatic,green,woody
women,4.13,warm spicy,rose,woody
women,4.13,vanilla,warm spicy,coffee
men,4.13,violet,honey,powdery
women,4.13,woody,green,aromatic
men,4.13,woody,aromatic,citrus
women,4.13,powdery,iris,white floral
men,4.13,aquatic,fruity,sweet
men,4.13,woody,green,aromatic
men,4.13,amber,woody,aromatic
men,4.13,leather,earthy,soft spicy
unisex,4.13,amber,woody,aromatic
unisex,4.13,amber,oud,woody
unisex,4.13,amber,smoky,fresh spicy
unisex,4.13,fruity,sweet,powdery
unisex,4.13,fruity,woody,smoky
unisex,4.13,woody,violet,citrus
women,4.13,white floral,yellow floral,warm spicy
unisex,4.13,cherry,sweet,almond
men,4.13,citrus,soft spicy,leather
women,4.13,citrus,woody,fruity
women,4.13,floral,citrus,fresh
women,4.13,woody,vanilla,fruity
unisex,4.13,fruity,rose,sweet
women,4.13,warm spicy,woody,powdery
women,4.13,white floral,musky,fresh
women,4.13,powdery,vanilla,violet
unisex,4.13,warm spicy,amber,sweet
men,4.13,citrus,aromatic,fresh spicy
unisex,4.13,white floral,vanilla,yellow floral
unisex,4.13,citrus,iris,powdery
women,4.13,rose,floral,white floral
women,4.13,rose,fruity,violet
men,4.13,aromatic,woody,fresh spicy
women,4.13,floral,citrus,white floral
women,4.13,fruity,vanilla,sweet
men,4.13,citrus,fruity,woody
men,4.13,musky,aldehydic,fresh
women,4.13,cacao,vanilla,white floral
women,4.13,rose,fruity,citrus
unisex,4.13,lavender,aromatic,woody
women,4.13,floral,white floral,powdery
men,4.13,woody,citrus,fresh spicy
women,4.13,green,woody,earthy
unisex,4.13,woody,rose,floral
unisex,4.13,woody,fresh spicy,warm spicy
women,4.13,white floral,almond,woody
women,4.13,floral,citrus,fruity
women,4.13,citrus,woody,fresh spicy
men,4.13,vanilla,aromatic,woody
unisex,4.13,citrus,aromatic,earthy
men,4.13,aromatic,woody,fresh spicy
men,4.13,cinnamon,warm spicy,amber
unisex,4.13,green,fresh,soft spicy
women,4.13,rose,fruity,woody
men,4.13,warm spicy,amber,vanilla
men,4.13,woody,almond,white floral
women,4.13,sweet,warm spicy,fruity
unisex,4.13,floral,citrus,powdery
unisex,4.13,amber,warm spicy,coffee
unisex,4.13,citrus,aromatic,floral
unisex,4.13,woody,fresh spicy,warm spicy
unisex,4.13,sweet,cacao,warm spicy
unisex,4.13,aquatic,ozonic,green
women,4.13,white floral,rose,citrus
women,4.13,floral,yellow floral,powdery
men,4.13,woody,aromatic,citrus
women,4.13,amber,honey,sweet
women,4.13,woody,aromatic,herbal
men,4.13,woody,aromatic,fresh spicy
men,4.13,aromatic,citrus,fresh spicy
men,4.13,fresh spicy,lavender,mossy
men,4.13,aromatic,woody,fresh spicy
women,4.13,sweet,lactonic,vanilla
unisex,4.13,woody,citrus,animalic
men,4.13,woody,warm spicy,whiskey
women,4.13,citrus,woody,fresh spicy
men,4.13,earthy,mossy,musky
unisex,4.13,woody,fresh spicy,powdery
unisex,4.13,fruity,sweet,powdery
women,4.13,floral,fresh,vanilla
unisex,4.13,warm spicy,woody,lavender
women,4.13,green,aromatic,white floral
women,4.13,citrus,white floral,aromatic
men,4.13,powdery,violet,citrus
women,4.13,sweet,vanilla,powdery
unisex,4.13,vanilla,sweet,caramel
unisex,4.13,citrus,vanilla,aromatic
unisex,4.13,warm spicy,woody,amber
unisex,4.13,aromatic,citrus,fresh spicy
men,4.13,aromatic,fresh spicy,woody
unisex,4.13,fresh spicy,aromatic,balsamic
unisex,4.13,amber,warm spicy,woody
women,4.13,citrus,floral,white floral
unisex,4.13,leather,rose,fruity
unisex,4.13,sweet,tropical,fruity
women,4.13,vanilla,powdery,sweet
women,4.13,warm spicy,amber,coffee
men,4.13,aromatic,vanilla,citrus
unisex,4.13,coca-cola,warm spicy,rum
unisex,4.13,vanilla,musky,powdery
men,4.13,citrus,fresh spicy,aromatic
unisex,4.13,aromatic,warm spicy,amber
men,4.13,woody,powdery,iris
women,4.13,floral,cherry,citrus
women,4.13,floral,cherry,fruity
women,4.13,citrus,white floral,floral
women,4.13,fruity,floral,citrus
men,4.13,citrus,fresh spicy,aromatic
women,4.13,warm spicy,sweet,amber
unisex,4.13,vanilla,warm spicy,soft spicy
unisex,4.13,woody,green,fresh
unisex,4.13,warm spicy,fresh spicy,white floral
unisex,4.13,amber,woody,aromatic
unisex,4.13,leather,animalic,caramel
unisex,4.13,amber,vanilla,fruity
men,4.13,honey,sweet,woody
women,4.13,sweet,vanilla,warm spicy
unisex,4.13,amber,powdery,warm spicy
women,4.13,woody,warm spicy,fruity
women,4.13,rose,fruity,tuberose
women,4.13,fruity,sweet,white floral
men,4.13,aromatic,soft spicy,lavender
women,4.13,rose,fresh spicy,powdery
men,4.13,aromatic,tobacco,citrus
women,4.13,rose,floral,fresh
women,4.13,musky,tobacco,warm spicy
men,4.13,musky,powdery,woody
men,4.13,woody,green,aromatic
men,4.13,aromatic,fresh spicy,warm spicy
men,4.13,woody,citrus,aromatic
unisex,4.13,rose,woody,powdery
unisex,4.13,citrus,fresh spicy,aromatic
men,4.13,woody,fresh spicy,amber
unisex,4.13,citrus,coconut,cacao
women,4.13,sweet,citrus,aromatic
unisex,4.13,amber,warm spicy,rose
women,4.13,white floral,vanilla,sweet
unisex,4.13,woody,white floral,green
unisex,4.13,woody,tobacco,musky
unisex,4.13,warm spicy,oud,amber
unisex,4.13,fruity,woody,vanilla
women,4.13,fruity,sweet,cherry
women,4.13,iris,woody,earthy
women,4.13,fruity,vanilla,powdery
unisex,4.13,aromatic,fresh spicy,lavender
men,4.13,aromatic,woody,fresh spicy
unisex,4.13,sweet,woody,warm spicy
unisex,4.13,warm spicy,citrus,fresh spicy
unisex,4.13,vanilla,sweet,coconut
unisex,4.13,sweet,almond,fruity
unisex,4.13,white floral,aromatic,warm spicy
women,4.13,citrus,white floral,woody
men,4.13,amber,soft spicy,ozonic
women,4.13,floral,rose,fruity
women,4.13,fruity,sweet,tropical
men,4.13,woody,fresh spicy,oud
unisex,4.13,fruity,cherry,sweet
women,4.13,white floral,vanilla,powdery
unisex,4.13,citrus,woody,green
men,4.13,aromatic,fresh spicy,warm spicy
men,4.13,fruity,sweet,citrus
unisex,4.13,sweet,vanilla,fruity
unisex,4.13,woody,earthy,patchouli
unisex,4.13,marine,aromatic,salty
men,4.13,fruity,aromatic,fresh spicy
unisex,4.13,white floral,tuberose,vanilla
unisex,4.13,fruity,vanilla,musky
women,4.13,floral,citrus,rose
men,4.13,woody,fresh spicy,aromatic
men,4.13,citrus,woody,warm spicy
unisex,4.13,citrus,vanilla,green
women,4.13,woody,fruity,floral
unisex,4.13,amber,woody,aromatic
unisex,4.13,amber,citrus,warm spicy
unisex,4.13,woody,citrus,warm spicy
men,4.13,sweet,citrus,fruity
unisex,4.13,vanilla,powdery,musky
unisex,4.13,white floral,citrus,tuberose
unisex,4.13,woody,musky,amber
women,4.13,citrus,fresh spicy,
unisex,4.13,amber,woody,vanilla
women,4.13,floral,vanilla,warm spicy
unisex,4.13,amber,balsamic,fresh spicy
unisex,4.13,white floral,tuberose,woody
unisex,4.13,tuberose,tobacco,white floral
men,4.13,warm spicy,woody,powdery
unisex,4.13,aromatic,woody,fresh spicy
unisex,4.13,aromatic,fresh spicy,lavender
women,4.13,fruity,sweet,floral
unisex,4.13,woody,sweet,fruity
unisex,4.14,rose,floral,warm spicy
unisex,4.14,citrus,woody,warm spicy
unisex,4.14,iris,aromatic,powdery
men,4.14,citrus,powdery,violet
women,4.14,vanilla,powdery,violet
women,4.14,woody,citrus,aromatic
women,4.14,floral,citrus,aquatic
men,4.14,citrus,aromatic,woody
women,4.14,fruity,sweet,powdery
women,4.14,oud,powdery,amber
women,4.14,woody,powdery,fruity
unisex,4.14,warm spicy,vanilla,white floral
unisex,4.14,white floral,citrus,aromatic
unisex,4.14,warm spicy,coffee,fresh spicy
unisex,4.14,aromatic,citrus,woody
men,4.14,green,citrus,fresh
men,4.14,woody,citrus,salty
men,4.14,fresh spicy,woody,amber
men,4.14,aromatic,woody,citrus
women,4.14,sweet,lactonic,white floral
unisex,4.14,woody,warm spicy,fresh spicy
unisex,4.14,rose,floral,woody
women,4.14,woody,citrus,patchouli
women,4.14,rose,citrus,patchouli
women,4.14,powdery,violet,iris
unisex,4.14,powdery,floral,warm spicy
unisex,4.14,fruity,green,aromatic
unisex,4.14,green,aromatic,fresh spicy
unisex,4.14,white floral,leather,animalic
unisex,4.14,citrus,amber,white floral
women,4.14,white floral,green,fresh
men,4.14,aromatic,fresh spicy,fruity
unisex,4.14,leather,smoky,iris
unisex,4.14,woody,oud,fruity
women,4.14,patchouli,rose,citrus
women,4.14,white floral,tuberose,animalic
women,4.14,rose,fruity,floral
unisex,4.14,citrus,white floral,fresh spicy
men,4.14,aromatic,citrus,marine
women,4.14,floral,white floral,green
unisex,4.14,woody,warm spicy,tobacco
unisex,4.14,amber,vanilla,floral
men,4.14,woody,aromatic,citrus
unisex,4.14,vanilla,sweet,caramel
men,4.14,aromatic,woody,fresh spicy
unisex,4.14,amber,woody,violet
men,4.14,citrus,fresh spicy,warm spicy
unisex,4.14,white floral,vanilla,yellow floral
unisex,4.14,sweet,vanilla,citrus
men,4.14,amber,warm spicy,fresh spicy
unisex,4.14,herbal,warm spicy,woody
unisex,4.14,woody,cherry,sweet
women,4.14,fruity,woody,floral
women,4.14,rose,floral,fresh spicy
unisex,4.14,citrus,vanilla,almond
men,4.14,aromatic,woody,fresh spicy
women,4.14,powdery,white floral,musky
unisex,4.14,rose,honey,woody
men,4.14,almond,citrus,aromatic
women,4.14,white floral,sweet,floral
women,4.14,rose,floral,fruity
unisex,4.14,aromatic,green,fresh spicy
women,4.14,floral,fruity,sweet
women,4.14,fruity,white floral,sweet
women,4.14,powdery,violet,musky
men,4.14,marine,woody,yellow floral
unisex,4.14,fruity,white floral,sweet
women,4.14,citrus,rose,amber
unisex,4.14,woody,amber,musky
unisex,4.14,woody,warm spicy,fresh spicy
unisex,4.14,aromatic,green,fresh spicy
men,4.14,woody,amber,sweet
unisex,4.14,citrus,warm spicy,woody
unisex,4.14,warm spicy,aromatic,amber
women,4.14,white floral,woody,fruity
women,4.14,fruity,sweet,citrus
men,4.14,citrus,aromatic,fresh spicy
women,4.14,sweet,powdery,vanilla
women,4.14,musky,powdery,woody
men,4.14,woody,fresh spicy,powdery
unisex,4.14,fruity,aromatic,fresh
men,4.14,woody,fresh spicy,musky
women,4.14,citrus,fruity,rose
women,4.14,powdery,violet,woody
men,4.14,woody,fresh spicy,warm spicy
women,4.14,fruity,rose,amber
women,4.14,sweet,fruity,floral
women,4.14,musky,powdery,rose
women,4.14,white floral,vanilla,sweet
women,4.14,fruity,powdery,sweet
unisex,4.14,citrus,amber,woody
men,4.14,citrus,amber,marine
men,4.14,woody,aromatic,fresh spicy
unisex,4.14,iris,powdery,leather
women,4.14,white floral,floral,fresh
women,4.14,woody,citrus,aromatic
women,4.14,sweet,fruity,citrus
women,4.14,sweet,fruity,vanilla
unisex,4.14,white floral,sweet,fruity
men,4.14,citrus,aromatic,woody
women,4.14,floral,aquatic,ozonic
women,4.14,white floral,green,woody
unisex,4.14,warm spicy,amber,woody
women,4.14,citrus,rose,musky
unisex,4.14,fresh spicy,rose,warm spicy
unisex,4.14,fruity,sweet,citrus
men,4.14,amber,leather,oud
unisex,4.14,woody,citrus,earthy
women,4.14,fruity,white floral,sweet
unisex,4.14,leather,animalic,aromatic
women,4.14,fruity,citrus,floral
men,4.14,aromatic,woody,fresh spicy
men,4.14,woody,warm spicy,nutty
women,4.14,citrus,powdery,woody
women,4.14,rose,musky,woody
unisex,4.14,citrus,white floral,sweet
unisex,4.14,powdery,woody,leather
unisex,4.14,powdery,fruity,musky
unisex,4.14,citrus,sweet,chocolate
women,4.14,citrus,white floral,amber
unisex,4.14,rose,amber,fresh spicy
women,4.14,vanilla,powdery,white floral
women,4.14,rose,floral,powdery
women,4.14,white floral,citrus,floral
men,4.14,citrus,floral,woody
women,4.14,rose,floral,fruity
men,4.14,sweet,fruity,woody
men,4.14,sweet,vanilla,woody
women,4.14,fruity,sweet,white floral
unisex,4.14,white floral,oud,woody
women,4.14,fruity,sweet,floral
women,4.14,amber,floral,citrus
women,4.14,sweet,woody,powdery
women,4.14,white floral,vanilla,woody
women,4.14,white floral,woody,sweet
men,4.14,warm spicy,amber,citrus
women,4.14,earthy,mossy,floral
men,4.14,fresh spicy,leather,warm spicy
women,4.14,fruity,citrus,white floral
women,4.14,leather,citrus,white floral
unisex,4.14,white floral,woody,musky
women,4.14,white floral,citrus,fresh spicy
women,4.14,citrus,floral,sweet
men,4.14,citrus,fruity,fresh spicy
men,4.14,warm spicy,sweet,woody
men,4.14,fresh spicy,citrus,aromatic
women,4.14,green,sweet,yellow floral
men,4.14,woody,citrus,sweet
women,4.14,fruity,sweet,floral
women,4.14,woody,patchouli,warm spicy
unisex,4.14,rose,sweet,citrus
unisex,4.14,warm spicy,fresh spicy,woody
women,4.14,amber,balsamic,woody
unisex,4.14,warm spicy,amber,woody
women,4.14,woody,warm spicy,vanilla
men,4.14,vanilla,amber,sweet
unisex,4.14,fruity,sweet,powdery
unisex,4.14,amber,woody,earthy
men,4.14,warm spicy,vanilla,woody
unisex,4.14,white floral,green,citrus
women,4.14,white floral,floral,sweet
unisex,4.14,citrus,fresh spicy,
unisex,4.14,musky,amber,animalic
men,4.14,warm spicy,cinnamon,tobacco
unisex,4.14,green,earthy,white floral
men,4.14,fresh spicy,aromatic,woody
unisex,4.14,amber,green,woody
unisex,4.14,floral,fruity,white floral
unisex,4.14,amber,warm spicy,lavender
men,4.14,woody,aromatic,aquatic
men,4.14,aromatic,marine,fresh spicy
men,4.14,rose,aromatic,fresh spicy
unisex,4.14,woody,rose,fruity
unisex,4.14,woody,aromatic,earthy
unisex,4.14,rose,woody,oud
unisex,4.14,vanilla,fruity,powdery
women,4.14,vanilla,warm spicy,sweet
women,4.14,amber,powdery,woody
women,4.14,white floral,aldehydic,fresh
women,4.14,fruity,sweet,powdery
men,4.14,amber,woody,aromatic
men,4.14,amber,warm spicy,musky
unisex,4.14,aromatic,woody,earthy
unisex,4.14,powdery,woody,vanilla
unisex,4.14,woody,soft spicy,oud
unisex,4.14,woody,warm spicy,vanilla
men,4.14,woody,aromatic,patchouli
women,4.14,floral,white floral,coconut
women,4.14,woody,aromatic,earthy
men,4.14,iris,woody,powdery
men,4.14,citrus,green,fresh spicy
men,4.14,citrus,fresh spicy,aromatic
women,4.14,musky,white floral,rose
men,4.14,rose,musky,powdery
unisex,4.14,leather,woody,amber
women,4.14,fruity,sweet,powdery
women,4.14,citrus,green,fresh
women,4.14,rose,fruity,musky
unisex,4.14,citrus,green,fresh spicy
women,4.14,floral,fruity,fresh
women,4.14,honey,vanilla,oud
women,4.14,aquatic,white floral,fresh
unisex,4.14,vanilla,amber,woody
women,4.14,fruity,woody,white floral
women,4.14,musky,floral,powdery
unisex,4.14,fruity,sweet,fresh
men,4.14,aromatic,vanilla,powdery
unisex,4.14,honey,citrus,vanilla
unisex,4.14,white floral,yellow floral,woody
women,4.14,warm spicy,fruity,amber
unisex,4.14,aromatic,woody,fresh spicy
unisex,4.14,woody,white floral,powdery
men,4.14,powdery,amber,violet
women,4.14,sweet,honey,caramel
men,4.14,aromatic,woody,fresh spicy
women,4.14,citrus,aromatic,fresh spicy
unisex,4.14,citrus,aromatic,fresh spicy
women,4.14,fruity,woody,citrus
women,4.14,woody,fruity,citrus
women,4.14,fruity,floral,woody
unisex,4.14,warm spicy,amber,cacao
men,4.14,woody,aromatic,warm spicy
men,4.14,warm spicy,citrus,leather
women,4.14,woody,white floral,powdery
women,4.14,fruity,sweet,powdery
women,4.14,amber,musky,earthy
unisex,4.14,aromatic,woody,earthy
unisex,4.14,aromatic,earthy,woody
men,4.14,citrus,fresh spicy,woody
unisex,4.14,white floral,woody,sweet
women,4.14,aromatic,powdery,woody
unisex,4.14,woody,fresh spicy,warm spicy
unisex,4.14,fruity,sweet,tropical
women,4.14,white floral,citrus,honey
unisex,4.14,warm spicy,woody,aromatic
unisex,4.14,leather,citrus,amber
unisex,4.14,white floral,yellow floral,floral
unisex,4.14,citrus,aromatic,warm spicy
unisex,4.14,fresh spicy,woody,aromatic
men,4.14,amber,woody,warm spicy
unisex,4.14,woody,sweet,floral
women,4.14,sweet,coconut,vanilla
women,4.14,fresh,citrus,fruity
unisex,4.14,green,fresh,ozonic
men,4.14,powdery,violet,citrus
women,4.14,lactonic,powdery,vanilla
women,4.14,citrus,white floral,vanilla
women,4.14,white floral,sweet,floral
unisex,4.14,sweet,caramel,warm spicy
women,4.14,woody,powdery,iris
women,4.14,vanilla,sweet,powdery
unisex,4.14,woody,powdery,musky
men,4.14,amber,fresh spicy,aromatic
women,4.14,sweet,vanilla,citrus
unisex,4.14,musky,woody,powdery
women,4.14,vanilla,powdery,iris
men,4.14,woody,aromatic,earthy
women,4.14,yellow floral,floral,powdery
men,4.14,aromatic,woody,vanilla
unisex,4.14,woody,leather,earthy
women,4.14,vanilla,sweet,caramel
women,4.14,citrus,floral,woody
women,4.14,fruity,sweet,vanilla
women,4.14,green,powdery,marine
women,4.14,white floral,floral,musky
unisex,4.14,aromatic,fresh spicy,mossy
unisex,4.14,woody,amber,warm spicy
women,4.14,powdery,iris,floral
men,4.14,woody,aromatic,fresh spicy
women,4.14,woody,powdery,aromatic
men,4.14,woody,warm spicy,fresh spicy
women,4.14,woody,floral,rose
unisex,4.14,vanilla,sweet,caramel
unisex,4.14,woody,amber,fresh spicy
unisex,4.14,warm spicy,woody,cinnamon
women,4.14,floral,soft spicy,amber
unisex,4.14,white floral,floral,musky
women,4.14,fruity,woody,powdery
women,4.14,yellow floral,woody,white floral
men,4.14,floral,white floral,woody
unisex,4.14,warm spicy,amber,aromatic
unisex,4.14,amber,rose,balsamic
women,4.14,warm spicy,fruity,sweet
men,4.14,earthy,green,aldehydic
unisex,4.14,citrus,oud,musky
unisex,4.14,amber,leather,warm spicy
unisex,4.14,amber,vanilla,sweet
unisex,4.14,amber,woody,warm spicy
women,4.14,rose,amber,citrus
men,4.14,woody,aromatic,fresh spicy
unisex,4.14,warm spicy,cacao,vanilla
women,4.14,white floral,citrus,musky
unisex,4.14,sweet,caramel,fruity
men,4.14,aromatic,citrus,warm spicy
unisex,4.14,fresh spicy,aromatic,woody
men,4.14,aromatic,woody,fresh spicy
women,4.14,sweet,fruity,vanilla
unisex,4.14,warm spicy,coffee,woody
unisex,4.14,citrus,aromatic,warm spicy
unisex,4.15,musky,woody,warm spicy
women,4.15,fruity,sweet,woody
men,4.15,citrus,fresh spicy,warm spicy
men,4.15,citrus,vanilla,fresh spicy
women,4.15,woody,floral,warm spicy
men,4.15,citrus,aromatic,woody
women,4.15,aldehydic,woody,rose
women,4.15,sweet,cherry,caramel
men,4.15,aromatic,citrus,woody
women,4.15,floral,almond,musky
men,4.15,citrus,lavender,aromatic
men,4.15,marine,woody,aromatic
women,4.15,amber,fruity,vanilla
women,4.15,fruity,sweet,powdery
men,4.15,citrus,woody,aromatic
women,4.15,white floral,aquatic,green
women,4.15,sweet,vanilla,fruity
women,4.15,warm spicy,amber,powdery
men,4.15,citrus,marine,aromatic
unisex,4.15,citrus,fresh spicy,aromatic
unisex,4.15,citrus,aromatic,lavender
men,4.15,green,aromatic,citrus
women,4.15,floral,rose,powdery
men,4.15,warm spicy,vanilla,amber
women,4.15,sweet,woody,vanilla
unisex,4.15,leather,amber,animalic
women,4.15,white floral,woody,powdery
unisex,4.15,citrus,green,fresh spicy
unisex,4.15,warm spicy,woody,coffee
unisex,4.15,aromatic,warm spicy,fresh spicy
unisex,4.15,sweet,fruity,powdery
women,4.15,white floral,fresh,green
unisex,4.15,woody,amber,citrus
men,4.15,green,aromatic,fresh spicy
unisex,4.15,woody,musky,citrus
women,4.15,white floral,coconut,vanilla
women,4.15,citrus,white floral,coconut
men,4.15,woody,citrus,musky
unisex,4.15,white floral,aldehydic,woody
men,4.15,woody,citrus,aromatic
men,4.15,aromatic,cacao,citrus
unisex,4.15,aromatic,woody,fresh spicy
unisex,4.15,citrus,,
men,4.15,amber,balsamic,fresh spicy
men,4.15,rose,citrus,musky
men,4.15,warm spicy,woody,fresh spicy
men,4.15,vanilla,amber,sweet
women,4.15,amber,sweet,warm spicy
women,4.15,aromatic,fresh spicy,vanilla
women,4.15,powdery,citrus,sweet
women,4.15,woody,aldehydic,white floral
men,4.15,fresh spicy,citrus,aromatic
men,4.15,fresh spicy,aromatic,woody
unisex,4.15,warm spicy,citrus,green
men,4.15,woody,fruity,warm spicy
men,4.15,citrus,aromatic,fresh spicy
men,4.15,aromatic,fresh spicy,citrus
women,4.15,citrus,white floral,rose
women,4.15,citrus,white floral,tuberose
women,4.15,vanilla,fruity,sweet
men,4.15,aromatic,vanilla,amber
men,4.15,green,vanilla,aromatic
women,4.15,citrus,white floral,green
men,4.15,woody,warm spicy,aromatic
women,4.15,vanilla,sweet,rose
unisex,4.15,fresh spicy,woody,warm spicy
women,4.15,white floral,woody,warm spicy
unisex,4.15,yellow floral,sweet,woody
women,4.15,sweet,nutty,woody
unisex,4.15,amber,caramel,smoky
unisex,4.15,musky,powdery,white floral
unisex,4.15,amber,fresh spicy,aromatic
women,4.15,floral,citrus,fruity
unisex,4.15,citrus,aromatic,green
men,4.15,citrus,white floral,aromatic
unisex,4.15,aromatic,marine,citrus
unisex,4.15,sweet,tropical,fruity
men,4.15,fresh spicy,aromatic,woody
unisex,4.15,amber,patchouli,vanilla
women,4.15,vanilla,sweet,coconut
men,4.15,aromatic,woody,citrus
unisex,4.15,rose,woody,warm spicy
unisex,4.15,citrus,aromatic,lavender
women,4.15,sweet,fruity,salty
unisex,4.15,citrus,aromatic,leather
unisex,4.15,amber,warm spicy,woody
unisex,4.15,woody,earthy,patchouli
men,4.15,citrus,aromatic,green
women,4.15,citrus,aromatic,fresh spicy
women,4.15,fruity,sweet,white floral
women,4.15,caramel,warm spicy,amber
women,4.15,woody,floral,amber
women,4.15,musky,green,woody
women,4.15,fruity,sweet,amber
unisex,4.15,white floral,woody,citrus
unisex,4.15,citrus,white floral,aromatic
women,4.15,fruity,sweet,floral
women,4.15,citrus,fruity,woody
women,4.15,lavender,powdery,aldehydic
women,4.15,fresh,white floral,fruity
women,4.15,woody,fruity,sweet
women,4.15,citrus,white floral,floral
women,4.15,cherry,sweet,fruity
women,4.15,warm spicy,cinnamon,woody
women,4.15,sweet,fruity,floral
women,4.15,woody,yellow floral,amber
men,4.15,aromatic,fresh spicy,citrus
unisex,4.15,sweet,rose,woody
unisex,4.15,white floral,woody,citrus
women,4.15,warm spicy,aromatic,cinnamon
unisex,4.15,powdery,green,floral
women,4.15,white floral,floral,citrus
men,4.15,amber,warm spicy,woody
men,4.15,woody,powdery,warm spicy
women,4.15,white floral,aromatic,citrus
women,4.15,fruity,powdery,sweet
unisex,4.15,rose,woody,floral
unisex,4.15,aromatic,fresh spicy,warm spicy
unisex,4.15,powdery,fruity,vanilla
women,4.15,white floral,amber,green
men,4.15,sweet,amber,warm spicy
unisex,4.15,white floral,sweet,honey
unisex,4.15,sweet,powdery,violet
women,4.15,rose,caramel,vanilla
women,4.15,green,oud,woody
unisex,4.15,woody,balsamic,patchouli
women,4.15,musky,powdery,leather
women,4.15,amber,aromatic,floral
women,4.15,citrus,fresh,floral
unisex,4.15,honey,sweet,floral
men,4.15,aromatic,fresh spicy,lavender
men,4.15,aromatic,fresh spicy,citrus
men,4.15,citrus,aromatic,woody
men,4.15,amber,citrus,fresh spicy
women,4.15,vanilla,fruity,white floral
women,4.15,fruity,vanilla,sweet
women,4.15,citrus,rose,floral
unisex,4.15,oud,woody,amber
women,4.15,rose,woody,floral
women,4.15,woody,coffee,vanilla
women,4.15,white floral,woody,lavender
women,4.15,white floral,citrus,musky
women,4.15,white floral,citrus,woody
women,4.15,vanilla,powdery,white floral
women,4.15,fruity,leather,floral
women,4.15,floral,green,fresh
men,4.15,iris,powdery,woody
men,4.15,aquatic,fresh,ozonic
men,4.15,aromatic,green,fresh spicy
men,4.15,woody,amber,musky
women,4.15,vanilla,sweet,floral
men,4.15,aromatic,fresh spicy,woody
women,4.15,vanilla,powdery,citrus
men,4.15,amber,green,soft spicy
women,4.15,sweet,tobacco,tuberose
men,4.15,soft spicy,lavender,anis
unisex,4.15,powdery,floral,white floral
unisex,4.15,woody,citrus,fresh spicy
women,4.15,mossy,earthy,woody
men,4.15,citrus,woody,white floral
men,4.15,woody,citrus,aromatic
women,4.15,green,citrus,woody
unisex,4.15,woody,green,aromatic
unisex,4.15,white floral,woody,citrus
men,4.15,fruity,citrus,aromatic
unisex,4.15,woody,fresh spicy,aromatic
unisex,4.15,citrus,green,amber
women,4.15,aromatic,green,citrus
women,4.15,citrus,warm spicy,woody
women,4.15,powdery,violet,woody
women,4.15,citrus,white floral,musky
men,4.15,citrus,green,aromatic
men,4.15,woody,fresh spicy,warm spicy
women,4.15,vanilla,coffee,fruity
women,4.15,citrus,vanilla,sweet
women,4.15,fruity,vanilla,sweet
unisex,4.15,sweet,woody,vanilla
men,4.15,vanilla,woody,powdery
men,4.15,citrus,aromatic,woody
men,4.15,woody,warm spicy,iris
unisex,4.15,powdery,sweet,woody
women,4.15,floral,fresh,vanilla
unisex,4.15,sweet,vanilla,citrus
men,4.15,citrus,woody,powdery
unisex,4.15,citrus,fruity,powdery
women,4.15,woody,citrus,vanilla
men,4.15,fresh spicy,aromatic,woody
men,4.15,aromatic,woody,warm spicy
unisex,4.15,amber,floral,warm spicy
men,4.15,woody,amber,fresh spicy
unisex,4.15,vanilla,woody,warm spicy
women,4.15,floral,fresh,musky
unisex,4.15,musky,leather,animalic
unisex,4.15,woody,powdery,tropical
unisex,4.15,fresh spicy,warm spicy,aromatic
unisex,4.15,woody,fruity,citrus
unisex,4.15,fresh spicy,aromatic,floral
unisex,4.15,woody,warm spicy,fresh spicy
unisex,4.15,amber,woody,warm spicy
women,4.15,citrus,white floral,musky
unisex,4.15,woody,warm spicy,powdery
unisex,4.15,warm spicy,woody,sweet
unisex,4.15,vanilla,powdery,rose
women,4.15,fruity,sweet,tropical
unisex,4.15,musky,amber,powdery
unisex,4.15,warm spicy,patchouli,woody
unisex,4.15,amber,patchouli,vanilla
unisex,4.15,sweet,fruity,amber
unisex,4.15,musky,woody,oud
men,4.15,citrus,fresh spicy,lavender
women,4.15,warm spicy,woody,aromatic
men,4.15,fresh spicy,warm spicy,woody
men,4.15,citrus,aromatic,fresh spicy
men,4.15,woody,citrus,amber
unisex,4.15,powdery,floral,violet
unisex,4.15,sweet,tobacco,woody
men,4.15,white floral,citrus,rose
men,4.15,amber,warm spicy,fresh spicy
men,4.15,vanilla,amber,powdery
men,4.15,woody,balsamic,soft spicy
women,4.15,vanilla,powdery,fruity
unisex,4.15,musky,lavender,powdery
women,4.15,powdery,iris,green
unisex,4.15,green,citrus,fresh spicy
women,4.15,fruity,floral,rose
unisex,4.15,fruity,sweet,vanilla
women,4.15,vanilla,woody,aromatic
men,4.15,citrus,woody,amber
men,4.15,warm spicy,woody,aromatic
women,4.15,sweet,fruity,powdery
unisex,4.15,vanilla,amber,powdery
women,4.15,citrus,aromatic,fruity
unisex,4.15,aromatic,powdery,citrus
men,4.15,warm spicy,aromatic,woody
women,4.15,white floral,green,floral
women,4.15,white floral,musky,floral
men,4.15,citrus,aquatic,aromatic
women,4.15,white floral,fruity,fresh spicy
women,4.15,chocolate,sweet,warm spicy
women,4.15,woody,powdery,vanilla
unisex,4.15,fruity,sweet,warm spicy
unisex,4.15,warm spicy,fresh spicy,amber
men,4.15,oud,tobacco,woody
unisex,4.15,woody,aromatic,warm spicy
men,4.15,fresh spicy,warm spicy,woody
women,4.15,white floral,amber,woody
men,4.15,sweet,honey,tobacco
women,4.15,vanilla,powdery,woody
women,4.15,white floral,fruity,fresh
women,4.15,aldehydic,fresh,amber
women,4.15,vanilla,sweet,powdery
unisex,4.15,citrus,green,woody
men,4.15,citrus,aromatic,woody
women,4.15,citrus,white floral,woody
unisex,4.15,amber,vanilla,fruity
unisex,4.15,marine,woody,salty
women,4.15,white floral,tuberose,animalic
unisex,4.15,amber,vanilla,rum
unisex,4.15,rose,floral,fruity
women,4.15,green,fruity,powdery
women,4.15,woody,green,floral
unisex,4.15,sweet,fruity,white floral
women,4.15,white floral,musky,citrus
women,4.15,sweet,honey,woody
men,4.15,aromatic,herbal,yellow floral
women,4.15,rose,warm spicy,floral
women,4.15,rose,soft spicy,fresh spicy
men,4.15,aromatic,citrus,fruity
unisex,4.15,aromatic,woody,fresh spicy
women,4.15,white floral,tuberose,green
unisex,4.15,citrus,tropical,woody
unisex,4.15,vanilla,warm spicy,woody
women,4.15,white floral,tuberose,warm spicy
women,4.15,vanilla,almond,powdery
women,4.15,sweet,vanilla,honey
unisex,4.15,woody,warm spicy,amber
unisex,4.15,fresh spicy,citrus,aromatic
unisex,4.15,woody,lavender,aromatic
unisex,4.15,citrus,aromatic,woody
unisex,4.15,white floral,tuberose,floral
women,4.15,citrus,white floral,iris
unisex,4.15,white floral,citrus,floral
women,4.15,floral,fresh,fruity
unisex,4.15,honey,aromatic,sweet
unisex,4.15,white floral,woody,sweet
unisex,4.15,citrus,aromatic,woody
unisex,4.15,woody,aromatic,animalic
women,4.15,sweet,vanilla,fruity
unisex,4.15,warm spicy,woody,leather
men,4.15,woody,aromatic,caramel
men,4.15,aromatic,woody,fruity
unisex,4.15,warm spicy,rose,woody
men,4.15,citrus,woody,fresh spicy
unisex,4.15,woody,aromatic,nutty
women,4.15,rose,musky,powdery
unisex,4.15,leather,green,rose
women,4.15,woody,citrus,white floral
men,4.15,aromatic,citrus,woody
women,4.15,green,woody,aromatic
women,4.15,green,fresh,floral
women,4.15,sweet,vanilla,fruity
men,4.15,fruity,woody,amber
men,4.15,citrus,woody,warm spicy
women,4.15,white floral,rose,sweet
women,4.15,white floral,vanilla,woody
unisex,4.15,citrus,woody,aromatic
unisex,4.15,amber,citrus,powdery
women,4.15,sweet,fruity,woody
women,4.15,woody,yellow floral,tuberose
women,4.15,woody,fruity,powdery
men,4.15,warm spicy,coffee,woody
women,4.15,fruity,floral,sweet
unisex,4.15,powdery,violet,iris
men,4.15,fresh spicy,amber,woody
women,4.15,amber,cacao,white floral
women,4.15,white floral,citrus,fresh
women,4.15,sweet,woody,floral
women,4.15,powdery,woody,floral
women,4.15,warm spicy,fresh spicy,amber
men,4.15,citrus,amber,fresh spicy
unisex,4.15,fruity,woody,leather
unisex,4.15,citrus,aromatic,woody
unisex,4.15,powdery,musky,rose
men,4.16,aromatic,fresh spicy,powdery
men,4.16,woody,aromatic,citrus
men,4.16,citrus,fruity,leather
women,4.16,white floral,powdery,musky
women,4.16,white floral,amber,vanilla
women,4.16,fruity,sweet,powdery
men,4.16,smoky,woody,vanilla
women,4.16,sweet,fruity,citrus
women,4.16,fruity,tropical,sweet
unisex,4.16,white floral,fruity,citrus
unisex,4.16,amber,caramel,woody
women,4.16,amber,tropical,sweet
women,4.16,sweet,fruity,vanilla
unisex,4.16,warm spicy,coffee,fruity
men,4.16,aromatic,citrus,fresh spicy
women,4.16,fruity,sweet,vanilla
men,4.16,citrus,aromatic,woody
men,4.16,amber,white floral,citrus
women,4.16,white floral,oud,amber
women,4.16,aromatic,amber,woody
unisex,4.16,citrus,sweet,tropical
unisex,4.16,leather,rose,almond
men,4.16,fresh spicy,citrus,woody
women,4.16,white floral,citrus,powdery
women,4.16,citrus,aquatic,fresh
women,4.16,vanilla,fresh spicy,sweet
women,4.16,white floral,sweet,vanilla
men,4.16,woody,honey,powdery
women,4.16,woody,powdery,earthy
men,4.16,citrus,aldehydic,woody
women,4.16,aldehydic,white floral,fresh
unisex,4.16,amber,musky,woody
unisex,4.16,mossy,aquatic,floral
men,4.16,woody,aromatic,patchouli
men,4.16,citrus,aromatic,iris
women,4.16,white floral,fresh,yellow floral
unisex,4.16,warm spicy,fresh spicy,soft spicy
women,4.16,sweet,vanilla,fruity
women,4.16,vanilla,sweet,soft spicy
women,4.16,vanilla,sweet,powdery
men,4.16,citrus,fresh spicy,aromatic
women,4.16,powdery,woody,violet
unisex,4.16,warm spicy,vanilla,amber
unisex,4.16,white floral,floral,musky
unisex,4.16,white floral,musky,marine
women,4.16,sweet,warm spicy,white floral
women,4.16,powdery,musky,vanilla
unisex,4.16,citrus,woody,aromatic
women,4.16,floral,musky,sweet
unisex,4.16,green,floral,aromatic
women,4.16,powdery,woody,aldehydic
women,4.16,white floral,vanilla,tuberose
women,4.16,powdery,violet,iris
women,4.16,aromatic,fresh spicy,citrus
unisex,4.16,leather,woody,animalic
unisex,4.16,animalic,amber,leather
women,4.16,white floral,citrus,floral
unisex,4.16,aromatic,woody,citrus
unisex,4.16,sweet,tobacco,cherry
men,4.16,aromatic,fruity,woody
men,4.16,aromatic,citrus,woody
women,4.16,woody,rose,citrus
unisex,4.16,warm spicy,cacao,sweet
unisex,4.16,floral,fruity,fresh spicy
unisex,4.16,lactonic,sweet,anis
unisex,4.16,vanilla,powdery,amber
women,4.16,white floral,fruity,floral
women,4.16,vanilla,musky,powdery
unisex,4.16,citrus,amber,warm spicy
unisex,4.16,mossy,earthy,woody
women,4.16,sweet,tropical,fruity
men,4.16,aromatic,citrus,woody
women,4.16,salty,white floral,citrus
unisex,4.16,vanilla,fresh spicy,citrus
unisex,4.16,citrus,white floral,warm spicy
men,4.16,aromatic,woody,vanilla
unisex,4.16,citrus,green,fresh
women,4.16,sweet,fruity,woody
women,4.16,musky,fruity,vanilla
women,4.16,warm spicy,woody,rose
women,4.16,fruity,sweet,coconut
unisex,4.16,floral,fresh,fruity
women,4.16,floral,fresh,fruity
women,4.16,citrus,warm spicy,woody
unisex,4.16,green,citrus,aromatic
women,4.16,fruity,floral,white floral
women,4.16,woody,patchouli,powdery
women,4.16,white floral,citrus,sweet
women,4.16,floral,aromatic,fresh spicy
women,4.16,floral,fresh,rose
men,4.16,amber,woody,vanilla
men,4.16,aromatic,citrus,woody
men,4.16,aromatic,fresh spicy,woody
unisex,4.16,floral,oud,vanilla
unisex,4.16,honey,fresh spicy,oud
men,4.16,coffee,vanilla,sweet
women,4.16,powdery,vanilla,woody
women,4.16,white floral,powdery,citrus
unisex,4.16,citrus,aromatic,woody
unisex,4.16,powdery,violet,musky
unisex,4.16,amber,fresh spicy,woody
women,4.16,sweet,tropical,fruity
women,4.16,white floral,citrus,honey
unisex,4.16,woody,citrus,white floral
unisex,4.16,citrus,aromatic,white floral
unisex,4.16,citrus,aromatic,fresh spicy
women,4.16,powdery,floral,violet
unisex,4.16,amber,vanilla,sweet
women,4.16,citrus,fruity,sweet
women,4.16,fruity,powdery,sweet
women,4.16,fresh,green,floral
women,4.16,amber,yellow floral,green
women,4.16,powdery,fruity,floral
women,4.16,fruity,sweet,woody
women,4.16,floral,patchouli,white floral
unisex,4.16,woody,rose,powdery
women,4.16,woody,vanilla,warm spicy
unisex,4.16,warm spicy,amber,woody
unisex,4.16,woody,amber,warm spicy
women,4.16,citrus,white floral,floral
women,4.16,citrus,floral,aromatic
men,4.16,amber,citrus,animalic
women,4.16,vanilla,tuberose,sweet
women,4.16,ozonic,aquatic,woody
unisex,4.16,floral,powdery,fruity
unisex,4.16,vanilla,amber,balsamic
men,4.16,warm spicy,aromatic,cinnamon
unisex,4.16,fruity,sweet,tropical
women,4.16,marine,aromatic,floral
women,4.16,amber,rose,warm spicy
unisex,4.16,powdery,woody,violet
women,4.16,woody,powdery,warm spicy
women,4.16,white floral,green,fresh
women,4.16,floral,fresh,fruity
women,4.16,white floral,mossy,musky
unisex,4.16,woody,sweet,white floral
women,4.16,marine,aromatic,citrus
men,4.16,citrus,powdery,woody
men,4.16,aromatic,aquatic,ozonic
women,4.16,citrus,warm spicy,white floral
men,4.16,citrus,woody,aromatic
men,4.16,aromatic,green,fresh spicy
unisex,4.16,citrus,warm spicy,woody
men,4.16,aromatic,woody,fresh spicy
men,4.16,aromatic,citrus,fresh spicy
unisex,4.16,sweet,warm spicy,tobacco
women,4.16,fruity,floral,woody
unisex,4.16,green,citrus,aromatic
men,4.16,citrus,woody,herbal
unisex,4.16,citrus,aromatic,green
unisex,4.16,green,floral,musky
men,4.16,aromatic,fresh spicy,warm spicy
unisex,4.16,white floral,marine,salty
unisex,4.16,woody,iris,aromatic
unisex,4.16,rose,warm spicy,amber
unisex,4.16,musky,citrus,amber
women,4.16,floral,woody,fruity
men,4.16,woody,aromatic,anis
unisex,4.16,aromatic,woody,fresh spicy
unisex,4.16,woody,powdery,aromatic
women,4.16,floral,fruity,citrus
unisex,4.16,amber,rose,warm spicy
women,4.16,white floral,vanilla,sweet
unisex,4.16,oud,powdery,woody
men,4.16,woody,fresh spicy,white floral
women,4.16,fruity,fresh,sweet
women,4.16,white floral,sweet,powdery
women,4.16,warm spicy,fresh spicy,cacao
unisex,4.16,woody,tobacco,amber
unisex,4.16,powdery,musky,violet
unisex,4.16,vanilla,sweet,fruity
men,4.16,citrus,fresh spicy,vanilla
men,4.16,citrus,aromatic,woody
unisex,4.16,citrus,powdery,green
men,4.16,warm spicy,citrus,cinnamon
women,4.16,iris,powdery,violet
women,4.16,sweet,fruity,woody
women,4.16,sweet,cherry,powdery
women,4.16,fruity,tropical,citrus
women,4.16,white floral,honey,powdery
unisex,4.16,white floral,floral,yellow floral
men,4.16,citrus,white floral,aromatic
men,4.16,amber,woody,leather
women,4.16,white floral,floral,aquatic
unisex,4.16,powdery,musky,aldehydic
unisex,4.16,amber,woody,patchouli
women,4.16,white floral,floral,ozonic
unisex,4.16,floral,citrus,powdery
unisex,4.16,sweet,fruity,floral
women,4.16,sweet,violet,powdery
men,4.16,aquatic,citrus,woody
women,4.16,citrus,honey,sweet
women,4.16,woody,powdery,aromatic
women,4.16,sweet,fruity,woody
men,4.16,woody,aromatic,earthy
women,4.16,floral,amber,powdery
men,4.16,woody,warm spicy,fresh spicy
women,4.16,white floral,citrus,mossy
unisex,4.16,white floral,lavender,aromatic
unisex,4.16,fruity,amber,woody
men,4.16,ozonic,aquatic,leather
women,4.16,white floral,citrus,sweet
women,4.16,sweet,fruity,cherry
women,4.16,aromatic,woody,green
women,4.16,amber,vanilla,powdery
men,4.16,citrus,fresh spicy,amber
unisex,4.16,amber,aromatic,leather
unisex,4.16,white floral,sweet,vanilla
men,4.16,tobacco,vanilla,sweet
women,4.16,warm spicy,aromatic,woody
unisex,4.16,caramel,vanilla,sweet
unisex,4.16,vanilla,sweet,lactonic
unisex,4.16,woody,vanilla,warm spicy
unisex,4.16,warm spicy,sweet,vanilla
unisex,4.16,citrus,white floral,amber
unisex,4.16,leather,warm spicy,fresh spicy
unisex,4.16,amber,mossy,vanilla
unisex,4.16,powdery,woody,floral
unisex,4.16,amber,powdery,citrus
women,4.16,powdery,citrus,floral
men,4.16,aromatic,fresh spicy,warm spicy
women,4.16,warm spicy,vanilla,woody
unisex,4.16,citrus,sweet,honey
unisex,4.16,iris,powdery,floral
unisex,4.16,leather,warm spicy,powdery
women,4.16,amber,patchouli,warm spicy
women,4.16,lavender,woody,aromatic
unisex,4.16,warm spicy,chocolate,sweet
women,4.16,white floral,woody,powdery
women,4.16,rose,white floral,musky
women,4.16,rose,musky,fresh spicy
women,4.16,citrus,white floral,yellow floral
men,4.16,woody,citrus,aromatic
unisex,4.16,tobacco,vanilla,sweet
men,4.16,woody,warm spicy,earthy
women,4.16,amber,woody,white floral
women,4.16,fruity,fresh,floral
men,4.16,woody,aromatic,rose
unisex,4.16,woody,powdery,warm spicy
unisex,4.16,rose,soft spicy,musky
women,4.16,white floral,citrus,fresh spicy
women,4.16,white floral,citrus,green
women,4.16,powdery,violet,iris
women,4.16,vanilla,sweet,powdery
women,4.16,white floral,citrus,sweet
women,4.16,amber,vanilla,patchouli
unisex,4.16,amber,vanilla,balsamic
unisex,4.16,warm spicy,amber,cinnamon
men,4.16,woody,aromatic,lavender
unisex,4.16,woody,warm spicy,patchouli
women,4.16,floral,rose,green
men,4.16,woody,powdery,amber
women,4.16,rose,fruity,soft spicy
men,4.16,sweet,fruity,woody
men,4.16,warm spicy,woody,aromatic
men,4.16,aromatic,lavender,fresh spicy
women,4.16,floral,powdery,sweet
women,4.16,white floral,citrus,woody
men,4.16,aromatic,citrus,woody
unisex,4.16,oud,warm spicy,cacao
women,4.16,fruity,sweet,fresh
unisex,4.16,warm spicy,woody,amber
unisex,4.16,leather,green,aromatic
men,4.16,woody,amber,citrus
unisex,4.16,citrus,white floral,green
unisex,4.16,vanilla,powdery,warm spicy
women,4.16,citrus,woody,powdery
unisex,4.16,musky,animalic,woody
unisex,4.16,sweet,fruity,floral
unisex,4.17,amber,warm spicy,rose
unisex,4.17,amber,balsamic,warm spicy
women,4.17,sweet,fruity,powdery
women,4.17,sweet,musky,woody
unisex,4.17,amber,warm spicy,fresh spicy
women,4.17,rose,floral,powdery
men,4.17,aromatic,fresh spicy,woody
men,4.17,citrus,fresh spicy,woody
men,4.17,citrus,aromatic,fresh spicy
men,4.17,amber,fresh spicy,citrus
men,4.17,woody,amber,warm spicy
women,4.17,floral,vanilla,tropical
women,4.17,vanilla,powdery,fruity
women,4.17,rose,fruity,sweet
women,4.17,sweet,vanilla,lactonic
women,4.17,white floral,amber,marine
women,4.17,sweet,fruity,powdery
women,4.17,sweet,fruity,caramel
men,4.17,woody,fresh spicy,aromatic
unisex,4.17,citrus,aromatic,
unisex,4.17,aromatic,green,aquatic
women,4.17,floral,woody,fresh
men,4.17,citrus,warm spicy,white floral
men,4.17,aromatic,vodka,warm spicy
men,4.17,fresh spicy,ozonic,citrus
unisex,4.17,white floral,tuberose,green
men,4.17,citrus,woody,warm spicy
women,4.17,green,earthy,woody
women,4.17,white floral,green,lactonic
unisex,4.17,citrus,white floral,floral
men,4.17,fresh spicy,aromatic,woody
unisex,4.17,floral,musky,powdery
women,4.17,citrus,aromatic,floral
men,4.17,citrus,aromatic,green
men,4.17,citrus,aromatic,fresh spicy
women,4.17,citrus,patchouli,woody
unisex,4.17,green,woody,sweet
women,4.17,fruity,sweet,tropical
women,4.17,citrus,white floral,coconut
men,4.17,amber,aromatic,balsamic
unisex,4.17,warm spicy,oud,rose
unisex,4.17,citrus,green,fresh
men,4.17,citrus,leather,anis
women,4.17,almond,white floral,powdery
women,4.17,warm spicy,amber,powdery
men,4.17,warm spicy,rose,oud
men,4.17,green,aromatic,citrus
women,4.17,powdery,vanilla,woody
women,4.17,floral,fruity,woody
unisex,4.17,citrus,fresh spicy,aromatic
women,4.17,citrus,,
men,4.17,amber,warm spicy,fresh spicy
unisex,4.17,amber,rose,woody
unisex,4.17,warm spicy,amber,balsamic
women,4.17,white floral,vanilla,tuberose
unisex,4.17,oud,amber,fresh spicy
unisex,4.17,musky,powdery,floral
women,4.17,white floral,green,yellow floral
women,4.17,powdery,woody,iris
women,4.17,warm spicy,white floral,woody
women,4.17,rose,floral,amber
unisex,4.17,oud,woody,tobacco
women,4.17,white floral,aldehydic,woody
women,4.17,citrus,white floral,vanilla
men,4.17,iris,woody,leather
men,4.17,woody,citrus,aromatic
women,4.17,sweet,powdery,fruity
women,4.17,vanilla,amber,woody
women,4.17,sweet,citrus,fruity
men,4.17,green,aromatic,vanilla
women,4.17,sweet,patchouli,citrus
unisex,4.17,green,citrus,aromatic
men,4.17,floral,aromatic,amber
men,4.17,aromatic,marine,green
unisex,4.17,sweet,leather,fruity
unisex,4.17,warm spicy,leather,cinnamon
unisex,4.17,fresh spicy,woody,aromatic
women,4.17,sweet,fruity,musky
unisex,4.17,white floral,citrus,fresh spicy
unisex,4.17,citrus,woody,rose
unisex,4.17,vanilla,amber,smoky
men,4.17,woody,powdery,aromatic
men,4.17,vanilla,citrus,sweet
women,4.17,citrus,amber,woody
women,4.17,white floral,powdery,ozonic
women,4.17,sweet,fruity,musky
women,4.17,woody,iris,fruity
women,4.17,powdery,citrus,violet
men,4.17,woody,citrus,fresh spicy
women,4.17,sweet,woody,fruity
women,4.17,fruity,sweet,woody
unisex,4.17,woody,fresh spicy,aromatic
women,4.17,citrus,floral,fruity
women,4.17,citrus,fresh spicy,aromatic
women,4.17,vanilla,lavender,powdery
women,4.17,sweet,fruity,cherry
women,4.17,aromatic,white floral,aldehydic
unisex,4.17,woody,warm spicy,leather
men,4.17,aromatic,woody,warm spicy
women,4.17,warm spicy,lactonic,lavender
men,4.17,warm spicy,fresh spicy,woody
unisex,4.17,fresh spicy,warm spicy,aromatic
women,4.17,sweet,floral,fruity
men,4.17,fruity,woody,citrus
women,4.17,woody,aromatic,earthy
unisex,4.17,citrus,white floral,musky
unisex,4.17,aromatic,lavender,fresh spicy
men,4.17,vanilla,aromatic,lavender
men,4.17,woody,aromatic,citrus
women,4.17,woody,amber,musky
men,4.17,leather,warm spicy,woody
men,4.17,fresh spicy,citrus,green
men,4.17,woody,citrus,warm spicy
men,4.17,coffee,lavender,vanilla
women,4.17,woody,powdery,white floral
women,4.17,citrus,woody,powdery
unisex,4.17,citrus,aromatic,fresh spicy
women,4.17,warm spicy,woody,powdery
men,4.17,aromatic,woody,earthy
unisex,4.17,woody,green,fresh
unisex,4.17,floral,leather,animalic
unisex,4.17,amber,fresh spicy,warm spicy
unisex,4.17,woody,oud,warm spicy
unisex,4.17,sweet,musky,powdery
women,4.17,white floral,green,fresh
women,4.17,powdery,citrus,sweet
women,4.17,fruity,sweet,citrus
women,4.17,rose,oud,warm spicy
unisex,4.17,warm spicy,woody,amber
unisex,4.17,woody,aromatic,warm spicy
unisex,4.17,rose,caramel,vanilla
women,4.17,green,white floral,earthy
women,4.17,fruity,amber,patchouli
men,4.17,aromatic,citrus,green
unisex,4.17,woody,warm spicy,amber
men,4.17,woody,vanilla,amber
men,4.17,citrus,woody,leather
men,4.17,woody,aromatic,tobacco
men,4.17,sweet,citrus,fresh spicy
women,4.17,citrus,sweet,fresh spicy
unisex,4.17,floral,powdery,sweet
women,4.17,amber,warm spicy,smoky
men,4.17,aromatic,fresh spicy,woody
women,4.17,leather,earthy,mossy
women,4.17,leather,warm spicy,fruity
men,4.17,tropical,fruity,earthy
unisex,4.17,musky,amber,leather
unisex,4.17,woody,vanilla,floral
women,4.17,green,fruity,fresh
men,4.17,amber,woody,fresh spicy
unisex,4.17,citrus,aromatic,fresh spicy
women,4.17,aromatic,vanilla,powdery
women,4.17,powdery,vanilla,citrus
unisex,4.17,oud,warm spicy,vanilla
women,4.17,citrus,white floral,sweet
unisex,4.17,aromatic,musky,fresh spicy
women,4.17,citrus,sweet,floral
women,4.17,warm spicy,amber,floral
unisex,4.17,warm spicy,aromatic,herbal
women,4.17,floral,fresh spicy,aromatic
unisex,4.17,woody,earthy,iris
men,4.17,woody,earthy,amber
men,4.17,citrus,aromatic,musky
unisex,4.17,citrus,green,fresh spicy
unisex,4.17,warm spicy,amber,rose
men,4.17,woody,green,aromatic
men,4.17,woody,aromatic,lavender
women,4.17,amber,white floral,rose
unisex,4.17,smoky,amber,woody
men,4.17,woody,citrus,powdery
men,4.17,fruity,woody,aromatic
unisex,4.17,fruity,sweet,vanilla
men,4.17,woody,aromatic,rose
men,4.17,aromatic,woody,fresh spicy
women,4.17,sweet,rose,white floral
unisex,4.17,woody,aromatic,fresh spicy
women,4.17,tropical,fruity,sweet
unisex,4.17,tropical,fruity,sweet
men,4.17,citrus,woody,fresh spicy
men,4.17,aromatic,fresh spicy,warm spicy
women,4.17,tobacco,vanilla,sweet
men,4.17,warm spicy,herbal,sweet
unisex,4.17,vanilla,sweet,fresh spicy
men,4.17,fresh spicy,aromatic,warm spicy
women,4.17,vanilla,aromatic,powdery
men,4.17,aromatic,fresh spicy,woody
women,4.17,woody,mossy,leather
women,4.17,green,citrus,aromatic
women,4.17,coconut,sweet,lactonic
women,4.17,fruity,vanilla,white floral
men,4.17,citrus,woody,amber
unisex,4.17,amber,warm spicy,rose
women,4.17,amber,vanilla,powdery
unisex,4.17,citrus,white floral,woody
women,4.17,white floral,floral,green
women,4.17,powdery,violet,floral
men,4.17,aromatic,fresh spicy,woody
men,4.17,citrus,fresh spicy,aromatic
women,4.17,powdery,iris,musky
women,4.17,fruity,sweet,rose
women,4.17,floral,fruity,ozonic
unisex,4.17,citrus,white floral,woody
women,4.17,warm spicy,amber,powdery
women,4.17,citrus,vanilla,white floral
women,4.17,musky,powdery,fruity
men,4.17,citrus,aromatic,earthy
women,4.17,white floral,patchouli,woody
women,4.17,woody,citrus,amber
women,4.17,woody,patchouli,sweet
women,4.17,vanilla,tropical,citrus
unisex,4.17,aromatic,woody,warm spicy
unisex,4.17,musky,vanilla,powdery
men,4.17,citrus,woody,fresh spicy
women,4.17,warm spicy,fruity,white floral
unisex,4.17,amber,woody,balsamic
women,4.17,powdery,vanilla,floral
unisex,4.17,floral,vanilla,sweet
unisex,4.17,warm spicy,honey,amber
women,4.17,floral,powdery,citrus
women,4.17,white floral,citrus,fresh
unisex,4.17,citrus,white floral,woody
women,4.17,rose,floral,citrus
women,4.17,rose,citrus,floral
women,4.17,floral,rose,citrus
men,4.17,citrus,woody,aromatic
men,4.17,woody,aromatic,warm spicy
unisex,4.17,woody,amber,musky
unisex,4.17,fruity,woody,amber
women,4.17,woody,white floral,tuberose
unisex,4.17,tropical,sweet,fresh
women,4.17,amber,powdery,violet
women,4.17,vanilla,citrus,powdery
women,4.17,floral,fruity,fresh
unisex,4.17,woody,aromatic,rose
women,4.17,tobacco,warm spicy,rose
unisex,4.17,white floral,citrus,musky
women,4.17,tropical,white floral,sweet
women,4.17,sweet,floral,woody
unisex,4.17,woody,amber,powdery
unisex,4.17,fruity,woody,rose
unisex,4.17,woody,aromatic,powdery
women,4.17,white floral,sweet,tuberose
unisex,4.17,fresh spicy,aromatic,citrus
women,4.17,woody,floral,powdery
unisex,4.17,aromatic,woody,herbal
unisex,4.17,sweet,nutty,woody
unisex,4.17,citrus,green,white floral
women,4.17,lactonic,powdery,savory
women,4.17,fruity,sweet,vanilla
women,4.17,sweet,powdery,fruity
unisex,4.17,white floral,warm spicy,fresh
unisex,4.17,amber,patchouli,woody
women,4.17,powdery,white floral,sweet
men,4.17,fruity,warm spicy,woody
women,4.17,fruity,floral,fresh
women,4.17,floral,woody,white floral
women,4.17,warm spicy,cinnamon,green
men,4.17,musky,citrus,white floral
men,4.17,warm spicy,white floral,rose
women,4.17,woody,powdery,floral
unisex,4.17,woody,fresh spicy,floral
unisex,4.17,amber,vanilla,aromatic
unisex,4.17,leather,powdery,musky
women,4.17,powdery,iris,amber
women,4.17,vanilla,powdery,floral
women,4.17,amber,vanilla,powdery
men,4.17,woody,fruity,aromatic
unisex,4.17,warm spicy,sweet,amber
men,4.17,aromatic,woody,rose
women,4.17,fruity,floral,sweet
women,4.17,white floral,woody,patchouli
unisex,4.17,amber,warm spicy,balsamic
unisex,4.17,sweet,tropical,citrus
unisex,4.17,citrus,white floral,woody
unisex,4.17,woody,aromatic,green
women,4.17,floral,amber,white floral
unisex,4.17,floral,woody,aromatic
unisex,4.17,woody,patchouli,amber
unisex,4.17,musky,animalic,white floral
men,4.17,aromatic,fresh spicy,woody
men,4.17,violet,powdery,aromatic
unisex,4.17,citrus,woody,fruity
unisex,4.18,aromatic,fresh spicy,woody
unisex,4.18,fresh spicy,citrus,aromatic
men,4.18,warm spicy,woody,iris
unisex,4.18,sweet,fruity,coffee
women,4.18,floral,fruity,sweet
unisex,4.18,lavender,aromatic,fresh spicy
men,4.18,aquatic,woody,ozonic
men,4.18,citrus,fresh,green
women,4.18,vanilla,coconut,sweet
women,4.18,woody,fruity,sweet
women,4.18,green,vanilla,sweet
women,4.18,woody,coconut,floral
unisex,4.18,fresh spicy,musky,citrus
unisex,4.18,musky,woody,leather
unisex,4.18,aromatic,woody,amber
unisex,4.18,industrial glue,brown scotch tape,aldehydic
unisex,4.18,citrus,green,fruity
women,4.18,amber,woody,powdery
men,4.18,aromatic,fresh spicy,marine
women,4.18,citrus,aromatic,fruity
men,4.18,aromatic,fresh spicy,citrus
unisex,4.18,vanilla,sweet,amber
women,4.18,rose,citrus,musky
unisex,4.18,aromatic,amber,fresh spicy
unisex,4.18,sweet,amber,tobacco
women,4.18,fruity,vanilla,powdery
women,4.18,musky,citrus,fruity
men,4.18,citrus,fruity,tropical
women,4.18,fruity,sweet,tropical
women,4.18,earthy,aromatic,woody
women,4.18,white floral,tuberose,animalic
women,4.18,iris,powdery,citrus
unisex,4.18,woody,fresh spicy,aromatic
unisex,4.18,amber,rose,aromatic
men,4.18,amber,warm spicy,aromatic
women,4.18,warm spicy,rose,anis
men,4.18,citrus,woody,warm spicy
women,4.18,floral,musky,honey
unisex,4.18,sweet,honey,vanilla
women,4.18,white floral,citrus,floral
women,4.18,violet,powdery,iris
women,4.18,floral,honey,sweet
women,4.18,woody,powdery,yellow floral
unisex,4.18,powdery,musky,iris
women,4.18,white floral,woody,floral
men,4.18,aromatic,warm spicy,herbal
unisex,4.18,citrus,aromatic,woody
unisex,4.18,fruity,sweet,green
unisex,4.18,floral,fruity,green
men,4.18,citrus,woody,amber
men,4.18,woody,aromatic,amber
women,4.18,white floral,sweet,citrus
unisex,4.18,tropical,aromatic,citrus
unisex,4.18,white floral,oud,musky
women,4.18,white floral,sweet,fruity
women,4.18,sweet,fruity,coconut
men,4.18,warm spicy,woody,fresh spicy
unisex,4.18,white floral,citrus,musky
men,4.18,woody,aromatic,earthy
men,4.18,woody,warm spicy,coffee
men,4.18,aromatic,woody,citrus
women,4.18,white floral,tuberose,fruity
unisex,4.18,musky,amber,woody
men,4.18,citrus,aromatic,woody
men,4.18,amber,warm spicy,citrus
women,4.18,sweet,soft spicy,powdery
women,4.18,floral,sweet,amber
unisex,4.18,vanilla,sweet,aromatic
unisex,4.18,vanilla,sweet,caramel
unisex,4.18,citrus,vanilla,aromatic
unisex,4.18,vanilla,sweet,tobacco
unisex,4.18,vanilla,oud,woody
men,4.18,warm spicy,citrus,amber
women,4.18,powdery,citrus,white floral
unisex,4.18,fresh spicy,caramel,amber
women,4.18,warm spicy,citrus,cinnamon
unisex,4.18,white floral,vanilla,powdery
unisex,4.18,warm spicy,oud,woody
men,4.18,fresh spicy,aromatic,citrus
unisex,4.18,vanilla,sweet,soft spicy
women,4.18,white floral,sweet,fruity
women,4.18,rose,floral,white floral
women,4.18,fruity,sweet,vanilla
women,4.18,yellow floral,sweet,green
men,4.18,warm spicy,fresh spicy,woody
unisex,4.18,citrus,floral,rose
women,4.18,white floral,citrus,sweet
men,4.18,leather,aromatic,fruity
unisex,4.18,woody,warm spicy,rose
men,4.18,vanilla,warm spicy,powdery
men,4.18,warm spicy,oud,leather
women,4.18,rose,floral,woody
women,4.18,powdery,rose,oud
unisex,4.18,woody,amber,musky
women,4.18,citrus,white floral,vanilla
women,4.18,woody,citrus,floral
unisex,4.18,amber,woody,warm spicy
unisex,4.18,sweet,tobacco,warm spicy
unisex,4.18,vanilla,woody,sweet
men,4.18,citrus,aromatic,green
women,4.18,coffee,floral,powdery
women,4.18,amber,vanilla,white floral
women,4.18,white floral,citrus,floral
men,4.18,aromatic,woody,fresh spicy
women,4.18,lavender,fruity,woody
unisex,4.18,amber,oud,woody
unisex,4.18,warm spicy,woody,animalic
women,4.18,citrus,amber,white floral
women,4.18,powdery,violet,woody
men,4.18,amber,woody,warm spicy
men,4.18,aromatic,fresh spicy,warm spicy
women,4.18,fruity,floral,rose
women,4.18,rose,white floral,floral
women,4.18,fruity,mossy,sweet
women,4.18,rose,fruity,coffee
women,4.18,woody,warm spicy,sweet
men,4.18,fresh spicy,citrus,violet
men,4.18,citrus,fresh spicy,leather
women,4.18,woody,powdery,warm spicy
women,4.18,vanilla,powdery,white floral
women,4.18,fruity,citrus,floral
men,4.18,fresh spicy,aromatic,warm spicy
women,4.18,floral,powdery,earthy
women,4.18,floral,citrus,aquatic
women,4.18,aldehydic,amber,fresh
unisex,4.18,aromatic,fresh spicy,citrus
men,4.18,woody,aromatic,leather
women,4.18,fresh,powdery,floral
women,4.18,floral,rose,aromatic
unisex,4.18,powdery,woody,iris
women,4.18,sweet,yellow floral,green
men,4.18,amber,warm spicy,balsamic
unisex,4.18,fruity,woody,green
unisex,4.18,rose,warm spicy,animalic
men,4.18,aromatic,citrus,woody
unisex,4.18,fruity,sweet,tobacco
men,4.18,aromatic,fresh spicy,amber
unisex,4.18,fruity,tobacco,aromatic
women,4.18,aromatic,herbal,warm spicy
unisex,4.18,warm spicy,woody,patchouli
unisex,4.18,green,herbal,animalic
unisex,4.18,woody,citrus,warm spicy
unisex,4.18,citrus,woody,fruity
unisex,4.18,sweet,fruity,amber
unisex,4.18,woody,amber,warm spicy
women,4.18,citrus,fresh spicy,floral
women,4.18,vanilla,powdery,warm spicy
men,4.18,aromatic,citrus,fresh spicy
women,4.18,powdery,violet,floral
women,4.18,white floral,woody,citrus
men,4.18,amber,citrus,woody
men,4.18,citrus,musky,fruity
women,4.18,floral,fruity,woody
unisex,4.18,woody,rose,fresh spicy
unisex,4.18,oud,fresh spicy,amber
unisex,4.18,citrus,aromatic,fresh spicy
unisex,4.18,sweet,powdery,woody
men,4.18,amber,woody,citrus
unisex,4.18,sweet,white floral,honey
unisex,4.18,amber,warm spicy,sweet
women,4.18,powdery,floral,violet
women,4.18,floral,fruity,fresh
women,4.18,floral,powdery,vanilla
women,4.18,fruity,sweet,woody
unisex,4.18,marine,aquatic,aromatic
unisex,4.18,cherry,sweet,woody
women,4.18,floral,sweet,musky
women,4.18,floral,powdery,violet
women,4.18,vanilla,fruity,citrus
women,4.18,sweet,vanilla,fruity
women,4.18,citrus,aromatic,
women,4.18,vanilla,powdery,musky
unisex,4.18,white floral,yellow floral,amber
unisex,4.18,woody,floral,powdery
women,4.18,warm spicy,woody,powdery
men,4.18,woody,aromatic,fresh spicy
women,4.18,woody,green,aromatic
unisex,4.18,yellow floral,powdery,floral
men,4.18,woody,warm spicy,amber
men,4.18,aromatic,woody,vanilla
unisex,4.18,warm spicy,amber,vanilla
unisex,4.18,leather,amber,smoky
unisex,4.18,warm spicy,sweet,woody
men,4.18,aromatic,green,lavender
women,4.18,vanilla,caramel,sweet
unisex,4.18,warm spicy,vanilla,powdery
unisex,4.18,amber,woody,warm spicy
unisex,4.18,musky,aldehydic,ozonic
women,4.18,vanilla,amber,powdery
women,4.18,yellow floral,green,powdery
unisex,4.18,woody,fresh spicy,fruity
unisex,4.18,woody,warm spicy,oud
women,4.18,white floral,woody,animalic
men,4.18,woody,aromatic,citrus
unisex,4.18,warm spicy,tobacco,sweet
women,4.18,warm spicy,powdery,cinnamon
women,4.18,warm spicy,fruity,fresh spicy
women,4.18,powdery,sweet,fruity
unisex,4.18,citrus,aromatic,fresh spicy
men,4.18,musky,amber,aromatic
unisex,4.18,vanilla,sweet,caramel
unisex,4.18,vanilla,powdery,fruity
unisex,4.18,woody,musky,aromatic
men,4.18,animalic,green,vanilla
men,4.18,sweet,honey,tobacco
unisex,4.18,amber,rose,powdery
men,4.18,white floral,amber,sweet
unisex,4.18,woody,warm spicy,amber
unisex,4.18,woody,leather,smoky
unisex,4.18,vanilla,sweet,caramel
women,4.18,aquatic,citrus,woody
unisex,4.18,warm spicy,woody,fresh spicy
unisex,4.18,warm spicy,musky,rose
unisex,4.18,citrus,aromatic,fresh spicy
unisex,4.18,woody,amber,fresh spicy
unisex,4.18,sweet,honey,warm spicy
unisex,4.18,citrus,woody,musky
unisex,4.18,warm spicy,vanilla,chocolate
women,4.18,fruity,tropical,sweet
women,4.18,fresh spicy,warm spicy,aromatic
men,4.18,aromatic,sweet,green
women,4.18,sweet,powdery,white floral
unisex,4.18,aromatic,citrus,woody
unisex,4.18,aromatic,citrus,fresh spicy
women,4.18,musky,powdery,rose
men,4.18,warm spicy,vanilla,cinnamon
women,4.18,fruity,sweet,vanilla
women,4.18,white floral,woody,warm spicy
women,4.18,citrus,white floral,fresh
women,4.18,white floral,musky,powdery
unisex,4.18,yellow floral,sweet,amber
unisex,4.18,woody,warm spicy,fresh spicy
unisex,4.18,fresh spicy,white floral,aromatic
women,4.18,amber,rose,white floral
women,4.18,white floral,green,floral
women,4.18,powdery,floral,yellow floral
unisex,4.18,amber,woody,balsamic
unisex,4.18,amber,woody,warm spicy
women,4.18,fruity,woody,sweet
unisex,4.18,vanilla,sweet,chocolate
unisex,4.18,citrus,floral,iris
unisex,4.18,citrus,woody,lavender
men,4.18,aromatic,woody,amber
unisex,4.18,sweet,powdery,musky
unisex,4.18,amber,warm spicy,floral
unisex,4.18,vanilla,fresh spicy,powdery
women,4.18,aromatic,amber,woody
women,4.18,floral,powdery,sweet
men,4.18,warm spicy,amber,balsamic
women,4.18,white floral,cherry,vanilla
men,4.18,oud,honey,sweet
women,4.18,yellow floral,sweet,vanilla
unisex,4.18,citrus,woody,patchouli
unisex,4.19,woody,amber,warm spicy
men,4.19,citrus,woody,aromatic
men,4.19,woody,musky,oud
men,4.19,aromatic,fresh spicy,citrus
women,4.19,citrus,musky,white floral
women,4.19,woody,white floral,sweet
men,4.19,rose,woody,warm spicy
men,4.19,citrus,green,warm spicy
men,4.19,citrus,aromatic,fresh spicy
women,4.19,citrus,white floral,fruity
unisex,4.19,warm spicy,lavender,woody
unisex,4.19,warm spicy,woody,oud
women,4.19,citrus,floral,white floral
women,4.19,floral,rose,fresh
women,4.19,fruity,woody,vanilla
unisex,4.19,woody,oud,warm spicy
unisex,4.19,fresh spicy,woody,aromatic
women,4.19,citrus,fruity,aromatic
unisex,4.19,citrus,woody,amber
unisex,4.19,citrus,lavender,woody
men,4.19,citrus,warm spicy,aromatic
unisex,4.19,woody,sweet,fruity
unisex,4.19,warm spicy,amber,oud
women,4.19,white floral,tuberose,patchouli
women,4.19,amber,patchouli,rose
women,4.19,citrus,vanilla,warm spicy
men,4.19,fresh spicy,citrus,amber
unisex,4.19,warm spicy,woody,green
women,4.19,rose,fruity,fresh spicy
women,4.19,warm spicy,powdery,woody
men,4.19,aromatic,citrus,green
women,4.19,white floral,vanilla,citrus
women,4.19,coconut,white floral,sweet
unisex,4.19,woody,earthy,rose
men,4.19,anis,citrus,woody
women,4.19,vanilla,fruity,citrus
women,4.19,woody,citrus,fruity
women,4.19,woody,green,aromatic
men,4.19,warm spicy,cinnamon,fresh spicy
women,4.19,citrus,fresh,floral
unisex,4.19,warm spicy,vanilla,amber
women,4.19,powdery,fruity,violet
unisex,4.19,iris,powdery,warm spicy
men,4.19,warm spicy,woody,citrus
men,4.19,aromatic,citrus,woody
women,4.19,woody,citrus,aromatic
women,4.19,woody,amber,fresh spicy
men,4.19,woody,aromatic,fresh spicy
women,4.19,warm spicy,white floral,rose
women,4.19,vanilla,sweet,fruity
women,4.19,caramel,vanilla,white floral
women,4.19,sweet,woody,amber
unisex,4.19,floral,vanilla,sweet
unisex,4.19,sweet,amber,vanilla
women,4.19,floral,fresh,vanilla
women,4.19,amber,smoky,warm spicy
women,4.19,citrus,cinnamon,warm spicy
men,4.19,woody,earthy,aromatic
men,4.19,woody,aromatic,citrus
unisex,4.19,citrus,white floral,fresh
unisex,4.19,citrus,amber,woody
unisex,4.19,aromatic,fruity,sweet
unisex,4.19,vanilla,almond,floral
unisex,4.19,oud,warm spicy,fresh spicy
women,4.19,white floral,powdery,sweet
men,4.19,woody,citrus,aromatic
unisex,4.19,vanilla,citrus,amber
women,4.19,powdery,sweet,musky
unisex,4.19,floral,rose,woody
women,4.19,vanilla,powdery,iris
women,4.19,white floral,powdery,floral
unisex,4.19,woody,smoky,amber
women,4.19,sweet,warm spicy,patchouli
unisex,4.19,amber,fresh spicy,woody
women,4.19,white floral,musky,citrus
women,4.19,rose,floral,citrus
women,4.19,citrus,aromatic,green
women,4.19,sweet,fruity,woody
men,4.19,citrus,aromatic,fresh spicy
women,4.19,sweet,citrus,caramel
unisex,4.19,fresh spicy,caramel,warm spicy
unisex,4.19,aromatic,fresh spicy,lavender
women,4.19,citrus,white floral,fresh
women,4.19,white floral,fruity,musky
women,4.19,fruity,woody,powdery
men,4.19,aromatic,fresh spicy,green
unisex,4.19,woody,warm spicy,aromatic
unisex,4.19,warm spicy,leather,smoky
men,4.19,aromatic,fresh spicy,citrus
men,4.19,aromatic,fresh spicy,woody
men,4.19,woody,oud,cinnamon
men,4.19,woody,aromatic,citrus
unisex,4.19,woody,warm spicy,aromatic
unisex,4.19,fruity,woody,leather
women,4.19,amber,woody,warm spicy
men,4.19,amber,oud,smoky
women,4.19,fruity,powdery,sweet
women,4.19,fruity,sweet,floral
women,4.19,woody,caramel,vanilla
women,4.19,fruity,sweet,citrus
unisex,4.19,aromatic,fresh spicy,citrus
unisex,4.19,woody,white floral,aromatic
unisex,4.19,honey,oud,powdery
women,4.19,amber,citrus,woody
unisex,4.19,woody,warm spicy,oud
women,4.19,rose,floral,fresh
women,4.19,vanilla,powdery,sweet
men,4.19,citrus,ozonic,aquatic
women,4.19,white floral,tuberose,citrus
men,4.19,warm spicy,aromatic,vanilla
men,4.19,citrus,woody,fresh spicy
women,4.19,rose,citrus,floral
men,4.19,woody,iris,powdery
men,4.19,iris,woody,powdery
men,4.19,vanilla,rose,amber
men,4.19,iris,powdery,leather
women,4.19,woody,white floral,powdery
men,4.19,warm spicy,fresh spicy,woody
women,4.19,patchouli,floral,woody
unisex,4.19,amber,warm spicy,woody
men,4.19,aromatic,citrus,fresh spicy
unisex,4.19,amber,warm spicy,aldehydic
unisex,4.19,musky,oud,aromatic
unisex,4.19,amber,warm spicy,fresh spicy
women,4.19,fruity,woody,floral
men,4.19,amber,warm spicy,woody
men,4.19,aromatic,woody,fresh spicy
women,4.19,fruity,patchouli,herbal
unisex,4.19,woody,aromatic,fresh spicy
men,4.19,woody,warm spicy,citrus
women,4.19,white floral,powdery,amber
men,4.19,warm spicy,whiskey,woody
men,4.19,floral,woody,citrus
men,4.19,woody,powdery,aromatic
women,4.19,fruity,vanilla,sweet
unisex,4.19,warm spicy,rose,metallic
men,4.19,vanilla,aromatic,fruity
men,4.19,musky,fresh spicy,warm spicy
unisex,4.19,amber,warm spicy,smoky
unisex,4.19,rose,warm spicy,powdery
unisex,4.19,warm spicy,woody,vanilla
men,4.19,aromatic,fresh spicy,woody
men,4.19,aromatic,fresh spicy,citrus
unisex,4.19,warm spicy,woody,cinnamon
unisex,4.19,warm spicy,woody,amber
unisex,4.19,white floral,floral,green
women,4.19,fruity,sweet,powdery
men,4.19,woody,violet,sweet
unisex,4.19,vanilla,sweet,powdery
unisex,4.19,fruity,oud,powdery
women,4.19,fruity,woody,sweet
unisex,4.19,citrus,floral,woody
unisex,4.19,warm spicy,leather,tobacco
unisex,4.19,white floral,warm spicy,woody
unisex,4.19,citrus,aromatic,fresh spicy
unisex,4.19,rose,warm spicy,floral
unisex,4.19,warm spicy,woody,powdery
unisex,4.19,vanilla,almond,sweet
men,4.19,woody,cinnamon,warm spicy
men,4.19,aromatic,woody,fresh spicy
unisex,4.19,warm spicy,woody,coffee
unisex,4.19,woody,warm spicy,amber
unisex,4.19,vanilla,sweet,almond
unisex,4.19,warm spicy,amber,woody
unisex,4.19,amber,rose,warm spicy
unisex,4.19,woody,fresh spicy,warm spicy
unisex,4.19,warm spicy,woody,amber
unisex,4.19,citrus,warm spicy,fresh
men,4.19,citrus,warm spicy,woody
men,4.19,citrus,aromatic,fresh spicy
men,4.19,woody,aromatic,citrus
women,4.19,rose,fruity,citrus
women,4.19,sweet,fruity,white floral
women,4.19,earthy,woody,tuberose
unisex,4.19,citrus,fresh spicy,amber
women,4.19,warm spicy,woody,amber
unisex,4.19,amber,vanilla,sweet
men,4.19,woody,musky,aromatic
women,4.19,sweet,fruity,white floral
unisex,4.19,warm spicy,woody,patchouli
women,4.19,rose,musky,warm spicy
men,4.19,marine,woody,aromatic
women,4.19,rose,fruity,sweet
women,4.19,floral,cherry,citrus
men,4.19,woody,citrus,aromatic
women,4.19,citrus,lavender,musky
women,4.19,white floral,powdery,warm spicy
unisex,4.19,warm spicy,amber,woody
unisex,4.19,cherry,warm spicy,sweet
men,4.19,woody,aromatic,green
men,4.19,woody,warm spicy,smoky
women,4.19,citrus,woody,musky
men,4.19,warm spicy,sweet,woody
unisex,4.19,oud,fresh spicy,
women,4.19,floral,rose,citrus
men,4.19,citrus,white floral,green
men,4.19,woody,aromatic,fresh spicy
women,4.19,warm spicy,aromatic,lavender
men,4.19,citrus,aromatic,fresh spicy
unisex,4.19,green,earthy,woody
unisex,4.19,aromatic,woody,green
unisex,4.19,citrus,white floral,vanilla
unisex,4.19,sweet,almond,vanilla
women,4.19,sweet,warm spicy,cinnamon
women,4.19,rose,floral,green
men,4.19,fresh spicy,citrus,aromatic
women,4.19,citrus,aromatic,woody
women,4.19,oud,aromatic,woody
women,4.19,rose,floral,fresh
women,4.19,citrus,floral,cinnamon
men,4.19,warm spicy,woody,sweet
women,4.19,powdery,woody,white floral
unisex,4.19,woody,patchouli,vanilla
unisex,4.19,aromatic,fresh spicy,citrus
unisex,4.19,woody,warm spicy,aromatic
men,4.19,warm spicy,vanilla,woody
women,4.19,sweet,fruity,vanilla
women,4.19,woody,citrus,powdery
women,4.19,white floral,citrus,floral
men,4.19,citrus,woody,musky
unisex,4.19,lavender,aromatic,fresh spicy
unisex,4.19,coffee,warm spicy,woody
unisex,4.19,cacao,warm spicy,lactonic
unisex,4.19,amber,warm spicy,vanilla
unisex,4.19,citrus,white floral,fresh spicy
men,4.19,citrus,woody,ozonic
unisex,4.19,amber,woody,powdery
unisex,4.19,amber,leather,oud
men,4.19,aromatic,woody,warm spicy
unisex,4.19,amber,vanilla,fresh spicy
women,4.19,floral,amber,powdery
unisex,4.19,amber,warm spicy,sweet
men,4.19,soft spicy,sweet,violet
women,4.19,fruity,white floral,citrus
women,4.19,fruity,sweet,floral
women,4.19,floral,white floral,fruity
women,4.19,amber,fresh spicy,iris
women,4.19,woody,green,mossy
women,4.19,woody,amber,aromatic
women,4.19,floral,white floral,citrus
women,4.19,white floral,musky,floral
men,4.19,aromatic,fresh spicy,lavender
women,4.19,citrus,powdery,violet
men,4.19,lavender,vanilla,citrus
women,4.19,floral,white floral,sweet
women,4.19,amber,vanilla,sweet
unisex,4.19,woody,aromatic,fresh spicy
unisex,4.19,yellow floral,sweet,white floral
women,4.19,citrus,woody,patchouli
men,4.19,warm spicy,woody,caramel
men,4.19,warm spicy,amber,powdery
unisex,4.19,amber,fresh spicy,vanilla
women,4.19,amber,vanilla,sweet
unisex,4.19,amber,animalic,musky
women,4.19,floral,powdery,fruity
unisex,4.19,citrus,mossy,amber
women,4.19,warm spicy,amber,fruity
women,4.19,white floral,sweet,woody
men,4.19,amber,cinnamon,warm spicy
men,4.19,woody,citrus,earthy
unisex,4.19,citrus,mossy,fresh spicy
unisex,4.19,amber,balsamic,tobacco
unisex,4.19,amber,balsamic,woody
unisex,4.19,citrus,floral,white floral
women,4.19,fruity,rose,floral
men,4.19,green,aromatic,fresh spicy
men,4.19,citrus,fresh spicy,green
unisex,4.19,fresh spicy,citrus,aromatic
unisex,4.19,warm spicy,coffee,cinnamon
women,4.19,white floral,citrus,floral
unisex,4.2,citrus,white floral,patchouli
women,4.2,sweet,caramel,warm spicy
men,4.2,citrus,aromatic,woody
women,4.2,white floral,powdery,citrus
women,4.2,warm spicy,woody,aromatic
women,4.2,warm spicy,amber,oud
women,4.2,sweet,vanilla,rum
women,4.2,citrus,fruity,vanilla
women,4.2,woody,powdery,iris
women,4.2,powdery,lavender,floral
unisex,4.2,fruity,woody,ozonic
women,4.2,vanilla,sweet,lactonic
women,4.2,vanilla,lavender,warm spicy
women,4.2,sweet,amber,white floral
men,4.2,woody,citrus,musky
unisex,4.2,white floral,honey,sweet
women,4.2,fruity,sweet,white floral
men,4.2,fresh spicy,aromatic,woody
women,4.2,white floral,green,citrus
women,4.2,citrus,patchouli,woody
women,4.2,citrus,aromatic,woody
men,4.2,woody,aromatic,lavender
unisex,4.2,woody,whiskey,green
women,4.2,fruity,sweet,tropical
women,4.2,citrus,green,aromatic
women,4.2,floral,rose,fresh spicy
women,4.2,floral,green,white floral
women,4.2,citrus,white floral,vanilla
men,4.2,woody,green,aromatic
unisex,4.2,white floral,yellow floral,sweet
women,4.2,fruity,white floral,vanilla
unisex,4.2,amber,warm spicy,balsamic
women,4.2,white floral,tuberose,floral
women,4.2,woody,fruity,floral
women,4.2,white floral,floral,sweet
men,4.2,woody,aromatic,fresh spicy
women,4.2,white floral,sweet,woody
women,4.2,citrus,white floral,sweet
women,4.2,woody,white floral,floral
unisex,4.2,warm spicy,vanilla,powdery
men,4.2,citrus,woody,aromatic
unisex,4.2,amber,warm spicy,balsamic
men,4.2,warm spicy,amber,tobacco
unisex,4.2,white floral,amber,tuberose
unisex,4.2,fresh spicy,aromatic,woody
men,4.2,green,aromatic,woody
women,4.2,green,ozonic,sweet
women,4.2,yellow floral,white floral,sweet
unisex,4.2,oud,warm spicy,woody
women,4.2,woody,white floral,green
men,4.2,woody,nutty,coffee
women,4.2,warm spicy,amber,cinnamon
women,4.2,yellow floral,floral,sweet
women,4.2,citrus,floral,fruity
men,4.2,citrus,woody,amber
men,4.2,citrus,fresh spicy,aromatic
women,4.2,warm spicy,powdery,violet
women,4.2,floral,rose,green
women,4.2,iris,powdery,woody
women,4.2,vanilla,floral,sweet
women,4.2,sweet,honey,vanilla
women,4.2,sweet,patchouli,citrus
women,4.2,sweet,coconut,fruity
women,4.2,citrus,floral,musky
women,4.2,powdery,fruity,white floral
unisex,4.2,aromatic,warm spicy,sweet
unisex,4.2,woody,oud,rose
unisex,4.2,sweet,warm spicy,woody
unisex,4.2,sweet,honey,amber
women,4.2,vanilla,white floral,warm spicy
unisex,4.2,leather,woody,warm spicy
unisex,4.2,fruity,cinnamon,musky
women,4.2,white floral,citrus,fruity
unisex,4.2,woody,fresh spicy,sweet
women,4.2,citrus,powdery,violet
unisex,4.2,citrus,aromatic,marine
unisex,4.2,vanilla,aromatic,marine
unisex,4.2,vanilla,sweet,powdery
women,4.2,sweet,yellow floral,woody
unisex,4.2,woody,oud,amber
men,4.2,tobacco,sweet,rum
unisex,4.2,powdery,vanilla,woody
men,4.2,woody,aromatic,fresh spicy
women,4.2,white floral,citrus,floral
women,4.2,fruity,sweet,warm spicy
men,4.2,fresh spicy,aromatic,vanilla
unisex,4.2,citrus,fresh,fruity
women,4.2,white floral,fresh spicy,aromatic
women,4.2,woody,warm spicy,rose
women,4.2,fruity,sweet,white floral
unisex,4.2,sweet,fruity,vanilla
women,4.2,amber,rose,warm spicy
men,4.2,warm spicy,amber,woody
women,4.2,sweet,vanilla,powdery
men,4.2,fresh spicy,citrus,aromatic
unisex,4.2,rose,fruity,musky
men,4.2,musky,aromatic,marine
men,4.2,aromatic,fresh spicy,warm spicy
women,4.2,amber,warm spicy,floral
women,4.2,white floral,fruity,woody
men,4.2,floral,citrus,aromatic
unisex,4.2,warm spicy,leather,woody
women,4.2,woody,citrus,powdery
women,4.2,woody,white floral,aromatic
women,4.2,woody,amber,warm spicy
unisex,4.2,amber,rose,warm spicy
unisex,4.2,leather,woody,fruity
unisex,4.2,fruity,caramel,woody
unisex,4.2,warm spicy,tobacco,woody
unisex,4.2,powdery,woody,citrus
men,4.2,fruity,woody,aromatic
women,4.2,vanilla,citrus,white floral
women,4.2,leather,fruity,alcohol
men,4.2,aromatic,woody,warm spicy
unisex,4.2,woody,leather,patchouli
women,4.2,fruity,sweet,amber
women,4.2,sweet,fruity,coconut
women,4.2,rose,floral,fresh
women,4.2,fruity,floral,fresh
unisex,4.2,powdery,musky,iris
women,4.2,floral,powdery,vanilla
men,4.2,woody,citrus,aromatic
unisex,4.2,amber,powdery,iris
men,4.2,aromatic,fresh spicy,citrus
men,4.2,aromatic,fresh spicy,citrus
men,4.2,aromatic,citrus,marine
men,4.2,woody,powdery,warm spicy
women,4.2,citrus,vanilla,white floral
men,4.2,warm spicy,citrus,soft spicy
men,4.2,aromatic,warm spicy,lavender
women,4.2,white floral,floral,citrus
women,4.2,rose,patchouli,musky
men,4.2,iris,leather,amber
women,4.2,vanilla,fruity,sweet
women,4.2,floral,green,powdery
unisex,4.2,fruity,woody,oud
unisex,4.2,citrus,white floral,fresh spicy
unisex,4.2,citrus,floral,woody
women,4.2,rose,floral,musky
women,4.2,amber,warm spicy,woody
unisex,4.2,woody,green,sweet
unisex,4.2,woody,aromatic,green
unisex,4.2,tropical,warm spicy,soft spicy
women,4.2,amber,warm spicy,powdery
unisex,4.2,vanilla,sweet,powdery
men,4.2,woody,aromatic,earthy
unisex,4.2,amber,floral,vanilla
unisex,4.2,rose,oud,warm spicy
unisex,4.2,woody,tropical,green
unisex,4.2,citrus,aromatic,fresh spicy
unisex,4.2,vanilla,citrus,sweet
unisex,4.2,vanilla,sweet,tobacco
unisex,4.2,citrus,woody,green
women,4.2,vanilla,floral,rose
women,4.2,woody,vanilla,warm spicy
men,4.2,woody,amber,citrus
men,4.2,citrus,green,musky
unisex,4.2,fruity,woody,warm spicy
unisex,4.2,woody,musky,powdery
unisex,4.2,citrus,woody,aromatic
unisex,4.2,warm spicy,aromatic,woody
unisex,4.2,oud,fruity,rose
unisex,4.2,powdery,iris,vanilla
men,4.2,citrus,aromatic,green
women,4.2,leather,fruity,sweet
women,4.2,aquatic,ozonic,sweet
women,4.2,vanilla,sweet,tobacco
women,4.2,powdery,musky,vanilla
women,4.2,amber,woody,warm spicy
women,4.2,sweet,citrus,fruity
unisex,4.2,sweet,rose,vanilla
men,4.2,woody,whiskey,amber
unisex,4.2,warm spicy,woody,cinnamon
women,4.2,sweet,honey,caramel
women,4.2,green,amber,woody
men,4.2,amber,woody,patchouli
men,4.2,citrus,green,aromatic
women,4.2,vanilla,powdery,amber
men,4.2,warm spicy,woody,amber
women,4.2,fruity,fresh,sweet
unisex,4.2,amber,animalic,warm spicy
unisex,4.2,white floral,floral,powdery
men,4.2,aromatic,warm spicy,fresh spicy
men,4.2,warm spicy,tobacco,cacao
men,4.2,woody,aromatic,fresh spicy
unisex,4.2,citrus,green,aromatic
unisex,4.2,citrus,musky,green
women,4.2,caramel,sweet,amber
women,4.2,sweet,fruity,citrus
unisex,4.2,floral,yellow floral,woody
unisex,4.2,woody,warm spicy,green
women,4.2,amber,citrus,balsamic
women,4.2,floral,vanilla,amber
men,4.2,aromatic,woody,fresh spicy
men,4.2,aromatic,citrus,woody
men,4.2,fruity,citrus,woody
unisex,4.2,woody,fresh spicy,aromatic
women,4.2,green,fresh,woody
unisex,4.2,warm spicy,rose,sweet
men,4.2,woody,amber,warm spicy
unisex,4.2,fruity,sweet,vanilla
unisex,4.2,amber,woody,warm spicy
men,4.2,aromatic,green,woody
women,4.2,yellow floral,woody,sweet
men,4.2,woody,aromatic,vanilla
men,4.2,citrus,powdery,aquatic
women,4.2,sweet,woody,fruity
unisex,4.2,amber,fresh spicy,smoky
unisex,4.2,citrus,aromatic,fresh spicy
unisex,4.2,rose,floral,white floral
women,4.2,white floral,iris,powdery
unisex,4.2,citrus,white floral,vanilla
unisex,4.2,leather,warm spicy,woody
unisex,4.2,aromatic,woody,warm spicy
unisex,4.2,rose,woody,fresh spicy
unisex,4.2,aromatic,warm spicy,amber
unisex,4.2,nutty,sweet,warm spicy
women,4.2,musky,white floral,powdery
men,4.2,warm spicy,cinnamon,sweet
unisex,4.2,white floral,green,musky
unisex,4.2,amber,balsamic,aromatic
unisex,4.2,amber,warm spicy,vanilla
women,4.2,white floral,tuberose,citrus
men,4.2,fresh spicy,woody,amber
women,4.2,powdery,white floral,violet
unisex,4.2,citrus,green,aromatic
unisex,4.2,amber,woody,powdery
women,4.2,rose,woody,musky
men,4.2,aromatic,citrus,fresh spicy
women,4.2,powdery,sweet,rose
unisex,4.2,vanilla,soft spicy,amber
men,4.2,citrus,woody,aromatic
unisex,4.2,floral,aquatic,green
unisex,4.2,fruity,rose,fresh
unisex,4.2,rose,aromatic,fresh spicy
women,4.2,sweet,white floral,yellow floral
women,4.2,warm spicy,sweet,vanilla
men,4.2,aromatic,woody,citrus
unisex,4.2,amber,warm spicy,fresh spicy
unisex,4.2,amber,warm spicy,woody
unisex,4.2,amber,powdery,warm spicy
unisex,4.2,woody,patchouli,amber
unisex,4.2,amber,warm spicy,patchouli
women,4.2,white floral,floral,citrus
men,4.2,woody,amber,patchouli
men,4.2,fresh spicy,woody,aromatic
women,4.2,vanilla,sweet,rose
women,4.2,amber,fresh spicy,woody
women,4.2,sweet,coconut,floral
men,4.2,woody,patchouli,earthy
men,4.2,aromatic,citrus,warm spicy
women,4.2,amber,sweet,white floral
women,4.2,fruity,powdery,violet
men,4.2,woody,aromatic,fresh spicy
women,4.2,white floral,citrus,floral
women,4.2,white floral,fresh,citrus
women,4.2,white floral,woody,aromatic
unisex,4.2,citrus,warm spicy,amber
women,4.2,citrus,fresh spicy,aromatic
women,4.2,amber,vanilla,citrus
women,4.2,fresh,aquatic,green
women,4.2,aromatic,musky,powdery
unisex,4.21,aromatic,green,white floral
unisex,4.21,musky,oud,powdery
women,4.21,sweet,vanilla,powdery
women,4.21,white floral,warm spicy,cacao
men,4.21,citrus,aromatic,powdery
women,4.21,woody,powdery,warm spicy
men,4.21,fresh spicy,warm spicy,aromatic
women,4.21,citrus,lavender,green
women,4.21,fruity,sweet,floral
women,4.21,sweet,fruity,vanilla
women,4.21,white floral,fruity,floral
unisex,4.21,coffee,warm spicy,vanilla
women,4.21,sweet,fruity,caramel
men,4.21,green,warm spicy,fresh
unisex,4.21,white floral,citrus,woody
unisex,4.21,fruity,powdery,iris
unisex,4.21,tobacco,fruity,vanilla
unisex,4.21,warm spicy,yellow floral,woody
men,4.21,warm spicy,woody,amber
women,4.21,white floral,vanilla,fruity
unisex,4.21,citrus,woody,sweet
women,4.21,woody,powdery,amber
men,4.21,woody,warm spicy,cinnamon
women,4.21,floral,woody,fresh
women,4.21,white floral,fresh,aldehydic
women,4.21,citrus,vanilla,white floral
unisex,4.21,citrus,woody,aromatic
men,4.21,fruity,amber,citrus
unisex,4.21,white floral,yellow floral,amber
women,4.21,green,patchouli,white floral
women,4.21,patchouli,citrus,rose
unisex,4.21,woody,green,fresh
unisex,4.21,rose,oud,almond
women,4.21,white floral,coconut,citrus
women,4.21,white floral,earthy,woody
unisex,4.21,vanilla,sweet,warm spicy
men,4.21,vanilla,woody,powdery
unisex,4.21,citrus,green,white floral
men,4.21,amber,citrus,green
women,4.21,aromatic,sweet,balsamic
women,4.21,yellow floral,woody,white floral
men,4.21,coffee,warm spicy,woody
unisex,4.21,fruity,amber,aromatic
unisex,4.21,oud,rose,woody
women,4.21,floral,yellow floral,woody
women,4.21,vanilla,powdery,citrus
men,4.21,citrus,fresh spicy,aromatic
women,4.21,citrus,powdery,sweet
men,4.21,warm spicy,aromatic,leather
men,4.21,vanilla,aromatic,fresh spicy
women,4.21,caramel,vanilla,sweet
women,4.21,sweet,vanilla,fruity
women,4.21,rose,patchouli,woody
unisex,4.21,vanilla,rose,amber
women,4.21,green,floral,white floral
men,4.21,leather,oud,animalic
unisex,4.21,amber,woody,fresh spicy
men,4.21,rose,woody,floral
unisex,4.21,amber,balsamic,warm spicy
unisex,4.21,vanilla,aquatic,woody
unisex,4.21,fruity,sweet,fresh
women,4.21,citrus,floral,white floral
women,4.21,white floral,amber,powdery
women,4.21,fresh spicy,citrus,woody
women,4.21,marine,patchouli,aromatic
women,4.21,musky,yellow floral,powdery
women,4.21,floral,fruity,sweet
men,4.21,amber,citrus,fresh spicy
women,4.21,musky,lavender,powdery
women,4.21,powdery,violet,sweet
women,4.21,citrus,fruity,green
women,4.21,white floral,citrus,fresh
women,4.21,citrus,fruity,aromatic
unisex,4.21,amber,floral,citrus
women,4.21,green,aldehydic,fresh
men,4.21,vanilla,amber,sweet
men,4.21,aromatic,woody,fresh spicy
women,4.21,warm spicy,powdery,white floral
women,4.21,powdery,rose,vanilla
women,4.21,woody,amber,green
unisex,4.21,woody,aromatic,fresh spicy
women,4.21,fruity,aromatic,green
women,4.21,warm spicy,rose,leather
unisex,4.21,powdery,iris,musky
men,4.21,warm spicy,sweet,amber
unisex,4.21,white floral,citrus,woody
women,4.21,floral,powdery,woody
women,4.21,floral,white floral,rose
women,4.21,citrus,floral,woody
men,4.21,fresh spicy,aromatic,warm spicy
unisex,4.21,citrus,warm spicy,amber
women,4.21,citrus,floral,white floral
men,4.21,citrus,mossy,aromatic
women,4.21,floral,citrus,woody
men,4.21,leather,violet,powdery
women,4.21,floral,fresh,rose
unisex,4.21,woody,warm spicy,sweet
men,4.21,fresh spicy,fruity,vanilla
men,4.21,vanilla,warm spicy,aromatic
women,4.21,fruity,sweet,floral
women,4.21,woody,vanilla,amber
women,4.21,amber,woody,citrus
men,4.21,leather,herbal,warm spicy
women,4.21,sweet,fruity,floral
unisex,4.21,citrus,aromatic,musky
women,4.21,vanilla,powdery,floral
men,4.21,woody,aromatic,fresh spicy
women,4.21,floral,fresh,earthy
women,4.21,warm spicy,fresh spicy,woody
women,4.21,warm spicy,vanilla,cinnamon
men,4.21,tobacco,leather,fresh spicy
women,4.21,rose,fruity,sweet
unisex,4.21,leather,aromatic,amber
unisex,4.21,woody,warm spicy,citrus
women,4.21,floral,rose,woody
women,4.21,citrus,floral,fruity
men,4.21,leather,warm spicy,cinnamon
women,4.21,powdery,violet,woody
men,4.21,aromatic,fresh spicy,woody
unisex,4.21,citrus,white floral,aromatic
women,4.21,tropical,floral,citrus
women,4.21,warm spicy,amber,aromatic
women,4.21,oud,patchouli,rose
unisex,4.21,woody,aromatic,warm spicy
men,4.21,citrus,aromatic,lavender
unisex,4.21,powdery,musky,woody
unisex,4.21,citrus,musky,sweet
unisex,4.21,woody,rose,fresh spicy
men,4.21,aromatic,fresh spicy,woody
men,4.21,woody,aromatic,fresh spicy
unisex,4.21,honey,warm spicy,woody
unisex,4.21,citrus,mineral,aromatic
women,4.21,amber,white floral,floral
men,4.21,warm spicy,vanilla,sweet
men,4.21,aromatic,woody,fresh spicy
unisex,4.21,oud,rose,musky
unisex,4.21,rose,oud,amber
women,4.21,amber,floral,citrus
men,4.21,amber,woody,vanilla
unisex,4.21,tobacco,warm spicy,woody
unisex,4.21,woody,aromatic,cinnamon
women,4.21,white floral,aldehydic,iris
women,4.21,powdery,white floral,yellow floral
women,4.21,fruity,sweet,citrus
women,4.21,almond,nutty,sweet
unisex,4.21,woody,sweet,honey
women,4.21,yellow floral,vanilla,floral
men,4.21,woody,aromatic,earthy
unisex,4.21,woody,amber,musky
unisex,4.21,citrus,amber,warm spicy
unisex,4.21,amber,woody,musky
men,4.21,warm spicy,aromatic,woody
men,4.21,citrus,aromatic,warm spicy
women,4.21,floral,citrus,white floral
unisex,4.21,citrus,aromatic,green
women,4.21,vanilla,fruity,floral
women,4.21,soft spicy,sweet,woody
unisex,4.21,warm spicy,citrus,amber
men,4.21,woody,fresh spicy,aromatic
unisex,4.21,honey,oud,amber
unisex,4.21,leather,oud,fresh spicy
women,4.21,citrus,sweet,floral
women,4.21,citrus,floral,white floral
men,4.21,vanilla,citrus,sweet
unisex,4.21,aromatic,citrus,woody
women,4.21,powdery,white floral,floral
women,4.21,fruity,sweet,lactonic
men,4.21,woody,amber,aromatic
men,4.21,citrus,aromatic,fresh spicy
unisex,4.21,warm spicy,fresh spicy,aromatic
women,4.21,vanilla,sweet,lavender
women,4.21,woody,white floral,vanilla
men,4.21,woody,rose,whiskey
women,4.21,citrus,caramel,sweet
men,4.21,aromatic,woody,fresh spicy
unisex,4.21,lavender,citrus,aromatic
women,4.21,rose,woody,powdery
unisex,4.21,citrus,aromatic,
women,4.21,citrus,white floral,aromatic
women,4.21,yellow floral,citrus,powdery
unisex,4.21,citrus,fresh spicy,aromatic
women,4.21,fruity,sweet,floral
women,4.21,sweet,vanilla,almond
men,4.21,warm spicy,aromatic,woody
unisex,4.21,warm spicy,woody,cinnamon
unisex,4.21,sweet,fruity,vanilla
women,4.21,amber,woody,citrus
men,4.21,aromatic,woody,sweet
women,4.21,vanilla,sweet,chocolate
women,4.21,rose,musky,fruity
women,4.21,floral,rose,citrus
unisex,4.21,amber,warm spicy,smoky
unisex,4.21,citrus,sweet,vanilla
women,4.21,rose,citrus,amber
unisex,4.21,woody,aromatic,warm spicy
women,4.21,sweet,fruity,amber
unisex,4.21,aromatic,woody,earthy
unisex,4.21,citrus,aromatic,fresh spicy
women,4.21,musky,rose,powdery
women,4.21,sweet,vanilla,fruity
women,4.21,floral,woody,green
men,4.21,ozonic,aromatic,aquatic
women,4.21,fruity,sweet,vanilla
unisex,4.21,woody,animalic,musky
unisex,4.21,citrus,green,musky
unisex,4.21,fresh spicy,aromatic,woody
men,4.21,green,citrus,warm spicy
unisex,4.21,citrus,aromatic,fresh spicy
women,4.21,citrus,rose,amber
unisex,4.21,woody,aromatic,green
unisex,4.21,sweet,cherry,almond
unisex,4.21,warm spicy,woody,oud
men,4.21,fresh spicy,warm spicy,aromatic
men,4.21,aromatic,woody,fresh spicy
men,4.21,fresh spicy,amber,warm spicy
women,4.21,white floral,citrus,musky
men,4.21,aromatic,woody,earthy
men,4.21,citrus,floral,powdery
men,4.21,woody,vanilla,powdery
men,4.21,amber,woody,powdery
women,4.21,cacao,fruity,nutty
women,4.21,vanilla,powdery,sweet
unisex,4.21,citrus,fresh spicy,fruity
unisex,4.21,white floral,citrus,fresh
women,4.21,floral,citrus,warm spicy
women,4.21,vanilla,powdery,warm spicy
women,4.21,amber,warm spicy,balsamic
women,4.21,iris,white floral,woody
women,4.21,amber,woody,powdery
women,4.21,fruity,sweet,woody
women,4.21,sweet,fruity,vanilla
women,4.21,patchouli,woody,warm spicy
men,4.21,warm spicy,woody,soft spicy
women,4.21,rose,sweet,fruity
unisex,4.21,aromatic,amber,woody
unisex,4.21,warm spicy,cacao,sweet
unisex,4.21,white floral,floral,
unisex,4.21,woody,warm spicy,aromatic
women,4.21,powdery,amber,warm spicy
unisex,4.21,patchouli,vanilla,warm spicy
men,4.21,green,citrus,aquatic
unisex,4.21,woody,amber,musky
unisex,4.21,woody,oud,vanilla
women,4.21,fruity,sweet,vanilla
men,4.22,citrus,aromatic,woody
men,4.22,amber,woody,warm spicy
women,4.22,white floral,tuberose,citrus
women,4.22,sweet,powdery,vanilla
women,4.22,citrus,white floral,sweet
women,4.22,white floral,floral,lactonic
unisex,4.22,oud,leather,rose
unisex,4.22,leather,woody,smoky
women,4.22,woody,citrus,rose
women,4.22,rose,fruity,citrus
women,4.22,woody,aldehydic,fresh
women,4.22,citrus,rose,white floral
men,4.22,aromatic,fresh spicy,woody
women,4.22,floral,powdery,iris
men,4.22,citrus,woody,aromatic
unisex,4.22,aromatic,warm spicy,amber
men,4.22,citrus,aromatic,warm spicy
men,4.22,citrus,woody,fresh spicy
unisex,4.22,woody,floral,spicy
men,4.22,fresh spicy,citrus,aromatic
women,4.22,fruity,white floral,vanilla
women,4.22,white floral,tuberose,animalic
unisex,4.22,floral,fresh,fruity
unisex,4.22,green,fruity,citrus
men,4.22,powdery,vanilla,iris
unisex,4.22,citrus,woody,aromatic
men,4.22,woody,citrus,oud
unisex,4.22,amber,woody,powdery
women,4.22,warm spicy,amber,smoky
unisex,4.22,citrus,woody,mossy
women,4.22,white floral,woody,aromatic
unisex,4.22,white floral,tuberose,amber
women,4.22,white floral,fresh spicy,vanilla
women,4.22,powdery,woody,iris
women,4.22,citrus,sweet,fresh spicy
women,4.22,powdery,floral,violet
unisex,4.22,oud,rose,woody
unisex,4.22,citrus,aromatic,fresh spicy
men,4.22,warm spicy,aromatic,amber
women,4.22,vanilla,amber,sweet
women,4.22,white floral,sweet,floral
unisex,4.22,amber,vanilla,sweet
unisex,4.22,woody,warm spicy,amber
women,4.22,fruity,aromatic,fresh spicy
men,4.22,aromatic,fresh spicy,warm spicy
men,4.22,violet,powdery,fresh spicy
unisex,4.22,white floral,warm spicy,woody
women,4.22,vanilla,amber,sweet
women,4.22,rose,fruity,sweet
women,4.22,fruity,rose,fresh
women,4.22,rose,musky,fruity
women,4.22,floral,citrus,powdery
unisex,4.22,white floral,amber,citrus
women,4.22,powdery,violet,sweet
men,4.22,woody,warm spicy,vanilla
women,4.22,rose,fruity,floral
men,4.22,woody,citrus,aromatic
unisex,4.22,woody,amber,musky
unisex,4.22,citrus,aromatic,woody
men,4.22,woody,ozonic,citrus
men,4.22,warm spicy,vanilla,coffee
women,4.22,woody,white floral,sweet
women,4.22,cacao,warm spicy,sweet
men,4.22,fresh spicy,aromatic,woody
women,4.22,floral,powdery,woody
men,4.22,woody,aromatic,citrus
men,4.22,woody,aromatic,citrus
unisex,4.22,woody,aromatic,fresh
unisex,4.22,woody,amber,earthy
unisex,4.22,woody,warm spicy,fruity
women,4.22,green,floral,yellow floral
men,4.22,oud,warm spicy,amber
men,4.22,rose,aromatic,fresh spicy
men,4.22,woody,citrus,earthy
unisex,4.22,woody,aromatic,citrus
men,4.22,warm spicy,vanilla,amber
unisex,4.22,powdery,warm spicy,woody
unisex,4.22,fruity,woody,sweet
unisex,4.22,rose,leather,woody
unisex,4.22,white floral,floral,musky
women,4.22,vanilla,powdery,woody
unisex,4.22,aromatic,fresh spicy,herbal
unisex,4.22,woody,aromatic,amber
men,4.22,citrus,woody,aromatic
women,4.22,green,floral,white floral
women,4.22,cherry,rose,sweet
women,4.22,rose,fruity,sweet
women,4.22,fruity,white floral,vanilla
women,4.22,rose,citrus,floral
unisex,4.22,green,tuberose,aromatic
women,4.22,vanilla,amber,fresh spicy
women,4.22,floral,fresh,fruity
women,4.22,fruity,white floral,woody
unisex,4.22,sweet,citrus,white floral
women,4.22,citrus,warm spicy,floral
women,4.22,white floral,aldehydic,
men,4.22,aromatic,iris,woody
men,4.22,citrus,leather,fresh spicy
men,4.22,citrus,leather,sweet
men,4.22,warm spicy,woody,leather
women,4.22,fruity,rose,vanilla
men,4.22,aromatic,woody,white floral
men,4.22,woody,oud,warm spicy
women,4.22,amber,woody,warm spicy
women,4.22,lactonic,aquatic,ozonic
women,4.22,floral,fresh,fresh spicy
men,4.22,fruity,sweet,woody
women,4.22,white floral,floral,woody
men,4.22,woody,leather,aromatic
women,4.22,sweet,yellow floral,fruity
women,4.22,citrus,fruity,woody
women,4.22,aldehydic,fresh,woody
men,4.22,woody,aromatic,citrus
women,4.22,amber,white floral,balsamic
unisex,4.22,warm spicy,citrus,fresh
men,4.22,white floral,earthy,aromatic
women,4.22,fruity,rose,white floral
women,4.22,citrus,white floral,woody
women,4.22,white floral,musky,green
women,4.22,citrus,fresh spicy,
women,4.22,citrus,amber,aromatic
unisex,4.22,citrus,sweet,fruity
men,4.22,warm spicy,fresh spicy,woody
women,4.22,rose,fruity,tropical
unisex,4.22,amber,floral,tuberose
unisex,4.22,leather,woody,warm spicy
women,4.22,woody,vanilla,warm spicy
unisex,4.22,warm spicy,rose,amber
unisex,4.22,white floral,musky,floral
unisex,4.22,fruity,sweet,white floral
unisex,4.22,woody,warm spicy,earthy
men,4.22,fresh spicy,woody,aromatic
men,4.22,woody,aromatic,warm spicy
unisex,4.22,woody,warm spicy,patchouli
women,4.22,amber,warm spicy,woody
men,4.22,woody,aromatic,warm spicy
unisex,4.22,warm spicy,woody,aromatic
unisex,4.22,lavender,aromatic,fresh spicy
unisex,4.22,aromatic,warm spicy,fresh spicy
women,4.22,floral,rose,green
unisex,4.22,warm spicy,citrus,cinnamon
women,4.22,iris,vanilla,powdery
women,4.22,rose,floral,fresh
unisex,4.22,aromatic,citrus,green
unisex,4.22,marine,lactonic,aromatic
unisex,4.22,warm spicy,sweet,amber
women,4.22,warm spicy,amber,aromatic
unisex,4.22,citrus,woody,white floral
unisex,4.22,woody,oud,musky
women,4.22,white floral,musky,green
unisex,4.22,fruity,sweet,woody
unisex,4.22,warm spicy,sweet,vanilla
unisex,4.22,citrus,amber,salty
women,4.22,vanilla,sweet,warm spicy
women,4.22,white floral,yellow floral,floral
women,4.22,floral,white floral,citrus
men,4.22,fruity,sweet,fresh
unisex,4.22,amber,woody,patchouli
women,4.22,rose,amber,citrus
women,4.22,vanilla,floral,sweet
unisex,4.22,woody,aromatic,fresh spicy
women,4.22,powdery,sweet,vanilla
men,4.22,fresh spicy,vanilla,aromatic
men,4.22,warm spicy,fresh spicy,aromatic
women,4.22,sweet,vanilla,powdery
unisex,4.22,citrus,sweet,coconut
unisex,4.22,fruity,aromatic,herbal
men,4.22,leather,floral,smoky
unisex,4.22,musky,floral,aromatic
unisex,4.22,citrus,aromatic,fresh spicy
women,4.22,woody,amber,
unisex,4.22,powdery,violet,iris
men,4.22,aromatic,woody,fresh spicy
women,4.22,white floral,citrus,woody
women,4.22,cherry,vanilla,fruity
women,4.22,oud,rose,citrus
unisex,4.22,sweet,vanilla,woody
women,4.22,cinnamon,warm spicy,amber
women,4.22,citrus,powdery,vanilla
men,4.22,woody,aromatic,fresh spicy
women,4.22,amber,vanilla,woody
unisex,4.22,woody,amber,fresh spicy
women,4.22,white floral,marine,nutty
women,4.22,citrus,honey,sweet
unisex,4.22,citrus,woody,warm spicy
women,4.22,citrus,floral,fruity
men,4.22,woody,aromatic,fresh spicy
unisex,4.22,warm spicy,lactonic,citrus
men,4.22,woody,aromatic,white floral
women,4.22,sweet,warm spicy,coffee
men,4.22,warm spicy,aromatic,woody
men,4.22,warm spicy,coffee,amber
women,4.22,rose,fruity,floral
unisex,4.22,citrus,amber,aromatic
unisex,4.22,amber,aromatic,warm spicy
women,4.22,woody,white floral,citrus
women,4.22,fruity,sweet,vanilla
women,4.22,floral,aquatic,ozonic
women,4.22,rose,woody,powdery
women,4.22,aldehydic,rose,yellow floral
women,4.22,white floral,citrus,woody
men,4.22,woody,aromatic,warm spicy
women,4.22,rose,fresh spicy,aromatic
women,4.22,warm spicy,amber,fresh spicy
women,4.22,powdery,violet,iris
unisex,4.22,woody,honey,leather
women,4.22,citrus,musky,fruity
unisex,4.22,warm spicy,woody,aromatic
women,4.23,woody,musky,amber
women,4.23,floral,fruity,sweet
unisex,4.23,woody,warm spicy,aromatic
women,4.23,vanilla,sweet,powdery
unisex,4.23,sweet,soft spicy,anis
men,4.23,fresh spicy,warm spicy,woody
unisex,4.23,woody,powdery,warm spicy
men,4.23,green,warm spicy,fresh
women,4.23,fruity,sweet,rose
women,4.23,citrus,woody,powdery
women,4.23,white floral,aldehydic,fresh
women,4.23,rose,citrus,floral
men,4.23,aromatic,citrus,fresh spicy
women,4.23,fruity,sweet,floral
women,4.23,fruity,sweet,woody
men,4.23,woody,amber,floral
men,4.23,woody,patchouli,earthy
unisex,4.23,marine,aquatic,aromatic
women,4.23,citrus,aromatic,vanilla
unisex,4.23,aromatic,leather,fresh spicy
men,4.23,woody,aromatic,fresh spicy
women,4.23,white floral,citrus,green
men,4.23,warm spicy,vanilla,woody
men,4.23,fruity,fresh,green
men,4.23,vanilla,powdery,sweet
women,4.23,anis,soft spicy,rose
women,4.23,aquatic,spicy,powdery
unisex,4.23,powdery,vanilla,floral
women,4.23,fruity,sweet,cherry
women,4.23,sweet,white floral,fruity
women,4.23,fruity,rose,woody
unisex,4.23,iris,powdery,sweet
men,4.23,rose,woody,earthy
unisex,4.23,leather,amber,vanilla
unisex,4.23,sweet,fruity,vanilla
women,4.23,vanilla,sweet,soft spicy
unisex,4.23,marine,aquatic,aromatic
women,4.23,fresh,rose,floral
men,4.23,vanilla,green,aromatic
unisex,4.23,warm spicy,oud,woody
unisex,4.23,sweet,cherry,warm spicy
unisex,4.23,citrus,sweet,tobacco
unisex,4.23,anis,soft spicy,tobacco
unisex,4.23,fresh spicy,lavender,green
women,4.23,sweet,fruity,woody
unisex,4.23,aromatic,woody,floral
women,4.23,woody,floral,rose
men,4.23,fruity,sweet,warm spicy
men,4.23,woody,amber,leather
women,4.23,musky,lavender,powdery
unisex,4.23,powdery,iris,woody
men,4.23,citrus,woody,amber
unisex,4.23,woody,citrus,fruity
unisex,4.23,amber,woody,citrus
unisex,4.23,citrus,aromatic,fresh spicy
unisex,4.23,woody,vanilla,powdery
men,4.23,warm spicy,amber,aromatic
men,4.23,warm spicy,citrus,amber
men,4.23,aromatic,woody,warm spicy
unisex,4.23,woody,citrus,powdery
women,4.23,almond,vanilla,white floral
men,4.23,aromatic,woody,fresh spicy
unisex,4.23,woody,amber,warm spicy
unisex,4.23,powdery,woody,amber
unisex,4.23,rose,amber,woody
unisex,4.23,sweet,powdery,musky
unisex,4.23,rose,fresh spicy,aromatic
women,4.23,woody,musky,animalic
unisex,4.23,sweet,fruity,warm spicy
men,4.23,citrus,aromatic,earthy
unisex,4.23,vanilla,sweet,tobacco
men,4.23,aromatic,fresh spicy,amber
men,4.23,woody,aromatic,sweet
men,4.23,woody,mineral,ozonic
men,4.23,aromatic,citrus,herbal
women,4.23,white floral,yellow floral,woody
women,4.23,fruity,sweet,tropical
women,4.23,citrus,woody,floral
women,4.23,fruity,sweet,fresh
men,4.23,fresh,aromatic,citrus
unisex,4.23,warm spicy,aromatic,amber
men,4.23,fresh spicy,aromatic,warm spicy
women,4.23,citrus,warm spicy,amber
women,4.23,floral,powdery,fresh spicy
men,4.23,sweet,citrus,white floral
men,4.23,citrus,woody,leather
women,4.23,vanilla,caramel,sweet
men,4.23,woody,lavender,powdery
women,4.23,leather,earthy,woody
men,4.23,aromatic,woody,green
men,4.23,warm spicy,citrus,amber
men,4.23,sweet,fruity,tropical
women,4.23,woody,white floral,floral
men,4.23,aromatic,fresh spicy,amber
unisex,4.23,warm spicy,amber,cinnamon
unisex,4.23,floral,rose,white floral
unisex,4.23,powdery,violet,woody
women,4.23,white floral,floral,fresh
unisex,4.23,fresh spicy,aromatic,citrus
men,4.23,woody,aromatic,fruity
women,4.23,warm spicy,citrus,white floral
men,4.23,warm spicy,woody,powdery
unisex,4.23,floral,green,yellow floral
men,4.23,tobacco,leather,warm spicy
men,4.23,warm spicy,vanilla,coffee
unisex,4.23,warm spicy,citrus,woody
women,4.23,fresh,powdery,green
men,4.23,citrus,amber,woody
men,4.23,woody,sweet,honey
unisex,4.23,woody,aromatic,balsamic
unisex,4.23,woody,warm spicy,aromatic
unisex,4.23,powdery,woody,iris
men,4.23,amber,woody,aromatic
unisex,4.23,woody,fresh spicy,sweet
unisex,4.23,citrus,fruity,sweet
unisex,4.23,citrus,amber,musky
unisex,4.23,sweet,powdery,warm spicy
unisex,4.23,sweet,tropical,fruity
unisex,4.23,aromatic,herbal,oud
unisex,4.23,amber,honey,oud
unisex,4.23,amber,woody,warm spicy
women,4.23,vanilla,caramel,sweet
unisex,4.23,vanilla,sweet,yellow floral
women,4.23,fruity,floral,white floral
unisex,4.23,woody,citrus,musky
women,4.23,fruity,citrus,sweet
women,4.23,citrus,soft spicy,white floral
men,4.23,amber,citrus,leather
men,4.23,smoky,rose,amber
unisex,4.23,warm spicy,woody,amber
women,4.23,amber,woody,powdery
unisex,4.23,warm spicy,woody,amber
unisex,4.23,leather,citrus,iris
unisex,4.23,iris,powdery,woody
women,4.23,floral,rose,fresh
men,4.23,woody,aromatic,warm spicy
women,4.23,sweet,vanilla,fruity
unisex,4.23,amber,woody,sweet
unisex,4.23,green,fresh,fruity
unisex,4.23,vanilla,fruity,powdery
men,4.23,lavender,aromatic,warm spicy
men,4.23,vanilla,ozonic,white floral
women,4.23,rose,musky,white floral
unisex,4.23,citrus,fruity,musky
women,4.23,floral,citrus,fruity
men,4.23,soft spicy,aromatic,anis
men,4.23,fresh spicy,lavender,aromatic
unisex,4.23,citrus,nutty,vanilla
women,4.23,rose,citrus,white floral
unisex,4.23,amber,almond,warm spicy
unisex,4.23,citrus,aromatic,green
unisex,4.23,citrus,aromatic,green
women,4.23,fruity,sweet,vanilla
women,4.23,warm spicy,vanilla,cinnamon
unisex,4.23,woody,powdery,warm spicy
women,4.23,iris,amber,smoky
men,4.23,leather,warm spicy,rose
men,4.23,woody,caramel,sweet
women,4.23,patchouli,woody,sweet
unisex,4.23,amber,warm spicy,woody
women,4.23,patchouli,warm spicy,soft spicy
women,4.23,citrus,white floral,woody
unisex,4.23,warm spicy,amber,musky
women,4.23,woody,aromatic,green
unisex,4.23,fruity,woody,ozonic
women,4.23,earthy,aromatic,leather
women,4.23,vanilla,sweet,citrus
women,4.23,amber,woody,balsamic
women,4.23,rose,floral,green
women,4.23,rose,floral,fresh
unisex,4.23,white floral,tuberose,woody
unisex,4.23,musky,powdery,white floral
unisex,4.23,warm spicy,amber,fruity
unisex,4.23,sweet,warm spicy,fruity
unisex,4.23,oud,earthy,rose
unisex,4.23,amber,citrus,sweet
women,4.23,citrus,rose,aromatic
women,4.23,woody,green,powdery
women,4.23,amber,woody,powdery
unisex,4.23,sweet,powdery,vanilla
unisex,4.23,aromatic,amber,fresh spicy
women,4.23,citrus,sweet,tropical
men,4.23,warm spicy,aromatic,woody
women,4.23,woody,citrus,leather
men,4.23,aromatic,woody,fresh spicy
men,4.23,citrus,aromatic,fresh spicy
women,4.23,soft spicy,anis,sweet
men,4.23,amber,citrus,warm spicy
women,4.23,citrus,white floral,fresh spicy
women,4.23,woody,soft spicy,warm spicy
women,4.23,white floral,tuberose,woody
women,4.23,fruity,powdery,white floral
men,4.23,aromatic,warm spicy,woody
unisex,4.23,musky,powdery,floral
unisex,4.23,coconut,lavender,musky
women,4.23,sweet,coconut,tropical
women,4.23,floral,aromatic,fresh spicy
unisex,4.23,white floral,vanilla,citrus
women,4.23,white floral,vanilla,powdery
unisex,4.23,lavender,vanilla,amber
unisex,4.23,amber,warm spicy,rose
unisex,4.23,warm spicy,cinnamon,amber
women,4.23,rose,woody,citrus
unisex,4.23,amber,floral,vanilla
women,4.23,warm spicy,woody,floral
unisex,4.23,aromatic,sweet,green
women,4.23,earthy,patchouli,citrus
men,4.23,warm spicy,vanilla,iris
women,4.23,woody,citrus,floral
unisex,4.23,marine,aromatic,salty
unisex,4.23,woody,aromatic,warm spicy
unisex,4.23,sweet,cherry,almond
unisex,4.23,green,woody,fresh
men,4.23,woody,powdery,warm spicy
unisex,4.23,warm spicy,citrus,woody
women,4.23,citrus,sweet,fresh
unisex,4.23,amber,warm spicy,balsamic
unisex,4.23,musky,floral,powdery
women,4.23,rose,floral,vanilla
unisex,4.23,citrus,aromatic,green
men,4.23,woody,aromatic,green
women,4.23,coffee,warm spicy,white floral
men,4.23,citrus,mossy,earthy
unisex,4.23,powdery,violet,iris
women,4.24,vanilla,powdery,musky
women,4.24,vanilla,powdery,white floral
men,4.24,citrus,fresh spicy,aromatic
men,4.24,fresh spicy,musky,woody
men,4.24,aromatic,woody,fresh spicy
women,4.24,powdery,musky,iris
women,4.24,sweet,fruity,fresh
women,4.24,amber,powdery,vanilla
women,4.24,fruity,amber,violet
women,4.24,fruity,rose,amber
women,4.24,yellow floral,warm spicy,cinnamon
unisex,4.24,sweet,vanilla,powdery
men,4.24,honey,sweet,anis
unisex,4.24,woody,warm spicy,vanilla
unisex,4.24,warm spicy,rose,fruity
men,4.24,aromatic,vanilla,soft spicy
men,4.24,aromatic,fresh spicy,citrus
women,4.24,vanilla,coconut,sweet
unisex,4.24,citrus,aromatic,white floral
women,4.24,white floral,citrus,floral
unisex,4.24,powdery,musky,iris
women,4.24,floral,powdery,vanilla
men,4.24,leather,animalic,citrus
men,4.24,woody,smoky,aromatic
unisex,4.24,marine,citrus,salty
men,4.24,citrus,woody,musky
men,4.24,aromatic,fresh spicy,woody
women,4.24,citrus,white floral,vanilla
men,4.24,aromatic,citrus,fresh spicy
women,4.24,vanilla,amber,white floral
unisex,4.24,amber,woody,powdery
women,4.24,rose,floral,citrus
unisex,4.24,powdery,woody,aromatic
men,4.24,aromatic,citrus,fresh spicy
men,4.24,citrus,aromatic,white floral
unisex,4.24,woody,vanilla,amber
men,4.24,amber,vanilla,warm spicy
unisex,4.24,citrus,aromatic,fresh
men,4.24,citrus,aromatic,fresh spicy
women,4.24,woody,amber,vanilla
men,4.24,fresh spicy,aromatic,citrus
women,4.24,aromatic,citrus,fresh spicy
women,4.24,sweet,white floral,yellow floral
men,4.24,warm spicy,woody,aromatic
women,4.24,vanilla,floral,ozonic
unisex,4.24,rose,floral,oud
women,4.24,green,amber,floral
men,4.24,citrus,woody,rose
unisex,4.24,amber,balsamic,sweet
unisex,4.24,woody,patchouli,rose
unisex,4.24,amber,woody,warm spicy
women,4.24,citrus,vanilla,powdery
women,4.24,citrus,vanilla,white floral
men,4.24,warm spicy,cinnamon,aromatic
men,4.24,aromatic,woody,fresh spicy
men,4.24,warm spicy,fruity,aromatic
men,4.24,warm spicy,cacao,woody
unisex,4.24,powdery,woody,floral
men,4.24,citrus,woody,fresh spicy
women,4.24,white floral,amber,soft spicy
women,4.24,white floral,fruity,citrus
women,4.24,floral,green,white floral
men,4.24,woody,aromatic,amber
women,4.24,fruity,rose,floral
unisex,4.24,woody,warm spicy,aromatic
unisex,4.24,warm spicy,citrus,vanilla
unisex,4.24,amber,vanilla,sweet
men,4.24,aromatic,woody,fresh spicy
women,4.24,vanilla,soft spicy,amber
unisex,4.24,woody,citrus,fruity
unisex,4.24,vanilla,sweet,caramel
unisex,4.24,fruity,sweet,powdery
unisex,4.24,cherry,sweet,almond
unisex,4.24,leather,animalic,amber
unisex,4.24,woody,vanilla,balsamic
men,4.24,woody,citrus,aromatic
men,4.24,amber,smoky,balsamic
women,4.24,almond,vanilla,sweet
women,4.24,floral,white floral,woody
men,4.24,aromatic,woody,citrus
women,4.24,vanilla,amber,white floral
unisex,4.24,musky,warm spicy,leather
unisex,4.24,aromatic,fresh spicy,woody
women,4.24,green,powdery,rose
unisex,4.24,citrus,green,white floral
unisex,4.24,rose,musky,fruity
unisex,4.24,powdery,lavender,musky
men,4.24,sweet,caramel,leather
women,4.24,lavender,powdery,aromatic
women,4.24,amber,vanilla,powdery
women,4.24,fruity,amber,tropical
men,4.24,woody,aromatic,warm spicy
men,4.24,sweet,honey,warm spicy
women,4.24,citrus,floral,soft spicy
men,4.24,lavender,honey,woody
men,4.24,vanilla,iris,powdery
men,4.24,warm spicy,fresh spicy,woody
men,4.24,powdery,iris,woody
women,4.24,white floral,green,powdery
unisex,4.24,powdery,woody,iris
men,4.24,warm spicy,fruity,citrus
unisex,4.24,white floral,oud,powdery
men,4.24,citrus,fruity,sweet
men,4.24,woody,citrus,earthy
unisex,4.24,woody,fruity,citrus
men,4.24,warm spicy,aromatic,woody
unisex,4.24,white floral,vanilla,almond
women,4.24,vanilla,fruity,sweet
unisex,4.24,tropical,sweet,fruity
unisex,4.24,musky,woody,white floral
unisex,4.24,fruity,powdery,vanilla
women,4.24,floral,white floral,sweet
unisex,4.24,oud,amber,warm spicy
unisex,4.24,woody,warm spicy,lavender
men,4.24,oud,warm spicy,fresh spicy
women,4.24,citrus,floral,white floral
women,4.24,floral,fruity,vanilla
unisex,4.24,floral,rose,musky
unisex,4.24,woody,amber,powdery
unisex,4.24,amber,woody,oud
men,4.24,woody,fresh spicy,powdery
women,4.24,woody,powdery,vanilla
women,4.24,fruity,aromatic,green
unisex,4.24,amber,sweet,vanilla
unisex,4.24,woody,warm spicy,oud
women,4.24,amber,warm spicy,citrus
men,4.24,amber,citrus,
women,4.24,vanilla,sweet,powdery
men,4.24,citrus,marine,aromatic
men,4.24,vanilla,rum,floral
women,4.24,floral,woody,yellow floral
women,4.24,tropical,coconut,fruity
men,4.24,woody,aromatic,fresh spicy
unisex,4.24,amber,vanilla,woody
women,4.24,woody,warm spicy,aromatic
unisex,4.24,aromatic,fresh spicy,woody
women,4.24,woody,earthy,green
unisex,4.24,musky,powdery,woody
men,4.24,warm spicy,fruity,sweet
men,4.24,woody,aromatic,fresh spicy
unisex,4.24,vanilla,warm spicy,sweet
men,4.24,aromatic,woody,citrus
unisex,4.24,leather,fruity,aromatic
men,4.24,aromatic,warm spicy,fresh spicy
unisex,4.24,warm spicy,sweet,tobacco
women,4.24,warm spicy,rose,amber
unisex,4.24,woody,musky,citrus
unisex,4.24,oud,musky,floral
unisex,4.24,woody,warm spicy,citrus
unisex,4.24,woody,white floral,amber
unisex,4.24,amber,vanilla,warm spicy
men,4.24,aquatic,warm spicy,fresh
unisex,4.24,cherry,powdery,vanilla
unisex,4.24,oud,musky,powdery
unisex,4.24,sweet,warm spicy,vanilla
unisex,4.24,powdery,yellow floral,floral
unisex,4.24,warm spicy,amber,oud
unisex,4.24,amber,powdery,fresh spicy
unisex,4.24,fruity,almond,vanilla
unisex,4.24,green,fruity,fresh
unisex,4.24,citrus,fresh spicy,aromatic
unisex,4.24,citrus,woody,earthy
men,4.24,citrus,fresh spicy,aromatic
unisex,4.24,aromatic,woody,green
women,4.24,sweet,citrus,vanilla
unisex,4.24,amber,vanilla,powdery
men,4.24,vanilla,woody,powdery
men,4.24,woody,aromatic,white floral
men,4.24,vanilla,green,aromatic
women,4.24,warm spicy,powdery,vanilla
unisex,4.24,lavender,fresh spicy,citrus
women,4.24,fruity,tropical,fresh
women,4.24,musky,rose,floral
men,4.24,aromatic,woody,citrus
men,4.24,amber,oud,woody
men,4.24,fresh spicy,aromatic,woody
men,4.24,woody,aromatic,citrus
unisex,4.24,woody,oud,leather
unisex,4.24,warm spicy,white floral,woody
women,4.24,aromatic,white floral,earthy
unisex,4.24,green,mossy,earthy
men,4.24,woody,aromatic,warm spicy
women,4.24,warm spicy,powdery,woody
women,4.24,woody,powdery,white floral
unisex,4.24,marine,woody,vanilla
unisex,4.24,leather,woody,warm spicy
men,4.24,vanilla,powdery,iris
women,4.24,fruity,floral,fresh
men,4.24,woody,aromatic,earthy
unisex,4.24,green,aromatic,woody
unisex,4.24,vanilla,woody,sweet
unisex,4.24,woody,fresh spicy,aromatic
men,4.24,vanilla,lavender,cinnamon
women,4.24,white floral,citrus,floral
unisex,4.24,fruity,woody,sweet
men,4.24,leather,woody,smoky
unisex,4.24,tobacco,vanilla,leather
women,4.24,powdery,woody,vanilla
men,4.24,amber,warm spicy,vanilla
unisex,4.24,leather,fruity,sweet
women,4.24,vanilla,powdery,warm spicy
unisex,4.24,citrus,musky,aromatic
unisex,4.24,woody,aromatic,warm spicy
unisex,4.24,white floral,fruity,animalic
women,4.24,vanilla,sweet,fruity
unisex,4.24,powdery,iris,leather
unisex,4.24,woody,amber,warm spicy
men,4.24,woody,aromatic,vanilla
men,4.24,woody,aromatic,citrus
unisex,4.24,fruity,sweet,cherry
men,4.24,woody,warm spicy,citrus
unisex,4.24,sweet,vanilla,powdery
unisex,4.24,nutty,sweet,woody
women,4.24,white floral,lavender,floral
unisex,4.24,leather,amber,warm spicy
unisex,4.24,citrus,aromatic,fresh spicy
women,4.24,citrus,fresh,fruity
unisex,4.24,almond,powdery,anis
men,4.24,warm spicy,iris,woody
men,4.24,aromatic,fresh spicy,rose
men,4.24,aromatic,herbal,fresh spicy
men,4.24,aromatic,woody,powdery
unisex,4.24,rose,powdery,leather
men,4.24,woody,warm spicy,citrus
unisex,4.24,sweet,fruity,woody
women,4.24,powdery,violet,almond
unisex,4.24,woody,fresh spicy,aromatic
women,4.24,floral,citrus,warm spicy
men,4.24,leather,warm spicy,tobacco
women,4.24,rose,aromatic,fresh spicy
men,4.24,aromatic,woody,earthy
men,4.24,woody,citrus,aromatic
unisex,4.24,rose,vanilla,powdery
men,4.24,aromatic,woody,fresh spicy
women,4.24,floral,cherry,white floral
unisex,4.24,tobacco,woody,sweet
men,4.24,amber,woody,fruity
men,4.25,musky,ozonic,powdery
women,4.25,floral,white floral,musky
women,4.25,musky,amber,animalic
men,4.25,amber,cacao,aromatic
women,4.25,green,fresh,white floral
unisex,4.25,amber,woody,balsamic
unisex,4.25,leather,violet,animalic
unisex,4.25,fruity,citrus,tropical
men,4.25,warm spicy,woody,fresh spicy
men,4.25,warm spicy,citrus,fresh spicy
men,4.25,aromatic,fresh spicy,tobacco
women,4.25,white floral,woody,warm spicy
men,4.25,aromatic,woody,leather
women,4.25,leather,woody,aromatic
men,4.25,citrus,leather,amber
unisex,4.25,woody,rose,citrus
men,4.25,warm spicy,amber,tobacco
women,4.25,fruity,floral,woody
women,4.25,woody,floral,white floral
women,4.25,aromatic,earthy,fresh spicy
unisex,4.25,musky,powdery,fresh
men,4.25,citrus,aromatic,woody
men,4.25,woody,powdery,warm spicy
unisex,4.25,aromatic,woody,marine
men,4.25,citrus,aromatic,woody
unisex,4.25,amber,fresh spicy,woody
men,4.25,fresh spicy,citrus,aromatic
women,4.25,citrus,white floral,sweet
unisex,4.25,citrus,warm spicy,powdery
unisex,4.25,woody,amber,warm spicy
unisex,4.25,woody,leather,amber
women,4.25,aromatic,vanilla,sweet
women,4.25,fruity,vanilla,sweet
women,4.25,white floral,green,fresh
unisex,4.25,woody,aromatic,fruity
women,4.25,white floral,citrus,sweet
men,4.25,vanilla,aromatic,green
men,4.25,aromatic,vanilla,green
unisex,4.25,citrus,woody,aromatic
women,4.25,powdery,almond,vanilla
unisex,4.25,woody,vanilla,sweet
unisex,4.25,fruity,woody,musky
men,4.25,citrus,fresh spicy,woody
women,4.25,amber,soft spicy,vanilla
men,4.25,fresh spicy,amber,aromatic
unisex,4.25,fruity,leather,powdery
unisex,4.25,vanilla,sweet,tobacco
men,4.25,fruity,sweet,woody
women,4.25,sweet,vanilla,warm spicy
women,4.25,fruity,citrus,white floral
women,4.25,yellow floral,floral,white floral
men,4.25,woody,aromatic,white floral
men,4.25,fresh spicy,warm spicy,oud
men,4.25,amber,woody,fresh spicy
men,4.25,citrus,white floral,fresh spicy
women,4.25,citrus,floral,fruity
women,4.25,sweet,citrus,fruity
women,4.25,amber,citrus,warm spicy
women,4.25,powdery,aromatic,woody
women,4.25,vanilla,warm spicy,woody
women,4.25,green,white floral,powdery
women,4.25,white floral,powdery,musky
men,4.25,woody,amber,fresh spicy
unisex,4.25,fruity,sweet,tropical
women,4.25,green,floral,fresh
men,4.25,warm spicy,aromatic,amber
men,4.25,aromatic,marine,woody
men,4.25,aromatic,woody,warm spicy
men,4.25,sweet,fruity,woody
women,4.25,marine,aromatic,citrus
women,4.25,warm spicy,white floral,powdery
unisex,4.25,woody,musky,powdery
unisex,4.25,fruity,tropical,sweet
unisex,4.25,vanilla,woody,citrus
men,4.25,woody,fresh spicy,coffee
women,4.25,marine,fruity,woody
women,4.25,sweet,vanilla,fruity
men,4.25,warm spicy,aromatic,woody
women,4.25,fruity,sweet,caramel
men,4.25,fresh spicy,citrus,aromatic
men,4.25,citrus,powdery,aromatic
men,4.25,fresh spicy,fruity,sweet
women,4.25,sweet,vanilla,caramel
men,4.25,citrus,woody,aromatic
men,4.25,coconut,musky,sweet
men,4.25,oud,warm spicy,citrus
women,4.25,woody,leather,citrus
women,4.25,vanilla,powdery,violet
men,4.25,iris,aromatic,woody
men,4.25,citrus,fresh spicy,aromatic
unisex,4.25,green,woody,aromatic
men,4.25,sweet,fruity,fresh
unisex,4.25,green,aromatic,citrus
men,4.25,fresh spicy,aromatic,woody
women,4.25,amber,woody,warm spicy
unisex,4.25,amber,sweet,balsamic
men,4.25,aromatic,woody,citrus
women,4.25,amber,aromatic,vanilla
unisex,4.25,vanilla,sweet,fruity
unisex,4.25,woody,citrus,green
men,4.25,citrus,aromatic,fresh spicy
men,4.25,warm spicy,woody,leather
men,4.25,citrus,aromatic,white floral
men,4.25,woody,citrus,aromatic
unisex,4.25,leather,amber,woody
unisex,4.25,tobacco,oud,vanilla
women,4.25,citrus,rose,vanilla
men,4.25,woody,aromatic,fresh spicy
men,4.25,aromatic,fresh spicy,woody
unisex,4.25,citrus,aromatic,amber
women,4.25,vanilla,white floral,sweet
unisex,4.25,woody,warm spicy,powdery
women,4.25,floral,woody,sweet
unisex,4.25,warm spicy,woody,coffee
unisex,4.25,woody,citrus,fruity
men,4.25,fruity,floral,white floral
unisex,4.25,amber,warm spicy,powdery
unisex,4.25,fruity,woody,floral
unisex,4.25,rose,citrus,woody
men,4.25,warm spicy,aromatic,fresh spicy
women,4.25,aromatic,lavender,musky
women,4.25,citrus,warm spicy,aromatic
unisex,4.25,warm spicy,oud,amber
unisex,4.25,aromatic,fresh spicy,lavender
unisex,4.25,citrus,aquatic,aromatic
men,4.25,aromatic,amber,lavender
unisex,4.25,warm spicy,aromatic,amber
unisex,4.25,vanilla,sweet,floral
men,4.25,woody,leather,amber
women,4.25,vanilla,amber,sweet
women,4.25,powdery,vanilla,white floral
women,4.25,green,floral,citrus
unisex,4.25,warm spicy,rose,woody
unisex,4.25,sweet,fruity,powdery
men,4.25,woody,aromatic,fresh spicy
unisex,4.25,woody,amber,violet
unisex,4.25,vanilla,aromatic,caramel
unisex,4.25,citrus,woody,rose
unisex,4.25,amber,woody,warm spicy
unisex,4.25,fruity,sweet,leather
unisex,4.25,vanilla,sweet,woody
women,4.25,citrus,floral,sweet
men,4.25,aromatic,woody,fresh spicy
unisex,4.25,animalic,citrus,musky
unisex,4.25,rose,woody,amber
unisex,4.25,warm spicy,amber,iris
women,4.25,white floral,fruity,citrus
women,4.25,woody,powdery,amber
unisex,4.25,aromatic,green,fresh spicy
men,4.25,woody,aromatic,powdery
men,4.25,amber,leather,almond
unisex,4.25,warm spicy,amber,woody
unisex,4.25,floral,rose,fresh
unisex,4.25,musky,tobacco,powdery
unisex,4.25,citrus,fruity,sweet
women,4.25,citrus,white floral,sweet
unisex,4.25,powdery,warm spicy,almond
unisex,4.25,fruity,floral,green
unisex,4.25,woody,warm spicy,citrus
unisex,4.25,amber,smoky,vodka
unisex,4.25,amber,leather,powdery
unisex,4.25,woody,powdery,vanilla
unisex,4.25,rose,fresh spicy,oud
women,4.25,white floral,sweet,woody
men,4.25,sweet,vanilla,fruity
women,4.25,amber,woody,citrus
unisex,4.25,aromatic,woody,fresh spicy
women,4.25,sweet,vanilla,amber
unisex,4.25,woody,aromatic,fresh spicy
women,4.25,amber,powdery,woody
men,4.25,woody,powdery,iris
women,4.25,sweet,vanilla,fruity
women,4.25,amber,yellow floral,warm spicy
men,4.25,aromatic,citrus,fresh spicy
unisex,4.25,vanilla,woody,aromatic
men,4.25,aromatic,ozonic,warm spicy
unisex,4.25,amber,sweet,warm spicy
men,4.25,woody,citrus,aromatic
unisex,4.25,vanilla,sweet,powdery
unisex,4.25,citrus,vanilla,aromatic
unisex,4.25,warm spicy,sweet,coffee
men,4.25,amber,warm spicy,aromatic
women,4.25,powdery,violet,fruity
unisex,4.25,powdery,sweet,fruity
unisex,4.25,amber,woody,vanilla
women,4.25,floral,amber,white floral
unisex,4.25,woody,warm spicy,lactonic
unisex,4.25,citrus,warm spicy,floral
unisex,4.25,warm spicy,sweet,vanilla
women,4.25,warm spicy,cinnamon,cherry
women,4.25,white floral,fruity,sweet
unisex,4.25,vanilla,powdery,coconut
men,4.25,aromatic,vanilla,woody
unisex,4.26,amber,animalic,warm spicy
men,4.26,amber,vanilla,warm spicy
unisex,4.26,rose,amber,musky
women,4.26,white floral,cherry,fruity
women,4.26,floral,white floral,yellow floral
women,4.26,coconut,sweet,musky
women,4.26,amber,sweet,powdery
unisex,4.26,fruity,woody,aromatic
men,4.26,tobacco,cinnamon,sweet
women,4.26,amber,iris,powdery
men,4.26,leather,woody,warm spicy
women,4.26,white floral,citrus,sweet
unisex,4.26,warm spicy,oud,woody
men,4.26,warm spicy,woody,citrus
men,4.26,citrus,aromatic,vanilla
women,4.26,amber,warm spicy,sweet
women,4.26,citrus,woody,patchouli
women,4.26,warm spicy,citrus,amber
women,4.26,white floral,fresh,aldehydic
women,4.26,citrus,green,aromatic
unisex,4.26,oud,woody,white floral
women,4.26,sweet,fruity,floral
men,4.26,fresh spicy,leather,aromatic
unisex,4.26,aromatic,woody,fresh spicy
unisex,4.26,citrus,powdery,aromatic
women,4.26,floral,rose,fresh spicy
unisex,4.26,sweet,vanilla,amber
women,4.26,citrus,rose,patchouli
unisex,4.26,leather,powdery,sweet
men,4.26,aromatic,warm spicy,citrus
men,4.26,amber,rose,oud
women,4.26,powdery,white floral,woody
women,4.26,white floral,warm spicy,woody
men,4.26,woody,aromatic,green
women,4.26,floral,rose,woody
men,4.26,citrus,warm spicy,aromatic
unisex,4.26,warm spicy,amber,aromatic
unisex,4.26,amber,sweet,balsamic
women,4.26,sweet,fruity,warm spicy
women,4.26,fruity,sweet,warm spicy
women,4.26,yellow floral,powdery,floral
men,4.26,citrus,aromatic,woody
women,4.26,powdery,vanilla,woody
unisex,4.26,rose,oud,fruity
women,4.26,powdery,violet,vanilla
women,4.26,floral,cherry,rose
women,4.26,floral,white floral,yellow floral
women,4.26,powdery,woody,yellow floral
women,4.26,citrus,vanilla,amber
women,4.26,white floral,aromatic,citrus
men,4.26,warm spicy,lavender,woody
unisex,4.26,rose,vanilla,soft spicy
men,4.26,vanilla,leather,patchouli
unisex,4.26,woody,patchouli,warm spicy
women,4.26,white floral,fruity,citrus
men,4.26,aromatic,citrus,fresh spicy
women,4.26,vanilla,powdery,woody
unisex,4.26,woody,almond,amber
unisex,4.26,warm spicy,amber,oud
unisex,4.26,warm spicy,amber,sweet
unisex,4.26,sweet,vanilla,amber
men,4.26,citrus,warm spicy,vanilla
women,4.26,sweet,fruity,patchouli
unisex,4.26,citrus,fresh,fruity
women,4.26,fruity,sweet,soft spicy
women,4.26,citrus,sweet,fresh
unisex,4.26,citrus,fresh spicy,aromatic
women,4.26,white floral,floral,green
women,4.26,green,floral,woody
men,4.26,vanilla,fresh spicy,lactonic
men,4.26,woody,warm spicy,amber
women,4.26,floral,fresh,white floral
unisex,4.26,fruity,fresh,green
men,4.26,warm spicy,woody,fresh spicy
men,4.26,woody,amber,fresh spicy
men,4.26,woody,almond,vanilla
unisex,4.26,amber,warm spicy,caramel
unisex,4.26,amber,animalic,powdery
men,4.26,aromatic,fresh spicy,warm spicy
women,4.26,sweet,woody,patchouli
men,4.26,leather,woody,warm spicy
unisex,4.26,amber,sweet,warm spicy
unisex,4.26,amber,woody,citrus
unisex,4.26,floral,woody,citrus
unisex,4.26,woody,citrus,aromatic
women,4.26,vanilla,caramel,sweet
women,4.26,floral,tropical,fruity
women,4.26,citrus,woody,floral
men,4.26,amber,leather,vanilla
unisex,4.26,citrus,white floral,fresh spicy
women,4.26,amber,warm spicy,white floral
men,4.26,amber,warm spicy,tobacco
women,4.26,sweet,fruity,floral
women,4.26,vanilla,sweet,fruity
unisex,4.26,amber,woody,balsamic
unisex,4.26,rose,fresh spicy,woody
women,4.26,woody,white floral,floral
unisex,4.26,amber,warm spicy,musky
women,4.26,vanilla,white floral,lavender
women,4.26,warm spicy,fresh spicy,woody
men,4.26,aromatic,citrus,woody
women,4.26,woody,aldehydic,earthy
women,4.26,citrus,fruity,fresh
women,4.26,vanilla,powdery,sweet
unisex,4.26,warm spicy,green,aromatic
women,4.26,vanilla,sweet,powdery
men,4.26,fresh spicy,aromatic,citrus
unisex,4.26,citrus,aromatic,fresh spicy
women,4.26,fruity,sweet,floral
women,4.26,green,white floral,floral
women,4.26,aromatic,aldehydic,white floral
men,4.26,ozonic,aquatic,floral
unisex,4.26,citrus,aromatic,fresh spicy
women,4.26,rose,oud,sweet
women,4.26,white floral,tuberose,yellow floral
women,4.26,amber,rose,floral
men,4.26,woody,warm spicy,aromatic
women,4.26,citrus,fresh,aromatic
unisex,4.26,fruity,sweet,woody
women,4.26,woody,warm spicy,aromatic
unisex,4.26,citrus,white floral,aromatic
men,4.26,warm spicy,white floral,sweet
unisex,4.26,fruity,sweet,oud
unisex,4.26,woody,warm spicy,rose
women,4.26,amber,white floral,citrus
unisex,4.26,warm spicy,tuberose,lactonic
women,4.26,rose,warm spicy,vanilla
unisex,4.26,citrus,white floral,aromatic
men,4.26,warm spicy,coffee,sweet
women,4.26,fruity,vanilla,floral
unisex,4.26,warm spicy,vanilla,cinnamon
men,4.26,warm spicy,vanilla,amber
women,4.26,white floral,tuberose,green
unisex,4.26,woody,aquatic,citrus
unisex,4.26,aromatic,green,fruity
women,4.26,fruity,powdery,sweet
unisex,4.26,white floral,musky,citrus
unisex,4.26,fruity,sweet,vanilla
unisex,4.26,powdery,violet,leather
women,4.26,vanilla,powdery,lavender
unisex,4.26,amber,aromatic,balsamic
women,4.26,white floral,powdery,tuberose
unisex,4.26,rose,warm spicy,oud
unisex,4.26,amber,woody,fresh spicy
unisex,4.26,woody,oud,floral
unisex,4.26,woody,powdery,violet
women,4.26,rose,floral,musky
unisex,4.26,powdery,woody,iris
women,4.26,sweet,woody,vanilla
women,4.26,floral,rose,fresh
women,4.26,powdery,iris,musky
unisex,4.26,woody,oud,warm spicy
unisex,4.26,oud,fresh spicy,warm spicy
women,4.26,fresh spicy,aromatic,green
unisex,4.26,woody,powdery,musky
unisex,4.26,aromatic,citrus,vanilla
unisex,4.26,warm spicy,leather,oud
unisex,4.26,woody,aromatic,fresh spicy
unisex,4.26,woody,amber,warm spicy
unisex,4.26,warm spicy,sweet,cacao
unisex,4.26,aromatic,woody,fresh spicy
unisex,4.26,white floral,floral,rose
unisex,4.26,yellow floral,white floral,powdery
unisex,4.26,powdery,vanilla,coconut
unisex,4.26,amber,warm spicy,fresh spicy
men,4.26,aromatic,fresh spicy,woody
men,4.26,vanilla,citrus,sweet
men,4.26,woody,ozonic,fresh spicy
women,4.26,honey,sweet,white floral
women,4.26,fruity,cacao,floral
men,4.26,warm spicy,citrus,musky
men,4.26,aromatic,fresh spicy,green
unisex,4.26,tobacco,warm spicy,cinnamon
women,4.26,sweet,fruity,citrus
women,4.26,fruity,vanilla,sweet
women,4.26,floral,powdery,white floral
women,4.26,caramel,vanilla,oud
unisex,4.26,warm spicy,woody,aromatic
women,4.26,powdery,woody,rose
women,4.26,floral,violet,green
women,4.26,white floral,citrus,fruity
unisex,4.26,sweet,vanilla,lactonic
unisex,4.26,woody,oud,aromatic
men,4.26,woody,patchouli,warm spicy
women,4.26,sweet,white floral,citrus
men,4.26,woody,aromatic,rose
unisex,4.26,warm spicy,fresh spicy,woody
men,4.26,aromatic,fresh spicy,woody
unisex,4.26,oud,amber,rose
men,4.26,woody,aromatic,powdery
women,4.26,white floral,citrus,floral
men,4.26,warm spicy,sweet,vanilla
women,4.26,warm spicy,floral,powdery
women,4.26,powdery,green,yellow floral
women,4.26,floral,rose,white floral
women,4.26,musky,rose,powdery
women,4.26,white floral,amber,powdery
unisex,4.26,white floral,citrus,woody
unisex,4.26,powdery,woody,sweet
unisex,4.26,leather,fruity,amber
unisex,4.26,woody,whiskey,nutty
men,4.26,aromatic,woody,fresh spicy
unisex,4.26,sweet,fruity,rose
men,4.26,lavender,leather,woody
men,4.26,green,musky,woody
unisex,4.26,rose,oud,woody
men,4.27,smoky,leather,amber
unisex,4.27,warm spicy,sweet,vanilla
women,4.27,floral,citrus,fruity
women,4.27,amber,woody,citrus
men,4.27,tobacco,vanilla,sweet
men,4.27,warm spicy,cinnamon,fruity
women,4.27,fruity,vanilla,sweet
women,4.27,white floral,fruity,fresh
women,4.27,sweet,nutty,lactonic
women,4.27,coconut,vanilla,sweet
unisex,4.27,caramel,warm spicy,coffee
unisex,4.27,fruity,rose,oud
women,4.27,sweet,woody,fruity
women,4.27,almond,citrus,white floral
women,4.27,floral,rose,fresh spicy
men,4.27,warm spicy,aromatic,fresh spicy
men,4.27,woody,herbal,ozonic
men,4.27,citrus,warm spicy,aromatic
women,4.27,fruity,white floral,sweet
women,4.27,woody,aldehydic,earthy
women,4.27,citrus,vanilla,patchouli
unisex,4.27,citrus,powdery,iris
women,4.27,woody,yellow floral,amber
men,4.27,aromatic,citrus,woody
unisex,4.27,woody,earthy,amber
women,4.27,citrus,woody,mossy
women,4.27,warm spicy,woody,earthy
women,4.27,woody,earthy,patchouli
women,4.27,fruity,rose,floral
women,4.27,rose,floral,herbal
unisex,4.27,green,woody,sweet
men,4.27,warm spicy,woody,amber
women,4.27,fruity,sweet,tropical
women,4.27,warm spicy,floral,powdery
women,4.27,green,floral,herbal
women,4.27,amber,yellow floral,vanilla
women,4.27,white floral,citrus,vanilla
unisex,4.27,vanilla,powdery,woody
women,4.27,citrus,green,woody
women,4.27,fruity,sweet,citrus
men,4.27,smoky,aromatic,woody
women,4.27,vanilla,white floral,amber
men,4.27,citrus,aromatic,woody
women,4.27,woody,white floral,patchouli
unisex,4.27,citrus,aromatic,fresh spicy
men,4.27,aromatic,woody,fresh spicy
women,4.27,amber,woody,warm spicy
unisex,4.27,woody,aromatic,lavender
men,4.27,citrus,aromatic,green
women,4.27,vanilla,amber,powdery
men,4.27,marine,leather,patchouli
unisex,4.27,citrus,fresh spicy,white floral
unisex,4.27,powdery,rose,vanilla
unisex,4.27,warm spicy,fresh spicy,powdery
unisex,4.27,woody,aromatic,citrus
men,4.27,citrus,warm spicy,musky
men,4.27,aromatic,fresh spicy,citrus
men,4.27,citrus,fresh,fresh spicy
unisex,4.27,citrus,white floral,fresh spicy
men,4.27,warm spicy,oud,chocolate
men,4.27,citrus,warm spicy,aromatic
men,4.27,citrus,sweet,fresh
women,4.27,sweet,lactonic,powdery
women,4.27,woody,fruity,patchouli
women,4.27,vanilla,citrus,aromatic
unisex,4.27,citrus,warm spicy,woody
unisex,4.27,citrus,green,fresh spicy
women,4.27,white floral,soft spicy,ozonic
men,4.27,woody,aromatic,amber
unisex,4.27,cherry,amber,warm spicy
men,4.27,warm spicy,woody,amber
men,4.27,warm spicy,aromatic,woody
men,4.27,aromatic,leather,green
women,4.27,vanilla,cacao,warm spicy
women,4.27,white floral,woody,sweet
men,4.27,woody,aromatic,citrus
women,4.27,white floral,citrus,sweet
women,4.27,woody,warm spicy,amber
unisex,4.27,leather,fruity,animalic
men,4.27,woody,nutty,warm spicy
women,4.27,citrus,rose,amber
unisex,4.27,leather,warm spicy,woody
women,4.27,vanilla,sweet,citrus
men,4.27,citrus,woody,aromatic
women,4.27,aquatic,floral,metallic
women,4.27,sweet,coconut,vanilla
men,4.27,woody,aromatic,fresh spicy
men,4.27,warm spicy,leather,citrus
women,4.27,warm spicy,floral,sweet
women,4.27,violet,powdery,floral
women,4.27,warm spicy,fruity,amber
men,4.27,fresh spicy,aromatic,citrus
unisex,4.27,sweet,warm spicy,woody
men,4.27,fresh spicy,oud,vanilla
women,4.27,white floral,amber,fruity
men,4.27,woody,aromatic,fruity
unisex,4.27,citrus,fruity,sweet
unisex,4.27,woody,almond,amber
unisex,4.27,woody,white floral,leather
unisex,4.27,amber,warm spicy,rose
unisex,4.27,woody,aromatic,warm spicy
men,4.27,woody,amber,warm spicy
unisex,4.27,powdery,woody,iris
unisex,4.27,woody,amber,rose
unisex,4.27,rose,warm spicy,amber
men,4.27,warm spicy,amber,cinnamon
unisex,4.27,vanilla,powdery,woody
women,4.27,woody,leather,amber
unisex,4.27,citrus,aromatic,woody
men,4.27,warm spicy,woody,cinnamon
women,4.27,woody,aromatic,earthy
unisex,4.27,warm spicy,oud,amber
unisex,4.27,woody,aromatic,citrus
women,4.27,woody,amber,vanilla
women,4.27,nutty,almond,woody
men,4.27,citrus,green,fruity
men,4.27,citrus,aromatic,marine
unisex,4.27,aromatic,woody,fresh spicy
women,4.27,fruity,sweet,almond
women,4.27,iris,powdery,almond
men,4.27,citrus,woody,vanilla
men,4.27,warm spicy,oud,woody
unisex,4.27,aquatic,citrus,marine
women,4.27,woody,cherry,musky
women,4.27,white floral,floral,sweet
unisex,4.27,leather,woody,fruity
men,4.27,citrus,fruity,sweet
men,4.27,aromatic,green,fresh spicy
men,4.27,aromatic,citrus,cannabis
men,4.27,citrus,aromatic,fresh spicy
women,4.27,floral,green,rose
women,4.27,white floral,floral,citrus
unisex,4.27,amber,warm spicy,woody
men,4.27,woody,aromatic,warm spicy
women,4.27,vanilla,floral,woody
women,4.27,white floral,amber,
unisex,4.27,woody,amber,warm spicy
unisex,4.27,woody,warm spicy,musky
women,4.27,white floral,citrus,vanilla
women,4.27,sweet,vanilla,powdery
unisex,4.27,white floral,musky,woody
unisex,4.27,woody,earthy,mossy
unisex,4.27,woody,tobacco,warm spicy
unisex,4.27,earthy,woody,musky
women,4.27,floral,citrus,mossy
unisex,4.27,warm spicy,amber,aromatic
men,4.27,warm spicy,sweet,cinnamon
women,4.27,vanilla,white floral,citrus
men,4.27,warm spicy,amber,citrus
unisex,4.27,vanilla,fruity,tropical
women,4.27,sweet,citrus,white floral
men,4.27,fruity,vanilla,white floral
women,4.27,woody,warm spicy,rose
women,4.27,white floral,citrus,woody
women,4.27,woody,amber,powdery
unisex,4.27,woody,powdery,warm spicy
women,4.27,fruity,vanilla,lactonic
unisex,4.27,floral,white floral,musky
unisex,4.27,green,floral,white floral
women,4.27,white floral,woody,citrus
men,4.27,warm spicy,oud,fresh spicy
unisex,4.27,citrus,amber,warm spicy
unisex,4.27,amber,woody,warm spicy
unisex,4.27,white floral,honey,sweet
women,4.27,warm spicy,vanilla,iris
women,4.27,warm spicy,fresh spicy,amber
women,4.27,floral,fruity,tropical
women,4.27,white floral,woody,fruity
unisex,4.28,sweet,fruity,ozonic
women,4.28,powdery,vanilla,citrus
men,4.28,fruity,sweet,soft spicy
men,4.28,citrus,fresh spicy,aromatic
men,4.28,woody,aromatic,fresh spicy
women,4.28,white floral,sweet,amber
women,4.28,citrus,rose,floral
men,4.28,fresh spicy,rose,warm spicy
women,4.28,leather,smoky,white floral
men,4.28,aromatic,citrus,fresh spicy
men,4.28,warm spicy,amber,woody
women,4.28,vanilla,white floral,citrus
unisex,4.28,fruity,white floral,floral
women,4.28,woody,white floral,sweet
unisex,4.28,woody,warm spicy,powdery
women,4.28,white floral,green,floral
women,4.28,woody,earthy,mossy
women,4.28,citrus,white floral,coconut
women,4.28,mossy,earthy,white floral
unisex,4.28,vanilla,sweet,caramel
unisex,4.28,citrus,white floral,green
men,4.28,vanilla,balsamic,nutty
men,4.28,warm spicy,amber,woody
women,4.28,white floral,citrus,vanilla
women,4.28,floral,rose,anis
men,4.28,citrus,leather,animalic
unisex,4.28,citrus,white floral,green
women,4.28,powdery,fruity,vanilla
women,4.28,powdery,violet,iris
women,4.28,green,aromatic,iris
men,4.28,citrus,woody,fresh spicy
men,4.28,woody,leather,iris
men,4.28,fruity,aromatic,citrus
men,4.28,woody,aromatic,fresh spicy
men,4.28,vanilla,powdery,white floral
women,4.28,green,woody,musky
men,4.28,woody,aromatic,fresh spicy
unisex,4.28,woody,amber,warm spicy
women,4.28,leather,woody,smoky
women,4.28,earthy,aromatic,green
unisex,4.28,amber,sweet,balsamic
men,4.28,amber,vanilla,fresh spicy
men,4.28,aromatic,woody,fresh spicy
unisex,4.28,leather,vanilla,powdery
women,4.28,powdery,floral,violet
women,4.28,white floral,woody,citrus
unisex,4.28,warm spicy,vanilla,woody
men,4.28,warm spicy,amber,vanilla
unisex,4.28,amber,warm spicy,powdery
women,4.28,white floral,floral,vanilla
women,4.28,citrus,amber,green
men,4.28,woody,fresh spicy,warm spicy
unisex,4.28,woody,aromatic,fresh spicy
unisex,4.28,amber,warm spicy,vanilla
men,4.28,aromatic,lavender,citrus
women,4.28,woody,amber,balsamic
men,4.28,leather,warm spicy,honey
women,4.28,fruity,sweet,musky
women,4.28,fruity,powdery,sweet
men,4.28,citrus,aromatic,lavender
men,4.28,woody,citrus,fresh spicy
unisex,4.28,woody,aromatic,fresh spicy
men,4.28,aromatic,fresh spicy,warm spicy
women,4.28,woody,warm spicy,white floral
unisex,4.28,woody,warm spicy,animalic
men,4.28,aromatic,fresh spicy,lavender
men,4.28,amber,citrus,woody
women,4.28,green,floral,white floral
men,4.28,warm spicy,sweet,fruity
men,4.28,aromatic,amber,green
men,4.28,citrus,woody,aromatic
women,4.28,floral,fresh,sweet
women,4.28,floral,sand,fresh
unisex,4.28,woody,oud,rose
men,4.28,aromatic,fresh spicy,green
men,4.28,woody,citrus,aromatic
unisex,4.28,white floral,fruity,sweet
women,4.28,floral,white floral,rose
women,4.28,floral,earthy,fruity
women,4.28,powdery,iris,sweet
unisex,4.28,leather,citrus,animalic
women,4.28,vanilla,sweet,powdery
women,4.28,woody,amber,powdery
women,4.28,citrus,floral,aromatic
women,4.28,woody,amber,earthy
women,4.28,amber,woody,vanilla
men,4.28,woody,aromatic,fresh spicy
unisex,4.28,woody,oud,rose
men,4.28,leather,warm spicy,woody
women,4.28,vanilla,woody,powdery
women,4.28,green,fresh spicy,woody
women,4.28,woody,amber,aromatic
women,4.28,vanilla,sweet,fruity
men,4.28,woody,citrus,aromatic
men,4.28,citrus,aromatic,woody
unisex,4.28,aromatic,fruity,sweet
men,4.28,fruity,sweet,woody
men,4.28,woody,rose,vanilla
women,4.28,caramel,sweet,musky
unisex,4.28,powdery,woody,floral
unisex,4.28,woody,aromatic,citrus
women,4.28,woody,musky,powdery
women,4.28,woody,white floral,fruity
unisex,4.28,woody,sweet,warm spicy
women,4.28,tuberose,white floral,powdery
men,4.28,fresh spicy,aromatic,woody
unisex,4.28,amber,aromatic,fresh spicy
women,4.28,white floral,amber,warm spicy
unisex,4.28,patchouli,vanilla,warm spicy
men,4.28,fruity,tropical,woody
unisex,4.28,amber,balsamic,warm spicy
men,4.28,mossy,lavender,amber
men,4.28,warm spicy,aromatic,citrus
men,4.28,woody,warm spicy,green
men,4.28,aromatic,vanilla,fresh spicy
unisex,4.28,citrus,aromatic,woody
men,4.28,woody,aromatic,fresh spicy
women,4.28,fruity,rose,sweet
women,4.28,white floral,citrus,fresh
women,4.28,vanilla,citrus,cinnamon
unisex,4.28,yellow floral,aromatic,sweet
men,4.28,woody,warm spicy,aromatic
men,4.28,woody,amber,aromatic
women,4.28,powdery,woody,vanilla
women,4.28,fruity,rose,oud
men,4.28,warm spicy,aromatic,amber
unisex,4.28,amber,woody,citrus
men,4.28,amber,warm spicy,smoky
women,4.28,vanilla,salty,powdery
men,4.28,fruity,woody,sweet
unisex,4.28,mossy,citrus,woody
men,4.28,fruity,leather,woody
unisex,4.28,white floral,woody,tuberose
men,4.28,citrus,aromatic,iris
men,4.28,amber,woody,warm spicy
unisex,4.28,leather,amber,woody
men,4.28,aromatic,fresh spicy,woody
men,4.28,amber,tobacco,fresh spicy
unisex,4.28,amber,warm spicy,aromatic
unisex,4.28,amber,woody,aromatic
men,4.28,tobacco,citrus,woody
men,4.28,warm spicy,sweet,vanilla
women,4.28,sweet,vanilla,aquatic
women,4.28,citrus,powdery,fruity
men,4.28,woody,aromatic,fresh spicy
unisex,4.28,vanilla,powdery,amber
unisex,4.28,marine,aromatic,aquatic
unisex,4.28,citrus,aromatic,fresh spicy
unisex,4.28,citrus,woody,musky
unisex,4.28,fruity,warm spicy,cinnamon
unisex,4.28,musky,leather,animalic
unisex,4.28,aromatic,citrus,woody
unisex,4.28,citrus,fresh spicy,aromatic
unisex,4.28,citrus,musky,amber
women,4.28,floral,musky,powdery
men,4.28,woody,aromatic,citrus
unisex,4.28,woody,patchouli,warm spicy
unisex,4.28,woody,aromatic,amber
men,4.28,aromatic,woody,fresh spicy
men,4.28,warm spicy,aromatic,coffee
women,4.28,sweet,honey,white floral
men,4.28,green,aromatic,citrus
women,4.28,floral,warm spicy,woody
women,4.28,citrus,aromatic,white floral
women,4.28,powdery,warm spicy,woody
women,4.28,green,floral,vanilla
men,4.28,woody,nutty,aromatic
women,4.28,warm spicy,powdery,woody
women,4.28,sweet,amber,warm spicy
unisex,4.28,oud,musky,floral
unisex,4.28,aromatic,woody,leather
men,4.28,woody,aromatic,fresh spicy
unisex,4.29,fruity,woody,green
women,4.29,woody,fruity,leather
women,4.29,white floral,tuberose,woody
men,4.29,amber,tobacco,warm spicy
women,4.29,sweet,fruity,vanilla
men,4.29,warm spicy,cinnamon,amber
women,4.29,fruity,floral,mossy
men,4.29,citrus,woody,aromatic
men,4.29,citrus,green,fresh spicy
unisex,4.29,rose,warm spicy,floral
men,4.29,woody,amber,powdery
men,4.29,citrus,woody,aromatic
men,4.29,warm spicy,leather,aromatic
unisex,4.29,woody,aromatic,fresh spicy
women,4.29,floral,powdery,white floral
men,4.29,aromatic,vanilla,fresh spicy
women,4.29,aquatic,woody,marine
men,4.29,green,fresh,floral
unisex,4.29,rose,floral,fruity
unisex,4.29,white floral,tuberose,powdery
men,4.29,amber,warm spicy,balsamic
women,4.29,citrus,lactonic,amber
women,4.29,white floral,citrus,woody
unisex,4.29,fruity,sweet,oud
unisex,4.29,warm spicy,vanilla,sweet
women,4.29,fruity,floral,citrus
women,4.29,woody,amber,earthy
men,4.29,aromatic,fresh spicy,woody
men,4.29,warm spicy,vanilla,amber
men,4.29,aromatic,woody,fresh spicy
men,4.29,citrus,woody,warm spicy
women,4.29,powdery,violet,fruity
women,4.29,powdery,floral,vanilla
men,4.29,warm spicy,smoky,vanilla
women,4.29,aldehydic,fresh,iris
unisex,4.29,white floral,sweet,powdery
women,4.29,citrus,vanilla,powdery
women,4.29,citrus,vanilla,iris
men,4.29,woody,aromatic,warm spicy
women,4.29,woody,aromatic,citrus
women,4.29,woody,aromatic,fresh spicy
men,4.29,aromatic,fresh spicy,citrus
unisex,4.29,warm spicy,fresh spicy,oud
women,4.29,woody,lactonic,sweet
men,4.29,caramel,aromatic,sweet
women,4.29,vanilla,warm spicy,rose
unisex,4.29,marine,salty,aromatic
women,4.29,white floral,citrus,tuberose
women,4.29,tuberose,woody,white floral
women,4.29,white floral,amber,woody
women,4.29,fruity,sweet,fresh
men,4.29,fresh spicy,citrus,aromatic
men,4.29,fresh spicy,rose,amber
women,4.29,white floral,floral,powdery
women,4.29,vanilla,fruity,sweet
women,4.29,citrus,fruity,cherry
women,4.29,fruity,sweet,lactonic
men,4.29,sweet,vanilla,woody
women,4.29,white floral,citrus,
unisex,4.29,citrus,green,fresh spicy
women,4.29,citrus,white floral,fresh spicy
unisex,4.29,citrus,aromatic,fresh spicy
men,4.29,amber,aromatic,woody
unisex,4.29,rose,fresh spicy,oud
unisex,4.29,amber,powdery,musky
unisex,4.29,amber,woody,powdery
unisex,4.29,powdery,warm spicy,citrus
women,4.29,amber,aromatic,musky
men,4.29,leather,fresh spicy,warm spicy
women,4.29,fruity,sweet,fresh
women,4.29,vanilla,caramel,almond
unisex,4.29,oud,woody,leather
men,4.29,aromatic,woody,green
men,4.29,leather,warm spicy,woody
men,4.29,woody,aromatic,earthy
women,4.29,sweet,vanilla,amber
men,4.29,aromatic,fresh spicy,lavender
men,4.29,warm spicy,aromatic,woody
unisex,4.29,vanilla,sweet,woody
men,4.29,citrus,aromatic,fresh spicy
women,4.29,sweet,caramel,tropical
women,4.29,fruity,musky,floral
men,4.29,citrus,woody,aromatic
women,4.29,floral,patchouli,white floral
unisex,4.29,fruity,rose,woody
unisex,4.29,warm spicy,woody,cacao
women,4.29,white floral,citrus,lavender
men,4.29,citrus,oud,fresh spicy
men,4.29,iris,leather,vanilla
women,4.29,vanilla,sweet,floral
men,4.29,rose,leather,warm spicy
women,4.29,white floral,iris,powdery
women,4.29,woody,citrus,fresh spicy
women,4.29,aromatic,amber,woody
unisex,4.29,fresh spicy,aromatic,warm spicy
women,4.29,rose,floral,citrus
women,4.29,vanilla,woody,powdery
unisex,4.29,woody,musky,amber
men,4.29,aromatic,fresh spicy,woody
men,4.29,aromatic,iris,powdery
unisex,4.29,patchouli,powdery,green
unisex,4.29,sweet,woody,amber
unisex,4.29,amber,woody,aromatic
women,4.29,woody,citrus,aromatic
men,4.29,amber,earthy,musky
unisex,4.29,powdery,musky,rose
women,4.29,citrus,powdery,musky
unisex,4.29,citrus,sweet,caramel
unisex,4.29,tobacco,amber,warm spicy
unisex,4.29,woody,citrus,aromatic
women,4.29,floral,fresh,citrus
unisex,4.29,citrus,white floral,woody
unisex,4.29,woody,amber,leather
unisex,4.29,amber,powdery,musky
unisex,4.29,almond,fruity,sweet
women,4.29,ozonic,aquatic,green
men,4.29,woody,aromatic,fresh spicy
women,4.29,fruity,sweet,caramel
men,4.29,amber,tobacco,woody
women,4.29,fresh spicy,citrus,aromatic
unisex,4.29,tobacco,warm spicy,vanilla
men,4.29,aromatic,fruity,woody
men,4.29,woody,powdery,citrus
men,4.29,warm spicy,woody,oud
men,4.29,fresh spicy,citrus,green
unisex,4.29,woody,amber,warm spicy
unisex,4.29,sweet,warm spicy,vanilla
women,4.29,woody,white floral,yellow floral
men,4.29,citrus,warm spicy,amber
unisex,4.29,sweet,tobacco,amber
women,4.29,white floral,yellow floral,sweet
women,4.29,amber,woody,warm spicy
unisex,4.29,warm spicy,aromatic,fresh spicy
women,4.29,amber,vanilla,rose
unisex,4.29,fruity,sweet,woody
unisex,4.29,citrus,powdery,woody
unisex,4.29,woody,amber,balsamic
unisex,4.29,vanilla,coconut,sweet
unisex,4.29,woody,warm spicy,balsamic
women,4.29,amber,warm spicy,woody
unisex,4.29,amber,tobacco,aromatic
unisex,4.29,warm spicy,woody,sweet
men,4.29,citrus,woody,aromatic
men,4.29,woody,fresh spicy,aromatic
unisex,4.29,woody,oud,amber
women,4.29,sweet,honey,citrus
men,4.29,vanilla,powdery,iris
men,4.29,fresh spicy,aromatic,lavender
unisex,4.29,citrus,aromatic,fresh spicy
unisex,4.29,fruity,sweet,coconut
women,4.29,vanilla,powdery,citrus
unisex,4.29,floral,lavender,vanilla
women,4.29,vanilla,powdery,iris
unisex,4.29,warm spicy,woody,aromatic
women,4.29,vanilla,rose,sweet
unisex,4.29,woody,aromatic,oud
unisex,4.29,powdery,white floral,musky
unisex,4.29,warm spicy,sweet,herbal
unisex,4.29,amber,warm spicy,chocolate
women,4.29,woody,warm spicy,rose
men,4.29,woody,warm spicy,cinnamon
unisex,4.29,sweet,warm spicy,cinnamon
women,4.29,floral,fresh,fruity
men,4.29,citrus,aquatic,aromatic
women,4.29,white floral,amber,sweet
women,4.29,fresh spicy,leather,warm spicy
unisex,4.29,powdery,woody,violet
unisex,4.29,amber,balsamic,woody
women,4.29,warm spicy,amber,rose
unisex,4.29,vanilla,sweet,powdery
unisex,4.29,amber,fruity,woody
men,4.29,vanilla,aromatic,green
women,4.29,fruity,sweet,woody
women,4.29,rose,warm spicy,fresh spicy
women,4.29,powdery,rose,iris
unisex,4.29,woody,green,fresh
men,4.3,citrus,woody,aromatic
women,4.3,white floral,citrus,woody
women,4.3,sweet,citrus,powdery
unisex,4.3,fresh,musky,fruity
unisex,4.3,aromatic,fresh spicy,citrus
unisex,4.3,aromatic,woody,powdery
men,4.3,leather,vanilla,sweet
women,4.3,woody,aromatic,green
women,4.3,woody,iris,yellow floral
unisex,4.3,woody,powdery,vanilla
women,4.3,white floral,vanilla,citrus
men,4.3,woody,citrus,powdery
men,4.3,vanilla,ozonic,soft spicy
women,4.3,rose,citrus,musky
women,4.3,vanilla,white floral,rose
unisex,4.3,white floral,musky,fresh
unisex,4.3,green,woody,fresh
unisex,4.3,amber,woody,warm spicy
men,4.3,aromatic,woody,fresh spicy
men,4.3,aromatic,green,fresh spicy
women,4.3,green,aromatic,woody
women,4.3,woody,rose,yellow floral
unisex,4.3,woody,amber,warm spicy
women,4.3,green,earthy,floral
unisex,4.3,amber,warm spicy,woody
women,4.3,powdery,violet,iris
men,4.3,woody,aromatic,green
women,4.3,citrus,vanilla,sweet
women,4.3,vanilla,woody,lavender
unisex,4.3,warm spicy,amber,sweet
men,4.3,warm spicy,aromatic,amber
unisex,4.3,warm spicy,woody,oud
men,4.3,amber,smoky,woody
unisex,4.3,white floral,vanilla,sweet
unisex,4.3,cherry,sweet,almond
unisex,4.3,aromatic,woody,fresh spicy
men,4.3,aromatic,marine,citrus
men,4.3,aromatic,fresh spicy,woody
unisex,4.3,warm spicy,leather,floral
women,4.3,white floral,powdery,woody
unisex,4.3,fruity,floral,sweet
women,4.3,fruity,sweet,tropical
women,4.3,floral,fruity,aquatic
women,4.3,rose,floral,patchouli
men,4.3,woody,warm spicy,aromatic
men,4.3,fresh spicy,fruity,amber
unisex,4.3,woody,citrus,warm spicy
unisex,4.3,woody,rose,oud
men,4.3,aromatic,amber,woody
men,4.3,fresh spicy,citrus,aromatic
women,4.3,fruity,sweet,fresh
women,4.3,iris,woody,floral
men,4.3,citrus,aromatic,fresh spicy
men,4.3,fresh spicy,amber,lavender
men,4.3,warm spicy,aromatic,iris
men,4.3,citrus,aromatic,woody
unisex,4.3,musky,woody,leather
unisex,4.3,powdery,white floral,warm spicy
women,4.3,aromatic,woody,fresh spicy
unisex,4.3,white floral,tuberose,fresh spicy
unisex,4.3,yellow floral,powdery,green
men,4.3,woody,warm spicy,amber
men,4.3,amber,aromatic,woody
women,4.3,white floral,woody,floral
men,4.3,citrus,vanilla,fresh spicy
women,4.3,floral,woody,citrus
women,4.3,sweet,vanilla,amber
men,4.3,warm spicy,cinnamon,tobacco
men,4.3,citrus,powdery,violet
unisex,4.3,woody,aromatic,fresh spicy
men,4.3,citrus,green,aromatic
unisex,4.3,powdery,aldehydic,citrus
unisex,4.3,citrus,green,aromatic
unisex,4.3,vanilla,fresh spicy,warm spicy
women,4.3,sweet,rose,fruity
men,4.3,floral,citrus,green
men,4.3,fruity,sweet,tropical
men,4.3,fresh spicy,aromatic,citrus
men,4.3,vanilla,citrus,powdery
men,4.3,woody,fresh spicy,aromatic
men,4.3,fresh spicy,aromatic,woody
women,4.3,amber,white floral,smoky
unisex,4.3,green,citrus,rose
unisex,4.3,citrus,white floral,green
unisex,4.3,leather,smoky,woody
men,4.3,warm spicy,vanilla,cinnamon
unisex,4.3,woody,amber,fresh spicy
unisex,4.3,powdery,iris,floral
unisex,4.3,citrus,aromatic,green
unisex,4.3,citrus,aromatic,fresh spicy
unisex,4.3,woody,nutty,balsamic
men,4.3,woody,warm spicy,powdery
men,4.3,amber,woody,patchouli
men,4.3,woody,citrus,powdery
unisex,4.3,amber,fresh spicy,citrus
unisex,4.3,amber,musky,powdery
unisex,4.3,citrus,fresh spicy,musky
unisex,4.3,aromatic,cacao,amber
unisex,4.3,powdery,oud,woody
unisex,4.3,warm spicy,oud,woody
unisex,4.3,aromatic,woody,fresh spicy
unisex,4.3,fruity,sweet,warm spicy
unisex,4.3,woody,powdery,patchouli
unisex,4.3,amber,vanilla,tobacco
women,4.3,floral,vanilla,yellow floral
women,4.3,fresh spicy,warm spicy,woody
women,4.3,amber,warm spicy,balsamic
women,4.3,fruity,sweet,warm spicy
men,4.3,aromatic,woody,fresh spicy
unisex,4.3,woody,aromatic,leather
women,4.3,vanilla,amber,floral
men,4.3,warm spicy,fresh spicy,woody
unisex,4.3,amber,warm spicy,citrus
unisex,4.3,warm spicy,oud,woody
men,4.3,amber,woody,citrus
women,4.3,lavender,musky,white floral
unisex,4.3,amber,warm spicy,cinnamon
women,4.3,citrus,sweet,green
men,4.3,warm spicy,sweet,fruity
men,4.3,warm spicy,woody,fresh spicy
women,4.3,fruity,citrus,sweet
men,4.3,woody,aromatic,citrus
women,4.3,white floral,woody,fruity
women,4.3,honey,sweet,citrus
unisex,4.3,rose,floral,citrus
unisex,4.3,amber,lavender,fresh spicy
women,4.3,vanilla,floral,fresh
men,4.3,vanilla,woody,amber
women,4.3,citrus,warm spicy,white floral
unisex,4.3,woody,warm spicy,vanilla
women,4.3,green,yellow floral,woody
men,4.3,warm spicy,fresh spicy,woody
women,4.3,amber,balsamic,citrus
men,4.3,woody,warm spicy,patchouli
unisex,4.3,citrus,warm spicy,musky
men,4.3,woody,green,aromatic
men,4.3,amber,musky,warm spicy
unisex,4.3,white floral,animalic,iris
unisex,4.3,rose,sweet,fruity
unisex,4.3,powdery,vanilla,amber
unisex,4.3,vanilla,floral,citrus
unisex,4.3,warm spicy,aromatic,oud
unisex,4.3,citrus,aromatic,fresh spicy
unisex,4.3,vanilla,tobacco,leather
women,4.3,coconut,sweet,tropical
unisex,4.3,woody,warm spicy,aromatic
unisex,4.3,amber,smoky,leather
women,4.3,warm spicy,woody,floral
unisex,4.3,woody,powdery,amber
men,4.3,amber,citrus,woody
women,4.3,rose,musky,powdery
women,4.3,white floral,green,fresh
unisex,4.3,woody,amber,warm spicy
unisex,4.3,woody,tobacco,sweet
men,4.3,woody,aromatic,citrus
women,4.3,vanilla,powdery,balsamic
women,4.3,fruity,sweet,fresh
unisex,4.3,amber,woody,patchouli
men,4.3,amber,woody,warm spicy
men,4.3,aromatic,amber,citrus
women,4.3,white floral,woody,sweet
unisex,4.3,white floral,citrus,musky
unisex,4.3,floral,rose,warm spicy
unisex,4.3,sweet,vanilla,warm spicy
women,4.3,woody,yellow floral,mossy
women,4.3,floral,leather,woody
women,4.3,yellow floral,vanilla,amber
unisex,4.3,powdery,floral,violet
unisex,4.3,warm spicy,woody,powdery
men,4.3,leather,woody,powdery
unisex,4.31,amber,rose,floral
men,4.31,citrus,aromatic,fresh spicy
men,4.31,aromatic,fresh spicy,warm spicy
women,4.31,amber,woody,white floral
men,4.31,fresh spicy,aromatic,woody
men,4.31,aromatic,woody,fruity
men,4.31,woody,amber,powdery
women,4.31,sweet,citrus,vanilla
men,4.31,citrus,vanilla,warm spicy
men,4.31,citrus,ozonic,iris
unisex,4.31,citrus,sweet,coconut
women,4.31,floral,rose,white floral
unisex,4.31,woody,fruity,citrus
women,4.31,rose,citrus,musky
women,4.31,green,patchouli,white floral
women,4.31,white floral,iris,powdery
men,4.31,citrus,ozonic,aromatic
men,4.31,fresh spicy,aromatic,citrus
men,4.31,aromatic,fresh spicy,marine
men,4.31,aromatic,citrus,fresh spicy
men,4.31,citrus,woody,aromatic
men,4.31,woody,citrus,musky
unisex,4.31,amber,woody,citrus
unisex,4.31,iris,leather,powdery
women,4.31,white floral,sweet,almond
women,4.31,white floral,vanilla,citrus
women,4.31,powdery,floral,violet
men,4.31,citrus,woody,warm spicy
men,4.31,citrus,fresh spicy,aromatic
men,4.31,aromatic,fruity,woody
men,4.31,coconut,vanilla,sweet
men,4.31,green,aromatic,lavender
unisex,4.31,warm spicy,vanilla,caramel
women,4.31,powdery,musky,fresh
women,4.31,sweet,vanilla,powdery
women,4.31,amber,woody,powdery
unisex,4.31,aromatic,lavender,warm spicy
unisex,4.31,woody,citrus,coconut
unisex,4.31,fruity,sweet,tropical
unisex,4.31,sweet,warm spicy,fruity
unisex,4.31,vanilla,sweet,cacao
men,4.31,woody,powdery,violet
women,4.31,amber,soft spicy,vanilla
women,4.31,amber,vanilla,powdery
men,4.31,citrus,aromatic,amber
men,4.31,warm spicy,vanilla,coffee
men,4.31,vanilla,woody,aromatic
men,4.31,fruity,sweet,woody
men,4.31,tobacco,amber,sweet
women,4.31,floral,citrus,white floral
women,4.31,rose,musky,floral
unisex,4.31,aromatic,fresh spicy,woody
unisex,4.31,citrus,green,fresh
women,4.31,green,aromatic,fresh spicy
men,4.31,amber,vanilla,fresh spicy
unisex,4.31,citrus,tobacco,musky
women,4.31,animalic,woody,musky
women,4.31,caramel,warm spicy,vanilla
women,4.31,white floral,powdery,woody
men,4.31,citrus,aromatic,woody
unisex,4.31,leather,amber,powdery
men,4.31,warm spicy,leather,aromatic
unisex,4.31,amber,woody,balsamic
unisex,4.31,leather,warm spicy,fresh spicy
women,4.31,floral,musky,powdery
women,4.31,woody,floral,fresh
women,4.31,floral,citrus,fresh
women,4.31,citrus,caramel,vanilla
unisex,4.31,woody,aromatic,warm spicy
unisex,4.31,citrus,fruity,warm spicy
unisex,4.31,woody,patchouli,citrus
women,4.31,vanilla,warm spicy,coffee
men,4.31,aromatic,fresh spicy,musky
men,4.31,amber,oud,patchouli
men,4.31,soft spicy,powdery,fruity
women,4.31,white floral,vanilla,citrus
women,4.31,cinnamon,warm spicy,amber
men,4.31,amber,coconut,fruity
women,4.31,floral,fruity,sweet
unisex,4.31,rose,vanilla,citrus
men,4.31,woody,powdery,fresh spicy
unisex,4.31,warm spicy,citrus,aromatic
unisex,4.31,citrus,white floral,floral
men,4.31,aromatic,woody,earthy
women,4.31,woody,citrus,floral
women,4.31,white floral,musky,sweet
women,4.31,woody,floral,vanilla
women,4.31,powdery,violet,vanilla
unisex,4.31,vanilla,rose,powdery
men,4.31,aromatic,warm spicy,citrus
women,4.31,warm spicy,amber,floral
unisex,4.31,musky,yellow floral,sweet
unisex,4.31,woody,vanilla,oud
unisex,4.31,woody,aromatic,fresh spicy
women,4.31,white floral,fruity,sweet
men,4.31,woody,floral,powdery
women,4.31,rose,woody,floral
unisex,4.31,citrus,fresh spicy,amber
unisex,4.31,rose,woody,floral
unisex,4.31,citrus,aromatic,fresh spicy
unisex,4.31,white floral,warm spicy,oud
unisex,4.31,lavender,musky,powdery
unisex,4.31,citrus,aromatic,woody
men,4.31,citrus,fresh spicy,aromatic
women,4.31,amber,woody,balsamic
men,4.31,warm spicy,woody,aromatic
unisex,4.31,amber,woody,oud
women,4.31,fruity,white floral,tuberose
men,4.31,citrus,aromatic,fresh spicy
unisex,4.31,sweet,patchouli,fruity
women,4.31,earthy,woody,fruity
unisex,4.31,aromatic,woody,fresh spicy
unisex,4.31,white floral,amber,mossy
women,4.31,sweet,fruity,vanilla
men,4.31,amber,warm spicy,woody
men,4.31,aromatic,woody,musky
men,4.31,warm spicy,aromatic,woody
men,4.31,fresh spicy,woody,aromatic
unisex,4.31,amber,rose,warm spicy
women,4.31,fruity,amber,sweet
unisex,4.31,aromatic,woody,fresh spicy
men,4.31,amber,warm spicy,aromatic
unisex,4.31,rose,aromatic,floral
unisex,4.31,amber,lavender,aldehydic
unisex,4.31,almond,nutty,vanilla
unisex,4.31,warm spicy,sweet,vanilla
men,4.31,citrus,vanilla,aromatic
men,4.31,fruity,citrus,woody
men,4.31,amber,warm spicy,aromatic
women,4.31,citrus,white floral,floral
women,4.31,almond,nutty,sweet
unisex,4.31,woody,warm spicy,sweet
men,4.31,warm spicy,citrus,green
women,4.31,rose,floral,fresh
unisex,4.31,warm spicy,woody,coffee
women,4.31,white floral,yellow floral,floral
unisex,4.31,woody,warm spicy,rose
women,4.31,green,citrus,fruity
unisex,4.31,amber,smoky,warm spicy
unisex,4.31,woody,powdery,iris
unisex,4.31,woody,aromatic,white floral
unisex,4.31,citrus,fruity,sweet
women,4.31,fruity,sweet,vanilla
women,4.31,sweet,fruity,patchouli
women,4.31,coconut,musky,vanilla
men,4.31,woody,coconut,warm spicy
unisex,4.31,citrus,aromatic,fresh spicy
women,4.31,woody,white floral,fresh
unisex,4.31,amber,warm spicy,balsamic
unisex,4.31,warm spicy,woody,amber
women,4.31,citrus,coconut,vanilla
unisex,4.31,tropical,woody,fruity
unisex,4.31,sweet,fruity,amber
unisex,4.31,fruity,sweet,woody
unisex,4.31,vanilla,caramel,sweet
men,4.31,citrus,woody,ozonic
women,4.31,woody,earthy,fresh
women,4.31,rose,floral,
unisex,4.31,earthy,citrus,mossy
men,4.31,aromatic,woody,citrus
women,4.31,fruity,floral,citrus
women,4.31,sweet,fruity,powdery
unisex,4.31,vanilla,sweet,green
men,4.31,warm spicy,woody,amber
men,4.31,aromatic,citrus,earthy
women,4.31,green,woody,citrus
women,4.32,fruity,sweet,floral
women,4.32,powdery,woody,warm spicy
women,4.32,oud,fresh spicy,leather
women,4.32,sweet,tropical,fruity
men,4.32,warm spicy,woody,leather
men,4.32,citrus,fruity,amber
unisex,4.32,woody,fresh spicy,warm spicy
men,4.32,iris,citrus,powdery
women,4.32,coca-cola,warm spicy,amber
women,4.32,white floral,citrus,sweet
unisex,4.32,citrus,woody,fruity
women,4.32,green,earthy,woody
women,4.32,white floral,fresh spicy,vanilla
women,4.32,musky,white floral,almond
women,4.32,amber,vanilla,sweet
women,4.32,musky,woody,powdery
women,4.32,aldehydic,fresh,white floral
women,4.32,citrus,vanilla,iris
men,4.32,citrus,woody,fresh spicy
men,4.32,woody,amber,warm spicy
men,4.32,citrus,cinnamon,fresh spicy
men,4.32,citrus,green,fresh spicy
women,4.32,woody,aromatic,soft spicy
women,4.32,vanilla,white floral,sweet
men,4.32,green,coconut,sweet
unisex,4.32,yellow floral,white floral,green
unisex,4.32,green,woody,fresh
men,4.32,woody,aromatic,fresh spicy
men,4.32,almond,vanilla,powdery
unisex,4.32,sweet,vanilla,coffee
women,4.32,sweet,fruity,citrus
women,4.32,powdery,musky,iris
women,4.32,fresh,woody,white floral
men,4.32,warm spicy,woody,oud
unisex,4.32,aromatic,citrus,woody
women,4.32,powdery,musky,aldehydic
women,4.32,fruity,sweet,vanilla
unisex,4.32,citrus,aromatic,fresh spicy
unisex,4.32,amber,leather,smoky
unisex,4.32,oud,fresh spicy,rose
unisex,4.32,earthy,rose,patchouli
unisex,4.32,leather,woody,animalic
women,4.32,woody,warm spicy,aromatic
women,4.32,citrus,aldehydic,white floral
women,4.32,musky,rose,woody
men,4.32,warm spicy,cinnamon,tobacco
unisex,4.32,vanilla,powdery,oud
unisex,4.32,woody,tuberose,yellow floral
women,4.32,rose,floral,white floral
men,4.32,iris,leather,powdery
men,4.32,citrus,powdery,white floral
men,4.32,vanilla,warm spicy,sweet
women,4.32,fruity,fresh,ozonic
men,4.32,woody,aromatic,fresh spicy
unisex,4.32,amber,vanilla,powdery
women,4.32,green,aromatic,citrus
women,4.32,woody,white floral,floral
men,4.32,woody,aromatic,warm spicy
unisex,4.32,floral,sweet,citrus
women,4.32,woody,violet,powdery
men,4.32,citrus,green,fresh spicy
unisex,4.32,musky,powdery,fresh
men,4.32,aromatic,woody,fresh spicy
men,4.32,aromatic,citrus,amber
men,4.32,woody,warm spicy,aromatic
unisex,4.32,sweet,fruity,powdery
men,4.32,aromatic,lavender,musky
unisex,4.32,citrus,sweet,coconut
unisex,4.32,oud,coffee,fresh spicy
men,4.32,woody,oud,vanilla
unisex,4.32,rose,floral,musky
men,4.32,woody,aromatic,green
men,4.32,amber,woody,warm spicy
men,4.32,citrus,floral,green
unisex,4.32,fruity,musky,sweet
women,4.32,fruity,sweet,white floral
unisex,4.32,amber,woody,leather
women,4.32,amber,powdery,warm spicy
unisex,4.32,fresh spicy,amber,citrus
men,4.32,aromatic,woody,amber
women,4.32,lavender,white floral,musky
men,4.32,woody,aromatic,salty
women,4.32,woody,amber,green
men,4.32,aromatic,woody,amber
unisex,4.32,floral,musky,almond
women,4.32,fresh,rose,floral
unisex,4.32,citrus,aromatic,
unisex,4.32,citrus,aromatic,green
unisex,4.32,warm spicy,rose,woody
unisex,4.32,amber,warm spicy,balsamic
men,4.32,oud,green,woody
men,4.32,leather,fruity,sweet
women,4.32,vanilla,sweet,fruity
unisex,4.32,sweet,woody,fruity
men,4.32,aromatic,warm spicy,citrus
unisex,4.32,rose,fresh spicy,aromatic
women,4.32,white floral,floral,fresh
women,4.32,sweet,fruity,citrus
women,4.32,white floral,amber,fruity
women,4.32,musky,powdery,white floral
women,4.32,citrus,leather,aromatic
unisex,4.32,aromatic,citrus,amber
women,4.32,musky,sweet,white floral
men,4.32,leather,fruity,rose
men,4.32,patchouli,citrus,warm spicy
unisex,4.32,white floral,amber,sweet
unisex,4.32,oud,rose,warm spicy
women,4.32,sweet,honey,yellow floral
men,4.32,woody,amber,balsamic
women,4.32,floral,white floral,fresh
women,4.32,fruity,sweet,floral
unisex,4.32,woody,citrus,aromatic
women,4.32,warm spicy,chocolate,sweet
men,4.32,fresh spicy,aromatic,citrus
unisex,4.32,aromatic,lavender,fresh spicy
men,4.32,vanilla,warm spicy,white floral
unisex,4.32,musky,powdery,aldehydic
unisex,4.32,oud,fruity,rose
unisex,4.32,woody,iris,powdery
men,4.32,aromatic,woody,citrus
women,4.32,citrus,warm spicy,cinnamon
unisex,4.32,aromatic,woody,caramel
unisex,4.32,woody,sweet,warm spicy
men,4.32,woody,powdery,iris
women,4.32,woody,green,earthy
women,4.32,citrus,white floral,vanilla
men,4.32,citrus,aromatic,fresh spicy
women,4.32,vanilla,sweet,woody
women,4.32,floral,fresh,white floral
women,4.32,woody,powdery,musky
unisex,4.32,amber,warm spicy,oud
unisex,4.32,oud,warm spicy,rose
men,4.32,aromatic,fresh spicy,woody
unisex,4.32,woody,warm spicy,white floral
women,4.32,white floral,woody,nutty
unisex,4.32,aromatic,lavender,sweet
women,4.32,woody,rose,earthy
unisex,4.33,warm spicy,amber,musky
unisex,4.33,almond,vanilla,powdery
men,4.33,citrus,woody,warm spicy
men,4.33,aromatic,woody,lavender
women,4.33,powdery,floral,rose
women,4.33,nutty,sweet,almond
unisex,4.33,fruity,citrus,sweet
men,4.33,citrus,fruity,fresh spicy
women,4.33,vanilla,fruity,almond
women,4.33,citrus,fruity,white floral
women,4.33,fruity,sweet,white floral
women,4.33,aldehydic,woody,fresh
women,4.33,amber,animalic,white floral
women,4.33,white floral,woody,fruity
women,4.33,vanilla,white floral,yellow floral
men,4.33,warm spicy,fresh spicy,woody
unisex,4.33,citrus,white floral,musky
men,4.33,marine,aromatic,citrus
women,4.33,citrus,sweet,floral
unisex,4.33,woody,citrus,oud
unisex,4.33,vanilla,woody,amber
men,4.33,woody,warm spicy,powdery
women,4.33,white floral,tuberose,citrus
women,4.33,citrus,aromatic,white floral
unisex,4.33,white floral,green,tuberose
men,4.33,citrus,almond,fresh spicy
women,4.33,citrus,woody,powdery
women,4.33,citrus,woody,powdery
men,4.33,green,aromatic,citrus
women,4.33,citrus,white floral,woody
men,4.33,lavender,aromatic,vanilla
women,4.33,sweet,powdery,fruity
unisex,4.33,warm spicy,amber,woody
unisex,4.33,fruity,fresh,tropical
unisex,4.33,vanilla,powdery,musky
unisex,4.33,citrus,woody,powdery
women,4.33,soft spicy,amber,anis
men,4.33,woody,citrus,animalic
women,4.33,white floral,ozonic,powdery
women,4.33,woody,fruity,iris
men,4.33,amber,aromatic,woody
women,4.33,rose,white floral,floral
women,4.33,woody,warm spicy,amber
women,4.33,green,aromatic,fresh spicy
women,4.33,citrus,sweet,white floral
women,4.33,fruity,sweet,cherry
men,4.33,aromatic,floral,woody
men,4.33,honey,sweet,warm spicy
women,4.33,white floral,floral,woody
unisex,4.33,amber,woody,warm spicy
unisex,4.33,warm spicy,powdery,vanilla
unisex,4.33,woody,amber,earthy
men,4.33,aquatic,citrus,ozonic
women,4.33,citrus,warm spicy,cinnamon
men,4.33,warm spicy,cinnamon,amber
unisex,4.33,warm spicy,woody,sweet
men,4.33,warm spicy,woody,aromatic
men,4.33,iris,leather,citrus
men,4.33,woody,amber,iris
women,4.33,leather,oud,animalic
men,4.33,woody,warm spicy,powdery
men,4.33,fresh spicy,citrus,lavender
women,4.33,citrus,aromatic,fresh spicy
women,4.33,fruity,sweet,yellow floral
women,4.33,warm spicy,amber,smoky
men,4.33,aromatic,woody,citrus
women,4.33,white floral,woody,powdery
women,4.33,white floral,green,floral
women,4.33,vanilla,powdery,sweet
unisex,4.33,floral,aromatic,white floral
unisex,4.33,woody,whiskey,balsamic
women,4.33,rose,citrus,vanilla
women,4.33,woody,aromatic,citrus
unisex,4.33,musky,powdery,sweet
unisex,4.33,warm spicy,woody,musky
unisex,4.33,amber,woody,fresh spicy
unisex,4.33,musky,powdery,animalic
unisex,4.33,rose,sweet,ozonic
men,4.33,fruity,woody,powdery
men,4.33,iris,woody,aromatic
unisex,4.33,warm spicy,amber,fresh spicy
unisex,4.33,amber,oud,warm spicy
unisex,4.33,leather,smoky,animalic
unisex,4.33,aromatic,citrus,lavender
men,4.33,woody,herbal,aromatic
men,4.33,vanilla,amber,powdery
unisex,4.33,woody,leather,warm spicy
men,4.33,green,citrus,ozonic
unisex,4.33,warm spicy,whiskey,cacao
unisex,4.33,balsamic,vanilla,woody
unisex,4.33,warm spicy,patchouli,amber
women,4.33,fruity,sweet,vanilla
men,4.33,fresh spicy,citrus,aromatic
men,4.33,vanilla,warm spicy,woody
men,4.33,amber,woody,warm spicy
men,4.33,woody,leather,sweet
men,4.33,woody,amber,citrus
women,4.33,vanilla,white floral,rose
women,4.33,vanilla,sweet,fruity
unisex,4.33,woody,amber,powdery
women,4.33,sweet,honey,herbal
women,4.33,citrus,white floral,sweet
unisex,4.33,amber,aromatic,warm spicy
unisex,4.33,woody,fruity,citrus
unisex,4.33,musky,salty,citrus
women,4.33,rose,floral,powdery
men,4.33,woody,warm spicy,vanilla
women,4.33,warm spicy,floral,woody
men,4.33,fresh spicy,aromatic,lavender
unisex,4.33,woody,aromatic,fresh spicy
women,4.33,aromatic,green,woody
men,4.33,woody,aromatic,warm spicy
unisex,4.33,leather,fruity,sweet
unisex,4.33,citrus,fresh spicy,aromatic
unisex,4.33,woody,rose,fruity
unisex,4.33,amber,warm spicy,woody
women,4.33,floral,fresh,violet
men,4.33,citrus,woody,warm spicy
unisex,4.33,warm spicy,aromatic,vanilla
unisex,4.33,white floral,floral,fruity
unisex,4.33,aromatic,herbal,green
men,4.33,woody,aromatic,powdery
men,4.33,woody,fresh spicy,warm spicy
women,4.33,white floral,green,aromatic
women,4.33,floral,woody,fresh
women,4.33,rose,floral,white floral
women,4.33,white floral,warm spicy,sweet
women,4.33,woody,floral,patchouli
women,4.33,rose,citrus,woody
men,4.33,warm spicy,woody,patchouli
men,4.33,aromatic,woody,earthy
women,4.33,sweet,powdery,floral
unisex,4.33,warm spicy,citrus,fresh spicy
women,4.33,vanilla,sweet,amber
women,4.33,citrus,green,white floral
unisex,4.33,warm spicy,sweet,nutty
women,4.33,vanilla,soft spicy,powdery
women,4.33,white floral,sweet,aromatic
unisex,4.34,woody,oud,warm spicy
men,4.34,citrus,musky,aromatic
men,4.34,fruity,sweet,woody
women,4.34,woody,rose,fresh spicy
women,4.34,amber,white floral,vanilla
women,4.34,powdery,green,iris
unisex,4.34,oud,floral,rose
men,4.34,fresh spicy,warm spicy,aromatic
women,4.34,fruity,powdery,floral
men,4.34,aromatic,marine,woody
men,4.34,woody,aromatic,green
men,4.34,fresh spicy,chocolate,citrus
men,4.34,aromatic,woody,citrus
men,4.34,citrus,fresh spicy,aromatic
men,4.34,aromatic,woody,fresh spicy
women,4.34,green,woody,earthy
men,4.34,woody,leather,aromatic
unisex,4.34,woody,patchouli,warm spicy
unisex,4.34,citrus,white floral,woody
women,4.34,floral,green,fresh spicy
men,4.34,citrus,fresh spicy,woody
men,4.34,fruity,sweet,leather
men,4.34,aromatic,fresh spicy,woody
women,4.34,white floral,fresh,woody
men,4.34,citrus,iris,warm spicy
men,4.34,citrus,aromatic,woody
women,4.34,white floral,citrus,vanilla
unisex,4.34,amber,musky,woody
men,4.34,amber,powdery,warm spicy
men,4.34,woody,amber,fresh spicy
women,4.34,white floral,green,earthy
men,4.34,aromatic,fresh spicy,citrus
women,4.34,aldehydic,woody,white floral
women,4.34,powdery,iris,sweet
men,4.34,citrus,woody,warm spicy
men,4.34,citrus,warm spicy,woody
unisex,4.34,warm spicy,aromatic,citrus
women,4.34,sweet,powdery,floral
women,4.34,amber,vanilla,warm spicy
unisex,4.34,musky,fresh spicy,woody
women,4.34,amber,powdery,balsamic
men,4.34,woody,warm spicy,patchouli
women,4.34,sweet,fruity,woody
women,4.34,white floral,citrus,green
women,4.34,woody,green,rose
unisex,4.34,woody,aromatic,warm spicy
men,4.34,sweet,vanilla,citrus
unisex,4.34,woody,oud,vanilla
men,4.34,fresh spicy,warm spicy,citrus
men,4.34,aromatic,fruity,woody
men,4.34,woody,citrus,fresh spicy
men,4.34,aromatic,fresh spicy,lavender
unisex,4.34,amber,sweet,honey
unisex,4.34,leather,animalic,tobacco
women,4.34,warm spicy,fruity,amber
unisex,4.34,leather,animalic,warm spicy
unisex,4.34,citrus,oud,warm spicy
women,4.34,amber,vanilla,warm spicy
women,4.34,citrus,warm spicy,amber
women,4.34,powdery,woody,citrus
men,4.34,cinnamon,tobacco,warm spicy
men,4.34,vanilla,rum,powdery
men,4.34,citrus,warm spicy,fresh spicy
men,4.34,green,violet,powdery
men,4.34,citrus,aromatic,warm spicy
women,4.34,citrus,woody,patchouli
unisex,4.34,fresh spicy,woody,tobacco
unisex,4.34,citrus,coconut,aromatic
unisex,4.34,vanilla,sweet,amber
women,4.34,warm spicy,woody,fresh spicy
women,4.34,floral,white floral,green
women,4.34,green,powdery,fresh
unisex,4.34,woody,salty,citrus
unisex,4.34,green,citrus,woody
women,4.34,fruity,powdery,sweet
men,4.34,woody,fresh spicy,aromatic
women,4.34,fruity,sweet,tropical
unisex,4.34,tobacco,woody,vanilla
men,4.34,woody,powdery,earthy
unisex,4.34,citrus,fresh spicy,aromatic
men,4.34,musky,powdery,warm spicy
unisex,4.34,musky,patchouli,warm spicy
unisex,4.34,floral,sweet,oud
unisex,4.34,aromatic,fresh spicy,warm spicy
unisex,4.34,rose,amber,warm spicy
women,4.34,citrus,fruity,fresh spicy
men,4.34,warm spicy,sweet,fruity
unisex,4.34,woody,oud,fresh spicy
unisex,4.34,citrus,woody,amber
unisex,4.34,oud,sweet,woody
unisex,4.34,floral,fruity,musky
unisex,4.34,warm spicy,cinnamon,vanilla
women,4.34,white floral,green,fruity
unisex,4.34,warm spicy,amber,rose
women,4.34,musky,white floral,powdery
men,4.34,citrus,mossy,lavender
men,4.34,aromatic,fresh spicy,floral
men,4.34,musky,animalic,powdery
men,4.34,woody,patchouli,warm spicy
women,4.34,citrus,white floral,floral
unisex,4.34,woody,sweet,powdery
unisex,4.34,iris,powdery,violet
men,4.34,soft spicy,anis,woody
men,4.34,woody,patchouli,amber
men,4.34,citrus,fresh spicy,green
women,4.34,white floral,citrus,sweet
men,4.34,warm spicy,woody,leather
women,4.34,floral,fresh,citrus
unisex,4.34,citrus,fresh spicy,powdery
women,4.34,almond,vanilla,powdery
unisex,4.34,tobacco,rose,warm spicy
unisex,4.34,cacao,coconut,sweet
unisex,4.34,woody,amber,oud
unisex,4.34,tropical,fruity,sweet
unisex,4.34,fruity,sweet,oud
unisex,4.34,marine,woody,aromatic
unisex,4.34,warm spicy,woody,patchouli
unisex,4.34,sweet,fruity,vanilla
women,4.34,white floral,sweet,woody
women,4.34,white floral,citrus,fruity
women,4.34,powdery,vanilla,fruity
women,4.34,white floral,green,citrus
unisex,4.34,amber,rose,mossy
unisex,4.34,fruity,sweet,aromatic
unisex,4.34,green,fresh,floral
men,4.34,citrus,aromatic,soft spicy
women,4.34,white floral,vanilla,woody
women,4.34,warm spicy,fresh spicy,aromatic
women,4.34,woody,warm spicy,aromatic
men,4.34,aromatic,citrus,fresh spicy
unisex,4.34,aromatic,lavender,powdery
unisex,4.34,white floral,citrus,vanilla
women,4.34,citrus,warm spicy,fresh
men,4.34,amber,leather,aromatic
women,4.34,powdery,woody,rose
women,4.34,floral,white floral,powdery
unisex,4.34,sweet,fruity,warm spicy
women,4.34,woody,earthy,powdery
women,4.34,powdery,woody,aromatic
unisex,4.34,leather,sweet,fruity
unisex,4.34,warm spicy,fresh spicy,oud
women,4.35,white floral,citrus,tuberose
men,4.35,aromatic,marine,citrus
women,4.35,vanilla,woody,rum
women,4.35,woody,powdery,amber
women,4.35,floral,woody,aromatic
men,4.35,tobacco,oud,woody
unisex,4.35,citrus,fruity,fresh spicy
men,4.35,green,citrus,floral
women,4.35,woody,warm spicy,amber
men,4.35,aromatic,amber,citrus
men,4.35,citrus,ozonic,woody
men,4.35,aromatic,woody,green
men,4.35,vanilla,citrus,aromatic
women,4.35,woody,floral,rose
men,4.35,oud,leather,citrus
unisex,4.35,woody,aromatic,citrus
women,4.35,white floral,tuberose,green
men,4.35,woody,aromatic,iris
women,4.35,white floral,citrus,patchouli
unisex,4.35,amber,powdery,oud
women,4.35,floral,woody,powdery
men,4.35,warm spicy,ozonic,green
men,4.35,fruity,sweet,almond
women,4.35,vanilla,powdery,citrus
men,4.35,citrus,fresh spicy,aromatic
men,4.35,citrus,mossy,woody
women,4.35,floral,rose,green
men,4.35,aromatic,warm spicy,fresh spicy
men,4.35,aromatic,woody,vanilla
unisex,4.35,woody,iris,powdery
men,4.35,amber,warm spicy,aromatic
women,4.35,amber,soft spicy,anis
unisex,4.35,woody,fruity,sweet
women,4.35,yellow floral,vanilla,sweet
unisex,4.35,leather,fruity,vanilla
women,4.35,sweet,citrus,fruity
women,4.35,amber,vanilla,white floral
women,4.35,patchouli,vanilla,fruity
women,4.35,white floral,amber,aromatic
men,4.35,woody,fresh spicy,warm spicy
men,4.35,citrus,fresh spicy,aromatic
women,4.35,fruity,sweet,warm spicy
unisex,4.35,woody,citrus,mossy
men,4.35,woody,fresh spicy,warm spicy
men,4.35,warm spicy,cinnamon,sweet
men,4.35,woody,aromatic,warm spicy
unisex,4.35,warm spicy,rose,amber
men,4.35,woody,warm spicy,leather
unisex,4.35,warm spicy,citrus,amber
unisex,4.35,powdery,iris,vanilla
unisex,4.35,woody,aromatic,fruity
unisex,4.35,musky,amber,animalic
men,4.35,woody,fruity,aromatic
unisex,4.35,vanilla,almond,sweet
men,4.35,aromatic,citrus,green
women,4.35,sweet,vanilla,floral
women,4.35,woody,white floral,sweet
women,4.35,citrus,floral,amber
men,4.35,amber,vanilla,white floral
men,4.35,woody,mineral,fresh spicy
women,4.35,floral,woody,ozonic
unisex,4.35,fruity,citrus,sweet
women,4.35,vanilla,sweet,lactonic
men,4.35,tobacco,amber,leather
unisex,4.35,almond,sweet,lactonic
women,4.35,white floral,woody,tuberose
men,4.35,aromatic,leather,amber
men,4.35,amber,woody,warm spicy
men,4.35,aromatic,fresh spicy,woody
unisex,4.35,woody,sweet,citrus
men,4.35,amber,smoky,woody
women,4.35,green,citrus,white floral
women,4.35,citrus,aromatic,vanilla
women,4.35,fruity,citrus,floral
unisex,4.35,honey,sweet,balsamic
unisex,4.35,citrus,fruity,warm spicy
unisex,4.35,woody,aromatic,balsamic
unisex,4.35,woody,powdery,citrus
men,4.35,woody,white floral,aromatic
unisex,4.35,amber,warm spicy,woody
unisex,4.35,sweet,rose,vanilla
unisex,4.35,amber,sweet,musky
women,4.35,warm spicy,woody,rose
men,4.35,citrus,vanilla,powdery
unisex,4.35,warm spicy,woody,amber
unisex,4.35,warm spicy,amber,woody
men,4.35,woody,citrus,aromatic
men,4.35,aromatic,lavender,woody
unisex,4.35,woody,amber,rose
unisex,4.35,woody,warm spicy,amber
women,4.35,sweet,fruity,vanilla
unisex,4.35,aromatic,green,woody
women,4.35,woody,warm spicy,vanilla
unisex,4.35,sweet,honey,amber
women,4.35,rose,floral,citrus
women,4.35,vanilla,sweet,coconut
women,4.35,sweet,warm spicy,citrus
women,4.35,vanilla,musky,powdery
unisex,4.35,citrus,sweet,herbal
unisex,4.35,citrus,fruity,sweet
men,4.35,woody,warm spicy,rum
unisex,4.35,rose,oud,amber
unisex,4.35,woody,green,fresh
unisex,4.35,powdery,iris,woody
women,4.35,powdery,ozonic,rose
men,4.35,vanilla,aromatic,amber
men,4.35,amber,woody,warm spicy
unisex,4.35,citrus,warm spicy,
unisex,4.35,warm spicy,sweet,fruity
unisex,4.35,woody,leather,amber
women,4.35,vanilla,powdery,musky
women,4.35,powdery,sweet,fruity
women,4.35,amber,fruity,patchouli
unisex,4.35,musky,powdery,white floral
men,4.35,woody,amber,musky
unisex,4.35,vanilla,tobacco,warm spicy
unisex,4.35,fruity,citrus,fresh
men,4.35,aromatic,soft spicy,lavender
unisex,4.35,vanilla,warm spicy,amber
unisex,4.35,citrus,sweet,white floral
unisex,4.35,amber,ozonic,patchouli
men,4.35,citrus,powdery,white floral
women,4.35,sweet,caramel,fruity
unisex,4.35,woody,floral,powdery
unisex,4.35,white floral,woody,tuberose
men,4.35,citrus,aromatic,woody
unisex,4.35,amber,vanilla,sweet
men,4.35,woody,amber,warm spicy
men,4.35,musky,lavender,powdery
unisex,4.35,amber,fresh spicy,warm spicy
women,4.35,warm spicy,amber,sweet
women,4.35,powdery,woody,floral
unisex,4.35,amber,warm spicy,cinnamon
women,4.35,vanilla,amber,musky
women,4.36,woody,white floral,warm spicy
unisex,4.36,woody,warm spicy,vanilla
men,4.36,aromatic,woody,fresh spicy
women,4.36,vanilla,white floral,amber
women,4.36,green,vanilla,aromatic
women,4.36,amber,warm spicy,sweet
men,4.36,aromatic,warm spicy,sweet
unisex,4.36,smoky,amber,fresh spicy
unisex,4.36,woody,aromatic,amber
men,4.36,leather,fresh spicy,aromatic
unisex,4.36,leather,amber,warm spicy
men,4.36,aromatic,fresh spicy,woody
men,4.36,aromatic,woody,fruity
unisex,4.36,rose,green,fruity
men,4.36,woody,warm spicy,amber
women,4.36,oriental,floral,sweet
women,4.36,citrus,woody,green
men,4.36,warm spicy,woody,fruity
women,4.36,green,earthy,fruity
women,4.36,aromatic,citrus,green
unisex,4.36,vanilla,amber,woody
unisex,4.36,vanilla,powdery,leather
women,4.36,citrus,powdery,green
women,4.36,woody,citrus,white floral
women,4.36,fruity,white floral,sweet
men,4.36,woody,aromatic,fresh spicy
women,4.36,citrus,white floral,woody
unisex,4.36,leather,warm spicy,animalic
unisex,4.36,oud,fruity,leather
women,4.36,sweet,fruity,vanilla
women,4.36,sweet,patchouli,woody
unisex,4.36,woody,fresh spicy,powdery
women,4.36,warm spicy,cacao,sweet
men,4.36,amber,balsamic,warm spicy
women,4.36,floral,fruity,vanilla
men,4.36,woody,powdery,musky
women,4.36,balsamic,warm spicy,woody
unisex,4.36,fruity,sweet,woody
women,4.36,white floral,floral,powdery
men,4.36,warm spicy,woody,vanilla
men,4.36,amber,warm spicy,fresh spicy
men,4.36,oud,sweet,aromatic
men,4.36,warm spicy,tobacco,woody
men,4.36,amber,musky,woody
men,4.36,aromatic,woody,fresh spicy
men,4.36,aromatic,citrus,fresh spicy
unisex,4.36,rose,fresh spicy,woody
women,4.36,woody,white floral,warm spicy
unisex,4.36,amber,animalic,balsamic
unisex,4.36,woody,oud,warm spicy
unisex,4.36,fruity,vanilla,sweet
unisex,4.36,warm spicy,woody,amber
women,4.36,floral,white floral,patchouli
unisex,4.36,aromatic,fresh spicy,citrus
men,4.36,warm spicy,citrus,aromatic
women,4.36,fruity,vanilla,woody
men,4.36,citrus,white floral,patchouli
men,4.36,leather,animalic,woody
men,4.36,citrus,warm spicy,white floral
women,4.36,fruity,woody,sweet
men,4.36,warm spicy,aromatic,woody
men,4.36,aromatic,citrus,woody
women,4.36,warm spicy,powdery,floral
unisex,4.36,lavender,musky,powdery
men,4.36,amber,aromatic,warm spicy
unisex,4.36,amber,warm spicy,cacao
women,4.36,woody,amber,musky
men,4.36,vanilla,fresh,citrus
unisex,4.36,coconut,green,citrus
men,4.36,rose,powdery,violet
unisex,4.36,powdery,musky,citrus
unisex,4.36,citrus,aromatic,woody
men,4.36,amber,citrus,cinnamon
men,4.36,fruity,musky,woody
unisex,4.36,amber,musky,honey
unisex,4.36,musky,powdery,amber
unisex,4.36,citrus,vanilla,oud
women,4.36,fruity,amber,woody
unisex,4.36,warm spicy,rose,citrus
unisex,4.36,amber,warm spicy,woody
men,4.36,smoky,leather,oud
unisex,4.36,rose,oud,woody
men,4.36,fruity,woody,warm spicy
unisex,4.36,citrus,woody,aromatic
women,4.36,woody,honey,earthy
women,4.36,fruity,woody,floral
unisex,4.36,amber,woody,warm spicy
women,4.36,woody,warm spicy,white floral
men,4.36,fresh spicy,aromatic,woody
women,4.36,citrus,woody,patchouli
men,4.36,woody,amber,whiskey
women,4.36,white floral,musky,powdery
men,4.36,woody,earthy,musky
women,4.36,fruity,rose,citrus
unisex,4.36,leather,oud,rose
men,4.36,aromatic,woody,fresh spicy
women,4.36,fruity,floral,tropical
men,4.36,warm spicy,aromatic,fresh spicy
unisex,4.36,citrus,fruity,sweet
men,4.36,aromatic,woody,fresh spicy
unisex,4.36,aromatic,fresh spicy,citrus
unisex,4.36,citrus,powdery,violet
unisex,4.36,citrus,aromatic,fresh spicy
unisex,4.36,vanilla,woody,fresh spicy
men,4.36,warm spicy,citrus,leather
unisex,4.36,tropical,fruity,floral
men,4.36,woody,green,fresh
unisex,4.36,rose,fruity,woody
women,4.36,green,fresh,aromatic
men,4.36,amber,lavender,citrus
women,4.36,powdery,vanilla,almond
men,4.36,woody,oud,warm spicy
women,4.36,white floral,floral,amber
women,4.36,warm spicy,woody,powdery
women,4.36,powdery,woody,amber
women,4.36,citrus,vanilla,fruity
women,4.36,white floral,honey,sweet
women,4.36,powdery,lavender,woody
unisex,4.36,warm spicy,vanilla,amber
unisex,4.36,amber,warm spicy,cinnamon
women,4.36,woody,citrus,powdery
unisex,4.36,oud,animalic,amber
women,4.37,rose,warm spicy,woody
men,4.37,citrus,fruity,leather
men,4.37,warm spicy,musky,amber
men,4.37,citrus,lavender,woody
men,4.37,citrus,woody,fresh spicy
men,4.37,citrus,fresh spicy,musky
unisex,4.37,warm spicy,woody,amber
men,4.37,warm spicy,coca-cola,cacao
unisex,4.37,amber,warm spicy,woody
unisex,4.37,woody,musky,powdery
men,4.37,aromatic,fresh spicy,white floral
men,4.37,warm spicy,woody,amber
men,4.37,iris,aromatic,powdery
women,4.37,white floral,iris,powdery
unisex,4.37,amber,woody,balsamic
men,4.37,woody,white floral,aromatic
women,4.37,fruity,woody,sweet
women,4.37,floral,vanilla,sweet
women,4.37,sweet,vanilla,aromatic
women,4.37,floral,fresh spicy,rose
men,4.37,fresh spicy,floral,green
men,4.37,aromatic,fresh spicy,woody
women,4.37,vanilla,lavender,powdery
women,4.37,woody,citrus,fresh spicy
men,4.37,woody,warm spicy,amber
unisex,4.37,warm spicy,woody,leather
unisex,4.37,vanilla,nutty,woody
men,4.37,woody,powdery,iris
unisex,4.37,floral,lavender,white floral
women,4.37,citrus,white floral,vanilla
women,4.37,powdery,iris,warm spicy
women,4.37,aromatic,citrus,fresh spicy
men,4.37,woody,aromatic,citrus
women,4.37,citrus,vanilla,fruity
women,4.37,woody,fruity,powdery
women,4.37,citrus,musky,fresh spicy
men,4.37,vanilla,fruity,rose
men,4.37,woody,sweet,nutty
women,4.37,iris,vanilla,powdery
unisex,4.37,amber,white floral,leather
women,4.37,white floral,powdery,almond
men,4.37,aromatic,warm spicy,leather
women,4.37,citrus,white floral,fresh spicy
women,4.37,rose,patchouli,warm spicy
unisex,4.37,tobacco,warm spicy,woody
men,4.37,warm spicy,leather,vanilla
men,4.37,warm spicy,aromatic,citrus
men,4.37,warm spicy,aromatic,citrus
women,4.37,floral,warm spicy,fresh spicy
men,4.37,aromatic,fresh spicy,fresh
women,4.37,musky,floral,rose
men,4.37,citrus,warm spicy,fresh spicy
men,4.37,aromatic,fresh spicy,woody
unisex,4.37,woody,amber,warm spicy
unisex,4.37,amber,sweet,warm spicy
women,4.37,woody,amber,powdery
women,4.37,white floral,floral,powdery
women,4.37,fruity,citrus,green
unisex,4.37,citrus,aromatic,fresh spicy
women,4.37,green,floral,amber
women,4.37,citrus,yellow floral,powdery
unisex,4.37,aromatic,fresh spicy,woody
men,4.37,amber,citrus,white floral
women,4.37,sweet,citrus,white floral
women,4.37,sweet,vanilla,white floral
unisex,4.37,aromatic,lavender,vanilla
men,4.37,amber,smoky,woody
unisex,4.37,warm spicy,sweet,woody
men,4.37,citrus,fresh spicy,powdery
unisex,4.37,citrus,woody,aromatic
unisex,4.37,white floral,warm spicy,tuberose
men,4.37,aromatic,green,citrus
men,4.37,aromatic,citrus,fresh spicy
unisex,4.37,woody,amber,warm spicy
unisex,4.37,amber,woody,powdery
unisex,4.37,warm spicy,oud,fresh spicy
men,4.37,warm spicy,sweet,amber
women,4.37,lactonic,fruity,vanilla
women,4.37,vanilla,rose,white floral
women,4.37,floral,fruity,powdery
women,4.37,vanilla,sweet,powdery
unisex,4.37,amber,balsamic,powdery
men,4.37,green,warm spicy,woody
women,4.37,rose,fruity,woody
unisex,4.37,woody,amber,warm spicy
men,4.37,fruity,woody,fresh
men,4.37,citrus,aromatic,woody
men,4.37,amber,vanilla,aromatic
unisex,4.37,citrus,amber,woody
unisex,4.37,citrus,woody,aromatic
women,4.37,woody,powdery,citrus
unisex,4.37,sweet,citrus,vanilla
unisex,4.37,sweet,tobacco,honey
women,4.37,amber,warm spicy,woody
unisex,4.37,citrus,warm spicy,amber
unisex,4.37,fruity,citrus,woody
unisex,4.37,woody,patchouli,warm spicy
unisex,4.37,white floral,aromatic,green
women,4.37,powdery,musky,vanilla
women,4.37,woody,white floral,mossy
unisex,4.37,warm spicy,amber,vanilla
men,4.37,vanilla,citrus,woody
women,4.37,amber,woody,vanilla
men,4.37,woody,aromatic,fresh spicy
men,4.37,amber,warm spicy,oud
unisex,4.37,white floral,vanilla,tuberose
unisex,4.37,amber,woody,powdery
men,4.37,citrus,fresh spicy,woody
men,4.37,oud,amber,woody
unisex,4.37,musky,powdery,iris
women,4.37,citrus,aromatic,fresh spicy
unisex,4.37,marine,aromatic,aquatic
unisex,4.37,amber,animalic,vanilla
unisex,4.38,citrus,white floral,aromatic
men,4.38,amber,woody,citrus
unisex,4.38,woody,aromatic,fresh spicy
men,4.38,citrus,fresh spicy,woody
men,4.38,citrus,woody,aromatic
men,4.38,fresh spicy,amber,aromatic
unisex,4.38,woody,warm spicy,sweet
unisex,4.38,leather,warm spicy,woody
unisex,4.38,aromatic,citrus,floral
women,4.38,woody,white floral,yellow floral
unisex,4.38,amber,woody,warm spicy
men,4.38,aromatic,citrus,fresh spicy
unisex,4.38,rose,citrus,soft spicy
women,4.38,amber,warm spicy,woody
unisex,4.38,aromatic,fresh spicy,herbal
unisex,4.38,amber,citrus,sweet
men,4.38,aromatic,fresh spicy,woody
men,4.38,aromatic,fresh spicy,woody
men,4.38,amber,aromatic,woody
men,4.38,amber,citrus,woody
women,4.38,floral,fresh,green
unisex,4.38,vanilla,amber,sweet
unisex,4.38,amber,woody,balsamic
unisex,4.38,sweet,almond,amber
men,4.38,leather,warm spicy,woody
women,4.38,citrus,amber,vanilla
men,4.38,citrus,aromatic,green
unisex,4.38,woody,fresh spicy,amber
women,4.38,amber,tuberose,musky
men,4.38,green,citrus,fresh spicy
women,4.38,powdery,violet,musky
unisex,4.38,fruity,sweet,citrus
unisex,4.38,woody,leather,amber
men,4.38,warm spicy,rose,oud
women,4.38,white floral,tuberose,vanilla
women,4.38,sweet,fruity,leather
men,4.38,woody,warm spicy,amber
unisex,4.38,citrus,white floral,musky
men,4.38,citrus,green,aromatic
women,4.38,warm spicy,floral,woody
unisex,4.38,citrus,leather,warm spicy
women,4.38,citrus,green,powdery
women,4.38,fruity,floral,sweet
women,4.38,floral,sweet,fruity
unisex,4.38,woody,aromatic,citrus
women,4.38,powdery,sweet,fruity
women,4.38,white floral,woody,tuberose
men,4.38,fruity,citrus,aquatic
unisex,4.38,aromatic,white floral,fresh spicy
unisex,4.38,woody,powdery,amber
unisex,4.38,amber,patchouli,warm spicy
unisex,4.38,caramel,sweet,mossy
women,4.38,floral,woody,citrus
men,4.38,aromatic,fresh spicy,powdery
women,4.38,fruity,vanilla,sweet
women,4.38,musky,chocolate,sweet
men,4.38,oud,amber,aromatic
men,4.38,aromatic,woody,fresh spicy
men,4.38,citrus,sweet,fresh spicy
men,4.38,citrus,aromatic,fresh spicy
women,4.38,woody,citrus,earthy
women,4.38,floral,powdery,green
unisex,4.38,citrus,fresh spicy,aromatic
men,4.38,aromatic,woody,warm spicy
women,4.38,warm spicy,vanilla,cinnamon
unisex,4.38,warm spicy,fresh spicy,coca-cola
women,4.38,mossy,green,woody
women,4.38,citrus,woody,fresh spicy
men,4.38,fresh spicy,ozonic,powdery
men,4.38,green,citrus,fresh
men,4.38,amber,warm spicy,oud
unisex,4.38,vanilla,sweet,fruity
unisex,4.38,citrus,aromatic,woody
men,4.38,amber,citrus,leather
unisex,4.38,citrus,fresh spicy,rose
women,4.38,powdery,sweet,vanilla
women,4.38,powdery,woody,vanilla
women,4.38,rose,fruity,caramel
men,4.38,sweet,fruity,fresh spicy
unisex,4.38,aromatic,woody,fresh spicy
men,4.38,fruity,warm spicy,sweet
women,4.38,fruity,sweet,fresh spicy
unisex,4.38,citrus,woody,fresh
men,4.38,woody,green,amber
men,4.38,warm spicy,aromatic,vanilla
unisex,4.38,musky,oud,rose
women,4.38,white floral,fresh,floral
women,4.38,vanilla,powdery,sweet
unisex,4.38,warm spicy,oud,sweet
unisex,4.38,citrus,aromatic,sweet
men,4.38,woody,aromatic,fresh spicy
men,4.38,earthy,woody,mossy
women,4.38,vanilla,caramel,sweet
unisex,4.38,sweet,vanilla,woody
unisex,4.38,floral,green,aquatic
women,4.38,woody,fruity,mossy
women,4.38,fruity,sweet,woody
unisex,4.38,citrus,aromatic,herbal
unisex,4.38,fresh spicy,warm spicy,woody
women,4.38,white floral,citrus,
women,4.38,fruity,vanilla,citrus
men,4.38,citrus,aromatic,lavender
women,4.38,woody,floral,amber
women,4.38,musky,white floral,fruity
men,4.38,aromatic,fresh spicy,rose
men,4.38,citrus,aromatic,musky
women,4.38,aquatic,fruity,white floral
women,4.38,amber,rose,fresh spicy
unisex,4.38,aromatic,woody,fresh spicy
men,4.38,woody,aromatic,fresh spicy
unisex,4.38,citrus,floral,white floral
unisex,4.38,warm spicy,smoky,fruity
unisex,4.38,citrus,white floral,sweet
unisex,4.38,woody,warm spicy,amber
women,4.38,fruity,warm spicy,cherry
unisex,4.38,amber,woody,rose
unisex,4.38,vanilla,rum,white floral
women,4.39,woody,powdery,amber
women,4.39,sweet,gourmand,floral
unisex,4.39,leather,powdery,animalic
unisex,4.39,warm spicy,sweet,amber
women,4.39,woody,white floral,powdery
unisex,4.39,woody,citrus,powdery
men,4.39,vanilla,powdery,sweet
women,4.39,fresh spicy,rose,woody
unisex,4.39,warm spicy,aromatic,woody
women,4.39,cinnamon,warm spicy,amber
women,4.39,rose,woody,patchouli
men,4.39,woody,citrus,warm spicy
unisex,4.39,musky,vanilla,powdery
women,4.39,vanilla,woody,aromatic
women,4.39,citrus,vanilla,powdery
men,4.39,aromatic,woody,leather
women,4.39,woody,white floral,aldehydic
men,4.39,citrus,woody,mossy
men,4.39,aromatic,fresh spicy,woody
women,4.39,white floral,sweet,fruity
unisex,4.39,aromatic,warm spicy,green
men,4.39,aromatic,woody,green
unisex,4.39,sweet,warm spicy,vanilla
unisex,4.39,aromatic,warm spicy,fresh spicy
women,4.39,white floral,amber,woody
men,4.39,fresh spicy,amber,warm spicy
men,4.39,woody,aromatic,warm spicy
women,4.39,floral,fruity,powdery
men,4.39,amber,woody,aromatic
unisex,4.39,vanilla,patchouli,fresh spicy
men,4.39,vanilla,amber,woody
men,4.39,leather,citrus,amber
unisex,4.39,fresh spicy,warm spicy,woody
women,4.39,fruity,sweet,powdery
men,4.39,warm spicy,woody,amber
women,4.39,sweet,fruity,powdery
women,4.39,amber,white floral,vanilla
unisex,4.39,sweet,fruity,powdery
men,4.39,aromatic,citrus,woody
men,4.39,aromatic,woody,fresh spicy
men,4.39,leather,fruity,animalic
men,4.39,iris,warm spicy,aromatic
women,4.39,vanilla,coconut,white floral
women,4.39,woody,citrus,floral
women,4.39,woody,sweet,white floral
men,4.39,amber,vanilla,sweet
unisex,4.39,woody,powdery,leather
men,4.39,rose,woody,aromatic
unisex,4.39,amber,warm spicy,woody
unisex,4.39,amber,warm spicy,vanilla
unisex,4.39,white floral,tuberose,citrus
unisex,4.39,oud,rose,powdery
unisex,4.39,warm spicy,fresh spicy,woody
unisex,4.39,woody,warm spicy,rose
men,4.39,sweet,warm spicy,amber
men,4.39,mossy,woody,fruity
men,4.39,fresh spicy,aromatic,citrus
women,4.39,amber,woody,fresh spicy
men,4.39,warm spicy,woody,aromatic
women,4.39,woody,aromatic,yellow floral
men,4.39,citrus,oud,warm spicy
women,4.39,powdery,white floral,tuberose
women,4.39,musky,floral,powdery
women,4.39,citrus,sweet,tropical
unisex,4.39,woody,aromatic,fresh spicy
unisex,4.39,sweet,vanilla,woody
unisex,4.39,white floral,woody,musky
women,4.39,rose,floral,fresh
men,4.39,woody,warm spicy,soft spicy
men,4.39,sweet,amber,fruity
women,4.39,woody,anis,soft spicy
unisex,4.39,citrus,earthy,aromatic
unisex,4.39,warm spicy,sweet,coffee
men,4.39,woody,warm spicy,citrus
women,4.39,woody,powdery,citrus
women,4.39,floral,citrus,fresh
women,4.39,powdery,floral,woody
unisex,4.39,warm spicy,amber,cinnamon
unisex,4.39,leather,warm spicy,coffee
unisex,4.39,warm spicy,coffee,sweet
men,4.39,woody,warm spicy,powdery
women,4.39,floral,fresh,powdery
unisex,4.39,fruity,cacao,warm spicy
unisex,4.39,warm spicy,amber,cinnamon
unisex,4.39,floral,warm spicy,cacao
men,4.4,citrus,caramel,sweet
women,4.4,cacao,musky,warm spicy
unisex,4.4,powdery,white floral,violet
men,4.4,woody,oud,warm spicy
unisex,4.4,woody,sweet,warm spicy
unisex,4.4,aromatic,rose,oud
women,4.4,fruity,sweet,earthy
men,4.4,woody,citrus,aromatic
women,4.4,woody,iris,fresh spicy
women,4.4,amber,woody,warm spicy
unisex,4.4,patchouli,woody,warm spicy
unisex,4.4,green,citrus,fresh spicy
men,4.4,iris,warm spicy,aromatic
women,4.4,green,patchouli,white floral
men,4.4,amber,warm spicy,vanilla
women,4.4,floral,citrus,white floral
men,4.4,amber,sweet,warm spicy
women,4.4,amber,warm spicy,leather
women,4.4,warm spicy,cinnamon,vanilla
women,4.4,white floral,citrus,vanilla
women,4.4,vanilla,warm spicy,sweet
women,4.4,white floral,almond,vanilla
women,4.4,powdery,iris,green
women,4.4,warm spicy,aromatic,woody
men,4.4,woody,aromatic,fresh spicy
men,4.4,warm spicy,cinnamon,woody
men,4.4,vanilla,aromatic,warm spicy
men,4.4,citrus,fresh spicy,aromatic
unisex,4.4,citrus,amber,musky
men,4.4,soft spicy,anis,sweet
men,4.4,amber,oud,warm spicy
men,4.4,almond,woody,powdery
women,4.4,aromatic,fresh spicy,lavender
women,4.4,citrus,floral,musky
unisex,4.4,citrus,floral,fruity
men,4.4,woody,aromatic,fresh spicy
unisex,4.4,warm spicy,citrus,floral
men,4.4,aromatic,woody,earthy
women,4.4,citrus,white floral,amber
unisex,4.4,smoky,green,herbal
men,4.4,citrus,fruity,aquatic
women,4.4,floral,white floral,patchouli
men,4.4,citrus,woody,vanilla
women,4.4,floral,amber,warm spicy
women,4.4,amber,balsamic,sweet
men,4.4,citrus,fresh spicy,powdery
women,4.4,green,white floral,floral
unisex,4.4,woody,oud,aromatic
unisex,4.4,almond,sweet,citrus
unisex,4.4,white floral,citrus,green
men,4.4,amber,smoky,rose
unisex,4.4,aromatic,woody,green
unisex,4.4,woody,leather,aromatic
men,4.4,powdery,musky,woody
men,4.4,oud,musky,woody
unisex,4.4,white floral,green,amber
unisex,4.4,warm spicy,oud,floral
men,4.4,citrus,cinnamon,vanilla
men,4.4,fresh spicy,aromatic,citrus
unisex,4.4,woody,green,fruity
men,4.4,aromatic,warm spicy,fresh spicy
men,4.4,woody,warm spicy,aromatic
women,4.4,fruity,sweet,tropical
unisex,4.4,leather,floral,animalic
men,4.4,aromatic,warm spicy,lavender
women,4.4,citrus,green,fresh
unisex,4.4,woody,aromatic,amber
unisex,4.4,woody,aromatic,powdery
men,4.4,fresh spicy,aromatic,powdery
men,4.4,aromatic,woody,fresh spicy
women,4.4,almond,fruity,white floral
men,4.4,whiskey,woody,citrus
unisex,4.4,white floral,citrus,sweet
unisex,4.4,woody,amber,warm spicy
unisex,4.4,sweet,vanilla,almond
unisex,4.4,amber,warm spicy,balsamic
unisex,4.4,citrus,aromatic,white floral
men,4.4,aromatic,woody,earthy
unisex,4.4,sweet,fruity,tropical
women,4.4,woody,sweet,fruity
women,4.4,floral,white floral,warm spicy
women,4.4,aromatic,warm spicy,woody
women,4.4,cinnamon,warm spicy,vanilla
women,4.4,patchouli,vanilla,caramel
women,4.4,powdery,white floral,violet
women,4.4,fruity,violet,sweet
women,4.4,yellow floral,woody,white floral
women,4.4,amber,warm spicy,woody
unisex,4.4,floral,citrus,white floral
men,4.4,amber,aromatic,balsamic
men,4.4,citrus,musky,fresh
unisex,4.41,caramel,vanilla,sweet
unisex,4.41,sweet,rose,vanilla
women,4.41,fruity,woody,sweet
men,4.41,amber,aromatic,citrus
men,4.41,fresh spicy,warm spicy,amber
men,4.41,warm spicy,coffee,woody
men,4.41,warm spicy,amber,woody
men,4.41,aromatic,green,fresh spicy
women,4.41,amber,warm spicy,cinnamon
men,4.41,warm spicy,woody,fresh spicy
men,4.41,aromatic,fresh spicy,marine
men,4.41,aromatic,marine,fresh spicy
men,4.41,citrus,aromatic,floral
unisex,4.41,citrus,green,fresh spicy
women,4.41,woody,white floral,amber
unisex,4.41,warm spicy,woody,oud
unisex,4.41,amber,musky,woody
men,4.41,aromatic,woody,earthy
men,4.41,aromatic,green,woody
men,4.41,woody,warm spicy,amber
men,4.41,sweet,vanilla,citrus
women,4.41,vanilla,amber,warm spicy
women,4.41,amber,vanilla,balsamic
women,4.41,citrus,powdery,vanilla
men,4.41,fresh spicy,aromatic,citrus
men,4.41,citrus,woody,fresh spicy
men,4.41,aromatic,fruity,woody
men,4.41,citrus,woody,aromatic
women,4.41,woody,patchouli,sweet
unisex,4.41,vanilla,aromatic,sweet
women,4.41,amber,powdery,vanilla
unisex,4.41,rose,citrus,fruity
unisex,4.41,lavender,amber,vanilla
men,4.41,fresh spicy,citrus,amber
men,4.41,warm spicy,coffee,cinnamon
unisex,4.41,warm spicy,woody,floral
women,4.41,white floral,powdery,fruity
women,4.41,fruity,white floral,sweet
women,4.41,citrus,aromatic,fruity
men,4.41,sweet,vanilla,warm spicy
women,4.41,powdery,musky,vanilla
men,4.41,citrus,fruity,sweet
unisex,4.41,oud,citrus,fresh spicy
unisex,4.41,woody,warm spicy,aromatic
women,4.41,woody,aromatic,earthy
men,4.41,woody,aromatic,lavender
men,4.41,warm spicy,aromatic,woody
men,4.41,citrus,aromatic,woody
unisex,4.41,powdery,vanilla,floral
unisex,4.41,rose,woody,oud
unisex,4.41,woody,oud,powdery
men,4.41,woody,citrus,fresh spicy
men,4.41,warm spicy,cinnamon,sweet
women,4.41,warm spicy,woody,fruity
women,4.41,tropical,sweet,fruity
women,4.41,white floral,green,yellow floral
unisex,4.41,amber,rose,floral
unisex,4.41,woody,patchouli,citrus
unisex,4.41,woody,patchouli,sweet
unisex,4.41,citrus,coconut,sweet
men,4.41,citrus,aromatic,woody
men,4.41,citrus,aromatic,woody
unisex,4.41,oud,amber,woody
unisex,4.41,oud,amber,warm spicy
unisex,4.41,amber,warm spicy,woody
unisex,4.41,floral,fruity,sweet
men,4.41,citrus,fruity,sweet
unisex,4.41,aromatic,citrus,woody
women,4.41,white floral,citrus,woody
men,4.41,warm spicy,amber,woody
unisex,4.41,vanilla,sweet,powdery
unisex,4.41,fruity,leather,sweet
women,4.41,floral,amber,warm spicy
women,4.41,fresh spicy,warm spicy,floral
unisex,4.41,woody,aromatic,leather
women,4.41,white floral,aromatic,green
unisex,4.41,amber,fruity,woody
unisex,4.41,powdery,iris,woody
unisex,4.41,floral,sweet,citrus
women,4.41,aromatic,woody,citrus
unisex,4.41,leather,fruity,amber
men,4.41,sweet,amber,warm spicy
women,4.41,rose,floral,musky
men,4.41,amber,aromatic,woody
women,4.41,fruity,sweet,white floral
men,4.41,fruity,sweet,leather
women,4.41,iris,powdery,woody
men,4.41,warm spicy,fruity,aromatic
men,4.41,lavender,musky,citrus
unisex,4.41,citrus,powdery,warm spicy
men,4.41,woody,cinnamon,vanilla
unisex,4.41,powdery,woody,vanilla
women,4.41,sweet,fruity,powdery
women,4.41,amber,white floral,powdery
women,4.41,white floral,rose,yellow floral
women,4.41,fruity,sweet,amber
women,4.41,white floral,citrus,cacao
women,4.41,white floral,sweet,citrus
unisex,4.41,oud,musky,animalic
men,4.41,aromatic,woody,warm spicy
men,4.41,fruity,mossy,woody
unisex,4.41,vanilla,woody,powdery
women,4.42,vanilla,citrus,sweet
women,4.42,lavender,white floral,cherry
women,4.42,woody,floral,powdery
women,4.42,sweet,fruity,vanilla
unisex,4.42,amber,vanilla,aromatic
unisex,4.42,amber,vanilla,warm spicy
unisex,4.42,woody,rose,amber
unisex,4.42,woody,warm spicy,amber
men,4.42,citrus,amber,woody
men,4.42,iris,cacao,powdery
men,4.42,leather,woody,animalic
women,4.42,vanilla,warm spicy,patchouli
men,4.42,sweet,cherry,vanilla
women,4.42,amber,citrus,woody
women,4.42,vanilla,sweet,almond
men,4.42,woody,amber,rose
men,4.42,fresh spicy,citrus,vanilla
women,4.42,rose,warm spicy,vanilla
women,4.42,woody,yellow floral,floral
unisex,4.42,rose,floral,citrus
men,4.42,citrus,amber,aromatic
women,4.42,white floral,ozonic,aquatic
men,4.42,green,woody,aromatic
women,4.42,sweet,floral,lactonic
women,4.42,warm spicy,floral,woody
men,4.42,powdery,iris,woody
men,4.42,leather,fruity,sweet
unisex,4.42,vanilla,sweet,powdery
men,4.42,woody,citrus,amber
men,4.42,woody,aromatic,citrus
men,4.42,warm spicy,amber,woody
men,4.42,fruity,sweet,woody
men,4.42,woody,powdery,warm spicy
women,4.42,fruity,floral,fresh
unisex,4.42,woody,powdery,lavender
unisex,4.42,warm spicy,cinnamon,aromatic
women,4.42,floral,vanilla,citrus
men,4.42,citrus,mossy,earthy
men,4.42,citrus,aromatic,warm spicy
women,4.42,white floral,woody,sweet
women,4.42,aromatic,woody,leather
unisex,4.42,citrus,caramel,vanilla
women,4.42,woody,earthy,aromatic
unisex,4.42,woody,vanilla,powdery
unisex,4.42,oud,,
women,4.42,woody,amber,earthy
unisex,4.42,warm spicy,woody,sweet
unisex,4.42,warm spicy,amber,woody
unisex,4.42,warm spicy,woody,aromatic
unisex,4.42,sweet,fruity,woody
unisex,4.42,warm spicy,floral,rose
unisex,4.42,amber,cacao,oud
unisex,4.42,woody,sweet,musky
unisex,4.42,warm spicy,smoky,herbal
unisex,4.42,patchouli,woody,vanilla
men,4.42,aromatic,earthy,vanilla
women,4.42,powdery,sweet,vanilla
men,4.42,woody,warm spicy,amber
men,4.42,warm spicy,amber,citrus
unisex,4.42,citrus,fruity,sweet
women,4.42,fruity,woody,powdery
unisex,4.42,aromatic,herbal,green
unisex,4.42,oud,sweet,nutty
unisex,4.42,amber,vanilla,balsamic
women,4.42,fruity,citrus,sweet
unisex,4.42,amber,herbal,sweet
men,4.42,leather,rose,oud
men,4.42,citrus,aromatic,
unisex,4.42,fruity,sweet,woody
men,4.42,aromatic,fresh spicy,woody
women,4.42,green,yellow floral,white floral
women,4.42,white floral,fruity,sweet
unisex,4.42,amber,woody,smoky
unisex,4.42,aromatic,citrus,herbal
unisex,4.42,powdery,woody,warm spicy
unisex,4.42,woody,powdery,lactonic
unisex,4.42,warm spicy,sweet,vanilla
women,4.42,woody,white floral,earthy
women,4.42,floral,fruity,tropical
unisex,4.42,citrus,warm spicy,amber
women,4.42,floral,citrus,sweet
unisex,4.42,warm spicy,woody,leather
women,4.42,powdery,yellow floral,green
men,4.42,citrus,aromatic,fresh spicy
unisex,4.42,sweet,cherry,almond
unisex,4.42,smoky,amber,leather
women,4.42,fresh,floral,fruity
unisex,4.42,nutty,woody,warm spicy
unisex,4.42,rose,oud,warm spicy
women,4.43,sweet,fruity,powdery
men,4.43,fruity,woody,sweet
men,4.43,warm spicy,woody,leather
unisex,4.43,powdery,leather,musky
women,4.43,almond,fruity,sweet
men,4.43,warm spicy,woody,rose
men,4.43,woody,citrus,floral
women,4.43,earthy,floral,woody
men,4.43,warm spicy,aromatic,amber
men,4.43,amber,smoky,woody
unisex,4.43,white floral,floral,woody
men,4.43,citrus,aromatic,warm spicy
men,4.43,woody,amber,warm spicy
men,4.43,warm spicy,woody,amber
women,4.43,warm spicy,sweet,rose
men,4.43,citrus,almond,fresh spicy
women,4.43,violet,powdery,iris
women,4.43,floral,rose,vanilla
women,4.43,citrus,amber,woody
women,4.43,rose,leather,mossy
men,4.43,powdery,iris,beeswax
women,4.43,rose,soft spicy,anis
men,4.43,aromatic,vanilla,woody
women,4.43,fruity,sweet,patchouli
unisex,4.43,vanilla,aromatic,warm spicy
women,4.43,green,floral,white floral
unisex,4.43,citrus,woody,white floral
men,4.43,woody,warm spicy,aromatic
women,4.43,amber,floral,powdery
unisex,4.43,amber,warm spicy,vanilla
men,4.43,powdery,iris,violet
men,4.43,warm spicy,woody,cinnamon
unisex,4.43,warm spicy,amber,aromatic
men,4.43,warm spicy,sweet,vanilla
women,4.43,woody,fruity,floral
women,4.43,floral,vanilla,amber
unisex,4.43,woody,oud,animalic
men,4.43,fresh spicy,aromatic,citrus
men,4.43,woody,warm spicy,fresh spicy
women,4.43,floral,white floral,powdery
men,4.43,woody,citrus,aromatic
men,4.43,woody,warm spicy,aromatic
women,4.43,vanilla,sweet,powdery
women,4.43,citrus,floral,sweet
unisex,4.43,amber,ozonic,iris
unisex,4.43,vanilla,woody,sweet
women,4.43,rose,oud,woody
unisex,4.43,vanilla,nutty,woody
unisex,4.43,patchouli,amber,fresh spicy
men,4.43,amber,woody,warm spicy
women,4.43,warm spicy,woody,green
unisex,4.43,rose,smoky,woody
unisex,4.43,oud,warm spicy,woody
unisex,4.43,animalic,musky,woody
unisex,4.43,amber,woody,musky
unisex,4.43,aromatic,fresh spicy,woody
men,4.43,white floral,citrus,floral
women,4.43,rose,powdery,musky
unisex,4.43,woody,amber,oud
women,4.43,amber,vanilla,woody
men,4.43,vanilla,amber,aromatic
unisex,4.43,citrus,fresh spicy,lavender
unisex,4.43,amber,sweet,leather
men,4.43,warm spicy,fresh spicy,woody
men,4.43,fruity,fresh spicy,woody
unisex,4.43,oud,amber,woody
women,4.43,white floral,leather,aldehydic
unisex,4.43,animalic,warm spicy,amber
unisex,4.43,aromatic,woody,fresh spicy
unisex,4.43,amber,animalic,fresh spicy
men,4.43,floral,sweet,balsamic
unisex,4.43,vanilla,caramel,citrus
men,4.43,vanilla,sweet,woody
women,4.43,woody,powdery,yellow floral
women,4.43,citrus,aromatic,green
women,4.43,citrus,white floral,mossy
women,4.43,warm spicy,amber,woody
men,4.43,citrus,fresh spicy,woody
unisex,4.43,citrus,musky,sweet
unisex,4.44,woody,warm spicy,fresh spicy
women,4.44,powdery,vanilla,citrus
men,4.44,citrus,aromatic,warm spicy
men,4.44,citrus,fresh spicy,warm spicy
men,4.44,citrus,white floral,fresh spicy
women,4.44,fruity,green,aromatic
men,4.44,aromatic,warm spicy,aquatic
men,4.44,citrus,aromatic,white floral
women,4.44,woody,floral,yellow floral
unisex,4.44,woody,rose,powdery
unisex,4.44,woody,leather,smoky
men,4.44,woody,iris,whiskey
men,4.44,fresh,fresh spicy,aromatic
men,4.44,citrus,lavender,aromatic
men,4.44,citrus,rose,woody
men,4.44,woody,aromatic,fresh spicy
men,4.44,citrus,fresh spicy,aromatic
men,4.44,fruity,aromatic,woody
men,4.44,amber,fresh spicy,warm spicy
women,4.44,citrus,sweet,powdery
women,4.44,white floral,powdery,sweet
men,4.44,vanilla,fruity,sweet
women,4.44,white floral,vanilla,musky
men,4.44,warm spicy,woody,powdery
unisex,4.44,citrus,vanilla,amber
women,4.44,white floral,nutty,amber
men,4.44,woody,aromatic,earthy
unisex,4.44,woody,fresh spicy,amber
unisex,4.44,white floral,amber,vanilla
men,4.44,aromatic,warm spicy,lavender
men,4.44,cinnamon,warm spicy,woody
men,4.44,warm spicy,cinnamon,woody
men,4.44,woody,white floral,citrus
men,4.44,warm spicy,woody,citrus
women,4.44,green,warm spicy,floral
unisex,4.44,musky,sweet,honey
unisex,4.44,powdery,iris,musky
unisex,4.44,aromatic,woody,fresh spicy
men,4.44,musky,sweet,fruity
men,4.44,vanilla,woody,amber
unisex,4.44,oud,fresh spicy,warm spicy
men,4.44,leather,oud,tobacco
unisex,4.44,oud,amber,musky
unisex,4.44,green,woody,fresh spicy
unisex,4.44,sweet,vanilla,almond
men,4.44,warm spicy,sweet,leather
unisex,4.44,amber,leather,aromatic
men,4.44,tobacco,sweet,aromatic
men,4.44,ozonic,aquatic,amber
unisex,4.44,citrus,fresh spicy,aromatic
unisex,4.44,fresh spicy,ozonic,green
unisex,4.44,citrus,fresh spicy,fresh
unisex,4.44,amber,woody,animalic
unisex,4.44,white floral,woody,tuberose
unisex,4.44,amber,sweet,animalic
unisex,4.44,warm spicy,fruity,amber
unisex,4.44,fruity,woody,warm spicy
unisex,4.44,vanilla,powdery,rose
women,4.44,woody,white floral,vanilla
women,4.44,aromatic,powdery,musky
unisex,4.44,warm spicy,amber,rose
women,4.44,white floral,woody,yellow floral
unisex,4.44,citrus,floral,woody
unisex,4.44,vanilla,sweet,coconut
women,4.44,white floral,fruity,rose
men,4.44,woody,aromatic,fresh spicy
women,4.44,fresh spicy,aromatic,warm spicy
unisex,4.44,powdery,warm spicy,amber
men,4.44,sweet,caramel,woody
men,4.44,aromatic,green,fresh spicy
women,4.44,aromatic,citrus,amber
women,4.44,fruity,warm spicy,patchouli
men,4.45,oud,amber,woody
men,4.45,leather,oud,warm spicy
men,4.45,citrus,amber,musky
men,4.45,warm spicy,woody,aromatic
unisex,4.45,woody,tobacco,warm spicy
unisex,4.45,woody,sweet,yellow floral
women,4.45,amber,sweet,powdery
men,4.45,woody,aromatic,rose
women,4.45,woody,amber,sweet
unisex,4.45,fruity,leather,sweet
men,4.45,woody,musky,animalic
women,4.45,floral,fresh,powdery
men,4.45,citrus,vanilla,woody
men,4.45,warm spicy,cacao,woody
women,4.45,white floral,almond,sweet
men,4.45,aromatic,fresh spicy,woody
men,4.45,aromatic,vanilla,fresh spicy
men,4.45,woody,fruity,warm spicy
unisex,4.45,amber,woody,warm spicy
unisex,4.45,warm spicy,amber,woody
unisex,4.45,aromatic,fresh spicy,marine
men,4.45,fruity,whiskey,woody
women,4.45,amber,white floral,woody
women,4.45,yellow floral,woody,sweet
women,4.45,sweet,citrus,vanilla
men,4.45,tobacco,vanilla,warm spicy
women,4.45,powdery,rose,fresh spicy
men,4.45,leather,tobacco,oud
unisex,4.45,amber,aromatic,fresh spicy
women,4.45,white floral,fruity,citrus
women,4.45,vanilla,white floral,amber
unisex,4.45,patchouli,amber,vanilla
women,4.45,warm spicy,amber,animalic
unisex,4.45,oud,animalic,woody
women,4.45,musky,rose,powdery
men,4.45,amber,woody,aromatic
women,4.45,amber,mossy,floral
men,4.45,earthy,aromatic,almond
unisex,4.45,amber,woody,powdery
unisex,4.45,amber,aromatic,fresh spicy
unisex,4.45,woody,amber,aromatic
unisex,4.45,fruity,floral,sweet
unisex,4.45,fresh spicy,rose,amber
unisex,4.45,warm spicy,amber,cinnamon
unisex,4.45,animalic,woody,leather
unisex,4.45,soft spicy,woody,sweet
men,4.45,fruity,sweet,woody
unisex,4.45,warm spicy,cinnamon,aromatic
men,4.45,citrus,fresh spicy,aromatic
women,4.45,amber,warm spicy,oud
women,4.45,warm spicy,amber,citrus
unisex,4.45,amber,vanilla,musky
women,4.45,powdery,violet,woody
unisex,4.45,amber,balsamic,vanilla
unisex,4.45,powdery,woody,vanilla
men,4.45,aromatic,warm spicy,woody
women,4.45,honey,sweet,white floral
unisex,4.45,fruity,caramel,woody
unisex,4.45,woody,oud,aromatic
unisex,4.45,woody,citrus,vanilla
unisex,4.45,warm spicy,fruity,oud
unisex,4.45,green,rose,fresh
men,4.45,sweet,mossy,smoky
women,4.45,rose,floral,green
unisex,4.45,fruity,cherry,tropical
women,4.45,floral,green,yellow floral
women,4.45,white floral,rose,tuberose
men,4.45,amber,aromatic,woody
men,4.45,aromatic,musky,citrus
men,4.45,citrus,aromatic,woody
women,4.45,musky,floral,citrus
men,4.46,warm spicy,aromatic,woody
unisex,4.46,amber,woody,warm spicy
unisex,4.46,amber,warm spicy,aromatic
women,4.46,rose,oud,woody
men,4.46,woody,fresh spicy,aromatic
women,4.46,white floral,green,fresh
women,4.46,citrus,amber,woody
men,4.46,amber,vanilla,woody
women,4.46,sweet,vanilla,caramel
unisex,4.46,citrus,fruity,aromatic
women,4.46,citrus,white floral,powdery
men,4.46,sweet,honey,tobacco
women,4.46,sweet,vanilla,powdery
women,4.46,musky,amber,powdery
men,4.46,fresh spicy,citrus,aromatic
men,4.46,citrus,fresh,green
women,4.46,floral,oily,tropical
men,4.46,citrus,aldehydic,aromatic
men,4.46,woody,fresh spicy,aromatic
unisex,4.46,warm spicy,vanilla,fresh spicy
women,4.46,powdery,woody,vanilla
men,4.46,citrus,amber,green
men,4.46,vanilla,iris,powdery
women,4.46,fruity,amber,iris
men,4.46,vanilla,tobacco,sweet
unisex,4.46,woody,warm spicy,leather
men,4.46,citrus,fruity,aromatic
men,4.46,woody,vanilla,powdery
unisex,4.46,fruity,green,fresh
unisex,4.46,oud,amber,sweet
unisex,4.46,vanilla,amber,powdery
men,4.46,vanilla,warm spicy,aromatic
men,4.46,iris,fresh spicy,woody
women,4.46,sweet,fruity,caramel
unisex,4.46,woody,whiskey,warm spicy
women,4.46,white floral,powdery,honey
women,4.46,sweet,honey,vanilla
men,4.46,woody,aromatic,warm spicy
men,4.46,aromatic,citrus,woody
men,4.46,aromatic,fresh spicy,woody
unisex,4.46,amber,white floral,animalic
men,4.46,leather,citrus,woody
men,4.46,aromatic,white floral,musky
unisex,4.46,white floral,vanilla,sweet
women,4.46,white floral,woody,aromatic
women,4.46,woody,aromatic,warm spicy
unisex,4.46,citrus,musky,vanilla
women,4.46,green,citrus,aromatic
men,4.46,citrus,aromatic,fresh spicy
men,4.46,citrus,musky,powdery
unisex,4.46,fresh spicy,aromatic,floral
women,4.46,citrus,aromatic,woody
men,4.46,woody,aromatic,patchouli
women,4.46,warm spicy,oud,vanilla
men,4.47,vanilla,oud,amber
men,4.47,powdery,fresh spicy,violet
women,4.47,citrus,aldehydic,woody
men,4.47,warm spicy,aromatic,vanilla
women,4.47,coconut,white floral,citrus
women,4.47,powdery,woody,warm spicy
unisex,4.47,oud,rose,amber
men,4.47,aromatic,woody,fresh spicy
unisex,4.47,oud,amber,leather
women,4.47,musky,vanilla,powdery
women,4.47,floral,iris,amber
unisex,4.47,woody,warm spicy,vanilla
men,4.47,amber,fresh spicy,woody
women,4.47,caramel,fruity,floral
men,4.47,citrus,aromatic,woody
unisex,4.47,fruity,sweet,warm spicy
women,4.47,amber,fruity,sweet
men,4.47,powdery,leather,vanilla
unisex,4.47,woody,violet,citrus
men,4.47,amber,leather,vanilla
women,4.47,fruity,tropical,smoky
women,4.47,floral,patchouli,citrus
women,4.47,white floral,amber,warm spicy
men,4.47,citrus,warm spicy,fresh
unisex,4.47,woody,warm spicy,powdery
women,4.47,woody,aromatic,earthy
unisex,4.47,woody,aromatic,fresh spicy
men,4.47,aromatic,woody,fresh spicy
unisex,4.47,sweet,vanilla,citrus
unisex,4.47,ozonic,aquatic,fruity
unisex,4.47,citrus,oud,aromatic
unisex,4.47,aromatic,warm spicy,woody
women,4.47,white floral,vanilla,fruity
unisex,4.47,vanilla,citrus,coconut
women,4.47,fruity,sweet,floral
unisex,4.47,citrus,green,tropical
unisex,4.47,amber,warm spicy,citrus
unisex,4.47,aromatic,floral,woody
men,4.47,powdery,violet,woody
unisex,4.47,woody,warm spicy,powdery
unisex,4.47,amber,woody,aromatic
unisex,4.47,floral,powdery,violet
women,4.47,floral,rose,citrus
women,4.47,amber,warm spicy,leather
women,4.47,woody,warm spicy,powdery
unisex,4.47,citrus,tuberose,white floral
women,4.47,warm spicy,vanilla,cinnamon
unisex,4.47,fresh,tropical,fruity
unisex,4.47,floral,aquatic,white floral
unisex,4.47,fruity,woody,aromatic
women,4.47,floral,green,fresh spicy
men,4.47,iris,powdery,vanilla
unisex,4.47,citrus,warm spicy,woody
men,4.47,warm spicy,woody,aromatic
unisex,4.48,warm spicy,aromatic,amber
men,4.48,citrus,aromatic,fresh spicy
women,4.48,sweet,white floral,citrus
unisex,4.48,warm spicy,woody,oud
unisex,4.48,woody,citrus,aromatic
unisex,4.48,warm spicy,iris,powdery
women,4.48,citrus,aldehydic,woody
women,4.48,warm spicy,powdery,woody
women,4.48,floral,woody,yellow floral
unisex,4.48,woody,warm spicy,tobacco
men,4.48,woody,citrus,aromatic
men,4.48,amber,woody,fruity
unisex,4.48,iris,powdery,sweet
women,4.48,powdery,iris,amber
men,4.48,sweet,vanilla,leather
men,4.48,warm spicy,woody,cacao
women,4.48,citrus,amber,woody
women,4.48,rose,musky,fresh spicy
unisex,4.48,fruity,amber,sweet
unisex,4.48,sweet,amber,tobacco
women,4.48,white floral,citrus,vanilla
men,4.48,citrus,ozonic,fresh spicy
unisex,4.48,woody,vanilla,musky
men,4.48,aromatic,citrus,fresh spicy
unisex,4.48,warm spicy,sweet,vanilla
unisex,4.48,sweet,warm spicy,amber
unisex,4.48,warm spicy,rose,leather
women,4.48,sweet,fruity,caramel
women,4.48,amber,white floral,caramel
men,4.48,woody,warm spicy,amber
men,4.48,sweet,coconut,fruity
women,4.48,iris,powdery,citrus
men,4.48,vanilla,warm spicy,amber
men,4.48,warm spicy,iris,woody
unisex,4.48,citrus,woody,aromatic
unisex,4.48,amber,iris,floral
men,4.48,fresh spicy,citrus,woody
men,4.48,warm spicy,citrus,fresh spicy
unisex,4.48,woody,green,powdery
unisex,4.48,warm spicy,floral,musky
men,4.48,vanilla,fresh spicy,amber
unisex,4.48,citrus,fruity,musky
unisex,4.48,woody,sweet,rose
unisex,4.48,citrus,white floral,aromatic
unisex,4.48,amber,powdery,woody
unisex,4.48,warm spicy,cinnamon,vanilla
unisex,4.48,tropical,citrus,vanilla
unisex,4.48,floral,woody,sweet
unisex,4.48,citrus,woody,musky
unisex,4.48,citrus,woody,oud
unisex,4.48,aquatic,fresh,white floral
unisex,4.48,warm spicy,amber,cinnamon
unisex,4.48,woody,oud,fresh spicy
unisex,4.48,green,aldehydic,fresh
men,4.48,citrus,aromatic,woody
women,4.48,woody,earthy,citrus
men,4.48,citrus,aromatic,green
women,4.48,white floral,citrus,fresh
women,4.48,woody,amber,citrus
men,4.48,woody,warm spicy,aromatic
unisex,4.48,leather,animalic,smoky
unisex,4.48,woody,powdery,oud
unisex,4.48,amber,powdery,violet
men,4.48,woody,leather,amber
unisex,4.48,citrus,amber,woody
women,4.48,amber,warm spicy,balsamic
women,4.48,woody,citrus,aromatic
men,4.48,amber,woody,warm spicy
men,4.48,aromatic,citrus,warm spicy
women,4.48,woody,powdery,warm spicy
men,4.48,aromatic,fresh spicy,herbal
women,4.48,woody,amber,sweet
unisex,4.48,fruity,sweet,woody
men,4.48,warm spicy,fresh spicy,woody
unisex,4.48,woody,amber,patchouli
women,4.48,rose,violet,woody
women,4.48,white floral,floral,amber
unisex,4.48,aromatic,citrus,fresh spicy
unisex,4.48,warm spicy,amber,sweet
unisex,4.48,powdery,woody,leather
unisex,4.48,amber,woody,warm spicy
women,4.48,floral,rose,fresh
unisex,4.48,vanilla,powdery,woody
men,4.49,warm spicy,amber,tobacco
women,4.49,sweet,white floral,caramel
men,4.49,woody,aromatic,powdery
women,4.49,powdery,floral,violet
women,4.49,citrus,mossy,earthy
women,4.49,woody,green,amber
men,4.49,amber,vanilla,sweet
unisex,4.49,warm spicy,sweet,vanilla
unisex,4.49,fruity,fresh,citrus
women,4.49,white floral,amber,woody
women,4.49,white floral,woody,amber
women,4.49,sweet,fruity,patchouli
women,4.49,amber,vanilla,woody
women,4.49,woody,green,powdery
men,4.49,warm spicy,woody,fresh spicy
unisex,4.49,woody,fresh,amber
men,4.49,citrus,green,aromatic
unisex,4.49,leather,honey,animalic
men,4.49,warm spicy,amber,musky
women,4.49,aromatic,woody,green
women,4.49,floral,white floral,citrus
unisex,4.49,amber,warm spicy,woody
men,4.49,amber,aromatic,woody
unisex,4.49,coconut,sweet,fruity
women,4.49,citrus,green,leather
women,4.49,white floral,aromatic,fresh
women,4.49,white floral,woody,powdery
women,4.49,floral,sweet,woody
women,4.49,warm spicy,aldehydic,aromatic
unisex,4.49,vanilla,citrus,powdery
unisex,4.49,musky,powdery,white floral
unisex,4.49,sweet,vanilla,honey
men,4.49,fruity,woody,musky
men,4.49,vanilla,rose,caramel
unisex,4.49,woody,warm spicy,sweet
unisex,4.49,woody,amber,vanilla
unisex,4.49,woody,powdery,aromatic
men,4.49,vanilla,tobacco,sweet
unisex,4.49,woody,nutty,sweet
unisex,4.49,citrus,fresh spicy,aromatic
unisex,4.49,woody,oud,warm spicy
women,4.49,woody,mossy,amber
unisex,4.49,woody,oud,amber
unisex,4.49,citrus,woody,salty
women,4.49,citrus,musky,floral
women,4.49,woody,aromatic,earthy
unisex,4.49,amber,yellow floral,powdery
men,4.5,vanilla,amber,warm spicy
unisex,4.5,fresh spicy,caramel,sweet
unisex,4.5,woody,citrus,musky
women,4.5,coconut,sweet,marine
unisex,4.5,citrus,green,rose
men,4.5,aromatic,citrus,woody
men,4.5,iris,woody,powdery
men,4.5,fresh spicy,woody,lavender
men,4.5,citrus,aromatic,fresh spicy
women,4.5,citrus,woody,amber
men,4.5,citrus,woody,aromatic
men,4.5,aromatic,herbal,fresh spicy
men,4.5,amber,leather,warm spicy
men,4.5,woody,aromatic,anis
women,4.5,earthy,aromatic,green
unisex,4.5,woody,fruity,aromatic
men,4.5,aromatic,citrus,woody
women,4.5,white floral,amber,leather
women,4.5,citrus,green,aromatic
women,4.5,fruity,floral,sweet
men,4.5,fresh spicy,aromatic,amber
men,4.5,sweet,woody,patchouli
men,4.5,woody,lavender,floral
men,4.5,woody,aromatic,earthy
unisex,4.5,rose,amber,woody
unisex,4.5,rose,vanilla,citrus
unisex,4.5,warm spicy,woody,aromatic
unisex,4.5,amber,sweet,woody
unisex,4.5,rose,musky,floral
unisex,4.5,honey,oud,warm spicy
unisex,4.5,sweet,oud,vanilla
unisex,4.5,oud,vanilla,citrus
unisex,4.5,oud,fresh spicy,woody
women,4.5,vanilla,fresh spicy,rose
women,4.5,aromatic,floral,woody
women,4.5,sweet,tropical,fruity
women,4.5,amber,balsamic,warm spicy
men,4.5,woody,aromatic,fresh spicy
unisex,4.5,citrus,aromatic,woody
women,4.5,sweet,vanilla,patchouli
men,4.5,woody,musky,citrus
unisex,4.5,floral,amber,musky
men,4.5,woody,warm spicy,amber
unisex,4.5,warm spicy,fresh spicy,rose
unisex,4.5,amber,woody,warm spicy
unisex,4.5,citrus,white floral,fresh spicy
men,4.5,woody,earthy,patchouli
men,4.5,woody,tobacco,leather
unisex,4.5,aromatic,fresh spicy,vanilla
men,4.5,fruity,sweet,leather
men,4.5,warm spicy,coffee,aromatic
unisex,4.5,citrus,aromatic,
men,4.5,amber,vanilla,balsamic
women,4.5,woody,floral,powdery
unisex,4.5,cherry,warm spicy,vanilla
unisex,4.5,nutty,floral,citrus
men,4.5,fresh spicy,aromatic,warm spicy
women,4.5,sweet,rose,honey
women,4.5,powdery,iris,leather
unisex,4.5,amber,rose,vanilla
unisex,4.5,warm spicy,woody,fresh spicy
unisex,4.5,amber,warm spicy,vanilla
men,4.5,aromatic,woody,warm spicy
men,4.5,iris,aromatic,amber
men,4.5,amber,warm spicy,fresh spicy
unisex,4.51,woody,fruity,amber
women,4.51,floral,woody,white floral
men,4.51,vanilla,woody,balsamic
women,4.51,lavender,citrus,vanilla
women,4.51,vanilla,soft spicy,anis
unisex,4.51,amber,leather,white floral
women,4.51,rose,fruity,floral
women,4.51,sweet,fruity,white floral
men,4.51,iris,powdery,amber
unisex,4.51,amber,woody,warm spicy
unisex,4.51,amber,woody,leather
unisex,4.51,floral,fruity,almond
unisex,4.51,white floral,amber,honey
unisex,4.51,sweet,vanilla,honey
men,4.51,aromatic,woody,fresh spicy
women,4.51,woody,fresh spicy,powdery
men,4.51,vanilla,fresh,fruity
men,4.51,powdery,musky,iris
unisex,4.51,woody,aromatic,citrus
unisex,4.51,amber,oud,warm spicy
unisex,4.51,woody,aromatic,citrus
men,4.51,woody,aromatic,powdery
women,4.51,warm spicy,floral,woody
unisex,4.51,amber,vanilla,floral
men,4.51,woody,vanilla,
women,4.51,rose,floral,citrus
women,4.51,fruity,woody,fresh spicy
women,4.51,sweet,woody,nutty
women,4.51,vanilla,powdery,musky
men,4.51,sweet,tobacco,smoky
unisex,4.51,fresh spicy,fruity,sweet
women,4.51,amber,woody,warm spicy
women,4.51,woody,warm spicy,powdery
men,4.51,amber,woody,musky
women,4.51,citrus,vanilla,warm spicy
unisex,4.51,amber,woody,warm spicy
men,4.51,sweet,tobacco,honey
unisex,4.51,white floral,floral,green
unisex,4.51,amber,oud,fresh spicy
women,4.51,fruity,caramel,fresh
women,4.52,warm spicy,citrus,floral
unisex,4.52,amber,aromatic,woody
women,4.52,iris,powdery,amber
men,4.52,woody,fresh spicy,amber
women,4.52,amber,woody,white floral
women,4.52,white floral,sweet,woody
unisex,4.52,amber,woody,powdery
men,4.52,aromatic,floral,earthy
unisex,4.52,woody,aromatic,citrus
unisex,4.52,warm spicy,aromatic,woody
unisex,4.52,leather,amber,warm spicy
men,4.52,aromatic,tobacco,fruity
men,4.52,vanilla,lavender,aromatic
men,4.52,fresh spicy,aromatic,woody
women,4.52,fruity,musky,floral
unisex,4.52,rose,warm spicy,oud
unisex,4.52,citrus,lavender,fresh
men,4.52,amber,woody,warm spicy
unisex,4.52,aromatic,citrus,fresh spicy
unisex,4.52,amber,balsamic,vanilla
unisex,4.52,rose,powdery,iris
unisex,4.52,amber,warm spicy,woody
unisex,4.52,amber,tobacco,white floral
unisex,4.52,woody,aromatic,fresh spicy
men,4.52,aromatic,woody,earthy
women,4.52,white floral,rose,woody
women,4.52,white floral,citrus,amber
unisex,4.52,amber,vanilla,musky
unisex,4.52,woody,green,aromatic
women,4.52,woody,powdery,leather
men,4.52,woody,balsamic,vanilla
men,4.52,warm spicy,amber,woody
men,4.53,citrus,musky,amber
women,4.53,floral,fruity,white floral
women,4.53,citrus,white floral,fruity
men,4.53,citrus,musky,fresh spicy
women,4.53,vanilla,amber,patchouli
men,4.53,aromatic,woody,earthy
men,4.53,woody,fresh spicy,earthy
men,4.53,sweet,vanilla,woody
men,4.53,warm spicy,aromatic,woody
women,4.53,white floral,citrus,lavender
unisex,4.53,citrus,woody,amber
women,4.53,sweet,vanilla,floral
unisex,4.53,aromatic,fresh spicy,green
men,4.53,citrus,warm spicy,amber
unisex,4.53,vanilla,rum,woody
men,4.53,woody,citrus,earthy
men,4.53,vanilla,powdery,iris
unisex,4.53,woody,amber,warm spicy
men,4.53,woody,powdery,vanilla
unisex,4.53,woody,amber,oud
unisex,4.53,vanilla,amber,sweet
unisex,4.53,woody,powdery,aromatic
unisex,4.53,warm spicy,cinnamon,green
unisex,4.53,aromatic,woody,green
unisex,4.53,woody,leather,warm spicy
men,4.53,citrus,woody,amber
women,4.53,green,woody,aromatic
men,4.53,amber,lavender,woody
unisex,4.53,soft spicy,sweet,balsamic
unisex,4.53,citrus,white floral,floral
unisex,4.53,powdery,woody,fruity
men,4.53,woody,aromatic,fresh spicy
women,4.53,white floral,woody,fresh
men,4.53,citrus,green,warm spicy
men,4.54,amber,aromatic,honey
men,4.54,citrus,woody,aromatic
unisex,4.54,rose,floral,oud
unisex,4.54,rose,fresh spicy,oud
women,4.54,mossy,earthy,warm spicy
women,4.54,vanilla,amber,lavender
women,4.54,vanilla,warm spicy,rose
women,4.54,citrus,white floral,honey
unisex,4.54,warm spicy,cinnamon,aromatic
unisex,4.54,warm spicy,woody,amber
unisex,4.54,woody,amber,warm spicy
men,4.54,amber,aromatic,vanilla
men,4.54,warm spicy,woody,coffee
unisex,4.54,warm spicy,woody,fresh spicy
unisex,4.54,amber,woody,warm spicy
unisex,4.54,woody,warm spicy,amber
unisex,4.54,floral,musky,oud
unisex,4.54,amber,citrus,animalic
unisex,4.54,cherry,sweet,nutty
unisex,4.54,vanilla,caramel,sweet
unisex,4.54,musky,powdery,rose
unisex,4.54,citrus,fruity,fresh
unisex,4.54,woody,warm spicy,fresh spicy
unisex,4.54,woody,fresh spicy,caramel
unisex,4.54,citrus,musky,floral
women,4.54,warm spicy,aromatic,herbal
women,4.54,citrus,fresh,aquatic
unisex,4.54,warm spicy,amber,woody
men,4.55,citrus,fresh spicy,warm spicy
women,4.55,almond,woody,amber
men,4.55,iris,woody,leather
unisex,4.55,rose,citrus,amber
men,4.55,rose,oud,amber
unisex,4.55,rose,powdery,
unisex,4.55,rose,amber,tobacco
women,4.55,citrus,woody,amber
unisex,4.55,warm spicy,aromatic,woody
men,4.55,anis,soft spicy,powdery
men,4.55,citrus,amber,fresh
men,4.55,amber,woody,warm spicy
women,4.55,lavender,fresh spicy,woody
women,4.55,white floral,fruity,tuberose
unisex,4.55,sweet,vanilla,oud
women,4.55,woody,white floral,floral
unisex,4.55,white floral,woody,aromatic
unisex,4.55,white floral,green,fruity
unisex,4.55,woody,amber,musky
women,4.55,amber,sweet,powdery
women,4.55,woody,citrus,warm spicy
unisex,4.55,citrus,woody,aromatic
unisex,4.55,woody,warm spicy,powdery
unisex,4.55,fruity,sweet,powdery
unisex,4.55,aromatic,fresh spicy,woody
men,4.55,amber,tobacco,vanilla
women,4.55,green,powdery,violet
unisex,4.55,floral,sweet,powdery
unisex,4.55,woody,mossy,earthy
unisex,4.55,cherry,amber,sweet
women,4.55,woody,warm spicy,amber
unisex,4.55,warm spicy,woody,leather
women,4.55,woody,powdery,floral
men,4.55,citrus,woody,white floral
unisex,4.55,amber,animalic,citrus
women,4.55,vanilla,white floral,lavender
women,4.56,white floral,green,soft spicy
men,4.56,vanilla,leather,balsamic
unisex,4.56,rose,oud,powdery
women,4.56,floral,woody,powdery
women,4.56,citrus,vanilla,powdery
men,4.56,sweet,woody,coconut
men,4.56,vanilla,sweet,honey
women,4.56,citrus,patchouli,vanilla
unisex,4.56,woody,warm spicy,rose
men,4.56,warm spicy,vanilla,woody
men,4.56,warm spicy,aromatic,lavender
men,4.56,warm spicy,woody,aromatic
women,4.56,white floral,woody,patchouli
women,4.56,sweet,aldehydic,fruity
unisex,4.56,oud,,
unisex,4.56,oud,powdery,amber
men,4.56,amber,woody,powdery
unisex,4.56,woody,amber,leather
unisex,4.56,patchouli,aromatic,warm spicy
unisex,4.56,sweet,yellow floral,fruity
unisex,4.56,amber,warm spicy,woody
unisex,4.56,powdery,floral,violet
unisex,4.56,amber,white floral,woody
men,4.56,musky,powdery,animalic
unisex,4.56,warm spicy,amber,iris
unisex,4.56,warm spicy,rum,vanilla
men,4.56,aromatic,fresh spicy,mossy
men,4.56,woody,aromatic,fresh spicy
men,4.56,woody,amber,aromatic
men,4.57,warm spicy,amber,sweet
unisex,4.57,woody,fruity,warm spicy
women,4.57,white floral,woody,floral
women,4.57,amber,warm spicy,sweet
men,4.57,vanilla,sweet,amber
unisex,4.57,sweet,fruity,vanilla
unisex,4.57,vanilla,woody,earthy
unisex,4.57,rose,leather,warm spicy
unisex,4.57,sweet,oud,rose
men,4.57,aromatic,fresh spicy,amber
women,4.57,amber,warm spicy,woody
men,4.57,woody,warm spicy,earthy
unisex,4.57,citrus,vanilla,aromatic
men,4.57,warm spicy,aromatic,woody
women,4.57,woody,amber,citrus
men,4.57,vanilla,sweet,powdery
unisex,4.57,citrus,sweet,coconut
men,4.57,aromatic,citrus,earthy
men,4.57,marine,aromatic,citrus
men,4.57,aromatic,woody,fresh spicy
men,4.57,green,fresh spicy,lavender
unisex,4.57,vanilla,sweet,caramel
men,4.58,woody,vanilla,amber
women,4.58,woody,amber,floral
unisex,4.58,citrus,green,fresh spicy
unisex,4.58,amber,balsamic,warm spicy
unisex,4.58,white floral,amber,warm spicy
women,4.58,powdery,woody,yellow floral
unisex,4.58,amber,white floral,vanilla
men,4.58,green,citrus,aromatic
men,4.58,woody,aromatic,earthy
women,4.58,white floral,woody,vanilla
unisex,4.58,floral,musky,amber
unisex,4.58,warm spicy,cinnamon,sweet
unisex,4.58,sweet,vanilla,aromatic
unisex,4.58,citrus,lavender,fresh spicy
men,4.58,amber,musky,powdery
unisex,4.58,amber,woody,vanilla
unisex,4.58,woody,powdery,amber
unisex,4.58,woody,powdery,vanilla
unisex,4.58,powdery,iris,amber
women,4.58,fruity,sweet,citrus
men,4.58,aromatic,woody,fresh spicy
unisex,4.58,rose,powdery,fresh spicy
unisex,4.58,oud,floral,rose
men,4.58,woody,fresh spicy,aromatic
unisex,4.58,fruity,tropical,citrus
women,4.59,citrus,fruity,aromatic
men,4.59,vanilla,woody,warm spicy
unisex,4.59,fruity,sweet,powdery
men,4.59,citrus,amber,woody
men,4.59,citrus,aromatic,fresh spicy
unisex,4.59,fresh spicy,amber,woody
unisex,4.59,woody,warm spicy,sweet
unisex,4.59,musky,powdery,amber
men,4.59,iris,aromatic,citrus
unisex,4.59,white floral,sweet,tuberose
men,4.59,aromatic,woody,fresh spicy
women,4.59,warm spicy,amber,woody
women,4.59,floral,rose,warm spicy
unisex,4.59,rose,amber,musky
unisex,4.59,vanilla,rose,woody
unisex,4.59,amber,woody,warm spicy
unisex,4.59,floral,warm spicy,woody
men,4.59,woody,aromatic,leather
unisex,4.59,powdery,violet,woody
unisex,4.59,woody,fresh,green
women,4.6,citrus,warm spicy,powdery
men,4.6,warm spicy,vanilla,lavender
unisex,4.6,lavender,musky,herbal
men,4.6,amber,powdery,aromatic
women,4.6,rose,woody,patchouli
unisex,4.6,musky,floral,oud
men,4.6,woody,aromatic,fresh spicy
men,4.6,powdery,woody,warm spicy
unisex,4.6,animalic,rose,woody
women,4.6,citrus,woody,vanilla
unisex,4.6,amber,aromatic,woody
unisex,4.6,oud,,
unisex,4.6,fruity,fresh,tropical
men,4.6,warm spicy,whiskey,amber
unisex,4.6,citrus,vanilla,caramel
women,4.6,floral,rose,musky
unisex,4.6,citrus,aromatic,green
unisex,4.61,sweet,fruity,amber
women,4.61,white floral,leather,warm spicy
women,4.61,amber,green,floral
men,4.61,aromatic,vanilla,fresh spicy
unisex,4.61,amber,warm spicy,white floral
men,4.61,amber,woody,sweet
men,4.61,musky,warm spicy,citrus
unisex,4.61,woody,rose,oud
women,4.61,musky,powdery,amber
unisex,4.61,amber,woody,balsamic
men,4.61,vanilla,fresh spicy,powdery
unisex,4.61,warm spicy,vanilla,cherry
men,4.61,warm spicy,woody,amber
unisex,4.61,amber,warm spicy,woody
men,4.62,amber,fresh spicy,sweet
men,4.62,soft spicy,powdery,anis
women,4.62,fruity,floral,fresh
women,4.62,white floral,citrus,powdery
unisex,4.62,woody,vanilla,warm spicy
unisex,4.62,woody,patchouli,vanilla
unisex,4.62,white floral,tuberose,aromatic
unisex,4.62,warm spicy,sweet,tobacco
unisex,4.62,sweet,amber,vanilla
unisex,4.62,fruity,sweet,leather
unisex,4.62,floral,white floral,fruity
men,4.62,warm spicy,sweet,coffee
women,4.62,powdery,violet,iris
men,4.63,iris,earthy,aromatic
men,4.63,woody,green,aromatic
women,4.63,fruity,amber,citrus
women,4.63,powdery,white floral,sweet
women,4.63,vanilla,citrus,powdery
men,4.63,woody,aromatic,earthy
unisex,4.63,floral,sweet,powdery
women,4.63,powdery,vanilla,musky
unisex,4.63,warm spicy,white floral,woody
women,4.63,woody,amber,leather
women,4.64,warm spicy,aromatic,floral
women,4.64,ozonic,aquatic,sweet
women,4.64,amber,aromatic,white floral
men,4.64,iris,woody,musky
unisex,4.64,woody,warm spicy,cacao
women,4.64,citrus,earthy,woody
unisex,4.64,warm spicy,vanilla,woody
unisex,4.64,warm spicy,vanilla,aromatic
unisex,4.64,sweet,tobacco,honey
men,4.64,amber,citrus,white floral
women,4.64,woody,yellow floral,rose
unisex,4.64,oud,rose,warm spicy
unisex,4.65,lavender,citrus,fresh spicy
men,4.65,citrus,woody,amber
unisex,4.65,white floral,vanilla,sweet
unisex,4.65,citrus,amber,powdery
unisex,4.65,white floral,tuberose,musky
unisex,4.65,oud,warm spicy,fresh spicy
unisex,4.65,amber,woody,powdery
men,4.66,aromatic,fresh spicy,woody
women,4.66,aromatic,woody,green
unisex,4.66,vanilla,white floral,rose
unisex,4.66,woody,fruity,citrus
unisex,4.66,warm spicy,fresh spicy,woody
unisex,4.66,rose,amber,animalic
women,4.66,sweet,vanilla,coconut
unisex,4.66,powdery,woody,vanilla
unisex,4.66,amber,balsamic,warm spicy
unisex,4.66,woody,ozonic,citrus
women,4.67,powdery,violet,vanilla
unisex,4.67,green,white floral,fresh
unisex,4.67,citrus,rose,patchouli
men,4.67,citrus,fresh spicy,aromatic
unisex,4.67,woody,aromatic,amber
unisex,4.67,oud,amber,musky
men,4.68,sweet,vanilla,leather
men,4.68,vanilla,iris,powdery
unisex,4.68,citrus,aromatic,green
unisex,4.68,warm spicy,sweet,chocolate
unisex,4.68,musky,fresh spicy,woody
men,4.68,woody,whiskey,warm spicy
unisex,4.68,citrus,aromatic,vanilla
men,4.68,floral,amber,sweet
women,4.69,white floral,woody,powdery
women,4.69,woody,powdery,white floral
women,4.69,floral,iris,citrus
unisex,4.69,citrus,fresh spicy,oud
women,4.69,amber,citrus,woody
unisex,4.69,powdery,iris,musky
men,4.69,woody,fruity,sweet
men,4.69,aromatic,leather,woody
unisex,4.69,honey,leather,musky
women,4.69,amber,fresh,warm spicy
women,4.69,green,fresh spicy,aromatic
unisex,4.69,amber,smoky,woody
women,4.7,white floral,floral,woody
men,4.7,aromatic,vanilla,warm spicy
unisex,4.7,citrus,aromatic,woody
unisex,4.7,white floral,fruity,tuberose
unisex,4.7,oud,woody,fresh spicy
men,4.7,aromatic,woody,fresh spicy
men,4.7,amber,vanilla,citrus
unisex,4.7,amber,aromatic,woody
women,4.71,powdery,floral,aromatic
men,4.71,vanilla,aromatic,amber
women,4.71,aromatic,marine,herbal
women,4.71,rose,powdery,musky
unisex,4.71,sweet,vanilla,amber
men,4.71,woody,animalic,musky
women,4.71,amber,iris,leather
unisex,4.71,woody,fresh spicy,aromatic
women,4.72,powdery,vanilla,sweet
unisex,4.72,oud,white floral,amber
men,4.72,amber,warm spicy,woody
women,4.73,floral,white floral,tuberose
unisex,4.73,oud,rose,leather
men,4.73,warm spicy,vanilla,metallic
women,4.73,sweet,vanilla,warm spicy
women,4.74,woody,citrus,amber
unisex,4.74,warm spicy,citrus,fresh spicy
women,4.74,warm spicy,floral,powdery
unisex,4.74,green,musky,warm spicy
men,4.75,musky,ozonic,aquatic
men,4.75,warm spicy,vanilla,woody
men,4.76,vanilla,fresh spicy,amber
unisex,4.76,woody,iris,powdery
unisex,4.76,woody,citrus,aromatic
unisex,4.77,fresh spicy,warm spicy,citrus
men,4.77,vanilla,fruity,sweet
men,4.77,woody,vanilla,powdery
men,4.79,aromatic,woody,warm spicy
women,4.81,white floral,ozonic,fresh
unisex,4.81,rose,amber,fresh spicy
unisex,4.85,green,aromatic,citrus
unisex,4.86,fruity,sweet,oud
men,4.93,aromatic,woody,warm spicy
